#include "SportsLogosGenerated.h"

namespace {

const uint8_t bitmap_nhl_ana_layer_0[] PROGMEM = {
  0x00, 0x00, 0x00, 0x00, 0x00, 0x00, 0x00, 0x00, 0x03, 0x80, 0x01, 0xC0,
  0x01, 0xC6, 0x23, 0x80, 0x02, 0x91, 0x89, 0x40, 0x00, 0x00, 0x20, 0x00,
  0x09, 0x20, 0x04, 0x90, 0x08, 0x2C, 0x44, 0x10, 0x02, 0x01, 0x00, 0x40,
  0x02, 0x00, 0x00, 0x40, 0x0E, 0x12, 0x40, 0x70, 0x00, 0x01, 0x20, 0x00,
  0x00, 0x00, 0x00, 0x00, 0x02, 0x32, 0x04, 0x00, 0x00, 0x12, 0x54, 0x40,
  0x05, 0x09, 0x04, 0x40, 0x08, 0x10, 0x00, 0x00, 0x02, 0x84, 0x00, 0x80,
  0x08, 0x00, 0x08, 0x00, 0x02, 0x80, 0x00, 0x00, 0x00, 0x02, 0x48, 0x00,
  0x3F, 0xA0, 0x05, 0xFC, 0x1F, 0xC0, 0x03, 0xF8, 0x00, 0x15, 0xA0, 0x00,
  0x2F, 0x26, 0x64, 0xF4, 0x0F, 0x80, 0x01, 0xF0, 0x00, 0x00, 0x00, 0x00,
  0x00, 0x01, 0x80, 0x00, 0x00, 0x00, 0x00, 0x00, 0x00, 0x00, 0x00, 0x00,
  0x00, 0x00, 0x00, 0x00, 0x00, 0x00, 0x00, 0x00,
};

const uint8_t bitmap_nhl_ana_layer_1[] PROGMEM = {
  0x00, 0x00, 0x00, 0x00, 0x00, 0x00, 0x00, 0x00, 0x00, 0x00, 0x00, 0x00,
  0x02, 0x01, 0xC0, 0x40, 0x01, 0x48, 0x52, 0x80, 0x01, 0x80, 0x01, 0x80,
  0x06, 0xC0, 0x13, 0x60, 0x10, 0x10, 0x08, 0x08, 0x11, 0x30, 0x08, 0x88,
  0x08, 0x10, 0x00, 0x10, 0x00, 0x00, 0x20, 0x00, 0x06, 0x10, 0x84, 0x60,
  0x00, 0x16, 0x84, 0x00, 0x00, 0x09, 0x80, 0x40, 0x04, 0x20, 0x00, 0x00,
  0x08, 0xA0, 0x00, 0x00, 0x10, 0x20, 0x04, 0x00, 0x0D, 0x00, 0x04, 0x00,
  0x07, 0x00, 0x01, 0x00, 0x01, 0x10, 0x00, 0x00, 0x00, 0x14, 0x20, 0x00,
  0x00, 0x50, 0x0A, 0x00, 0x20, 0x3E, 0x7C, 0x04, 0x30, 0xE0, 0x07, 0x0C,
  0x10, 0xC0, 0x03, 0x08, 0x00, 0x02, 0x40, 0x00, 0x00, 0x01, 0x80, 0x00,
  0x00, 0x00, 0x00, 0x00, 0x00, 0x00, 0x00, 0x00, 0x00, 0x00, 0x00, 0x00,
  0x00, 0x00, 0x00, 0x00, 0x00, 0x00, 0x00, 0x00,
};

const uint8_t bitmap_nhl_ana_layer_2[] PROGMEM = {
  0x00, 0x00, 0x00, 0x00, 0x00, 0x00, 0x00, 0x00, 0x00, 0x00, 0x00, 0x00,
  0x00, 0x00, 0x00, 0x00, 0x00, 0x06, 0x20, 0x00, 0x00, 0x3C, 0x1C, 0x00,
  0x00, 0x18, 0x08, 0x00, 0x00, 0xC0, 0x03, 0x00, 0x00, 0xC0, 0x07, 0x00,
  0x01, 0xE0, 0x07, 0x80, 0x01, 0xE0, 0x07, 0x80, 0x01, 0xE0, 0x43, 0x80,
  0x03, 0xE9, 0x43, 0xC0, 0x01, 0xC0, 0x03, 0x80, 0x03, 0xC0, 0x03, 0x80,
  0x00, 0x40, 0x03, 0x80, 0x00, 0x00, 0x03, 0x80, 0x00, 0x00, 0x03, 0x00,
  0x00, 0xC0, 0x06, 0x00, 0x00, 0x60, 0x0E, 0x00, 0x00, 0x28, 0x14, 0x00,
  0x00, 0x0F, 0xF0, 0x00, 0x00, 0x01, 0x80, 0x00, 0x00, 0x00, 0x00, 0x00,
  0x00, 0x00, 0x00, 0x00, 0x00, 0x00, 0x00, 0x00, 0x00, 0x00, 0x00, 0x00,
  0x00, 0x00, 0x00, 0x00, 0x00, 0x00, 0x00, 0x00, 0x00, 0x00, 0x00, 0x00,
  0x00, 0x00, 0x00, 0x00, 0x00, 0x00, 0x00, 0x00,
};

const uint8_t bitmap_nhl_ana_layer_3[] PROGMEM = {
  0x00, 0x00, 0x00, 0x00, 0x00, 0x00, 0x00, 0x00, 0x04, 0x00, 0x00, 0x20,
  0x04, 0x00, 0x00, 0x20, 0x00, 0x20, 0x04, 0x00, 0x00, 0x42, 0x02, 0x00,
  0x00, 0x03, 0x40, 0x00, 0x27, 0x00, 0x10, 0xE4, 0x0C, 0x04, 0x80, 0x30,
  0x14, 0x0E, 0x08, 0x28, 0x00, 0x0C, 0x90, 0x00, 0x00, 0x00, 0x00, 0x00,
  0x04, 0x00, 0x00, 0x20, 0x00, 0x04, 0x50, 0x00, 0x08, 0x08, 0x08, 0x00,
  0x12, 0x04, 0x40, 0x00, 0x02, 0x45, 0x80, 0x40, 0x10, 0x18, 0xF0, 0x00,
  0x00, 0x23, 0x30, 0x00, 0x00, 0x08, 0x11, 0x00, 0x00, 0x41, 0x82, 0x00,
  0x40, 0x00, 0x00, 0x02, 0x40, 0x00, 0x00, 0x02, 0x01, 0x0A, 0x58, 0x80,
  0x00, 0x01, 0x80, 0x00, 0x10, 0x41, 0x82, 0x08, 0x00, 0x02, 0x40, 0x00,
  0x00, 0x00, 0x00, 0x00, 0x00, 0x00, 0x00, 0x00, 0x00, 0x00, 0x00, 0x00,
  0x00, 0x00, 0x00, 0x00, 0x00, 0x00, 0x00, 0x00,
};

const uint8_t bitmap_nhl_ana_layer_4[] PROGMEM = {
  0x00, 0x00, 0x00, 0x00, 0x00, 0x00, 0x00, 0x00, 0x00, 0x00, 0x00, 0x00,
  0x00, 0x08, 0x10, 0x00, 0x00, 0x00, 0x00, 0x00, 0x02, 0x01, 0xC0, 0x40,
  0x10, 0x04, 0xA0, 0x08, 0x00, 0x03, 0xA0, 0x00, 0x20, 0x0A, 0x70, 0x04,
  0x00, 0x01, 0xF0, 0x00, 0x00, 0x01, 0x08, 0x00, 0x08, 0x0E, 0x18, 0x10,
  0x00, 0x00, 0x38, 0x00, 0x00, 0x00, 0x28, 0x00, 0x00, 0x05, 0xA0, 0x00,
  0x00, 0x12, 0xB8, 0x00, 0x05, 0x8A, 0x78, 0x00, 0x00, 0x63, 0x08, 0x00,
  0x00, 0x1C, 0xC0, 0x80, 0x04, 0x07, 0xE0, 0x00, 0x00, 0x00, 0x00, 0x00,
  0x00, 0x00, 0x00, 0x00, 0x00, 0x00, 0x00, 0x00, 0x0E, 0x00, 0x00, 0x70,
  0x00, 0x00, 0x00, 0x00, 0x00, 0x04, 0x20, 0x00, 0x00, 0x00, 0x00, 0x00,
  0x00, 0x00, 0x00, 0x00, 0x00, 0x01, 0x80, 0x00, 0x00, 0x00, 0x00, 0x00,
  0x00, 0x00, 0x00, 0x00, 0x00, 0x00, 0x00, 0x00,
};

const SportsLogoLayerDef layers_nhl_ana[] = {
  { bitmap_nhl_ana_layer_0, 156, 142, 133 },
  { bitmap_nhl_ana_layer_1, 123, 88, 73 },
  { bitmap_nhl_ana_layer_2, 36, 30, 29 },
  { bitmap_nhl_ana_layer_3, 204, 195, 185 },
  { bitmap_nhl_ana_layer_4, 255, 255, 255 },
};

const uint8_t bitmap_nhl_bos_layer_0[] PROGMEM = {
  0x00, 0x00, 0x00, 0x00, 0x00, 0x1F, 0xF8, 0x00, 0x00, 0x7F, 0xFE, 0x00,
  0x01, 0xF0, 0x0F, 0x80, 0x03, 0xC0, 0x03, 0xC0, 0x07, 0x00, 0x00, 0xE0,
  0x0E, 0x00, 0x00, 0x70, 0x1C, 0x00, 0x00, 0x38, 0x18, 0x00, 0x00, 0x18,
  0x38, 0x3F, 0xF8, 0x1C, 0x30, 0x1F, 0xFC, 0x0C, 0x70, 0x18, 0x1C, 0x0E,
  0x60, 0x18, 0x0C, 0x06, 0x60, 0x18, 0x0C, 0x06, 0x60, 0x18, 0x1C, 0x06,
  0x60, 0x1F, 0xF8, 0x06, 0x60, 0x1F, 0xF8, 0x06, 0x60, 0x18, 0x1C, 0x06,
  0x60, 0x18, 0x0C, 0x06, 0x60, 0x18, 0x0C, 0x06, 0x70, 0x18, 0x1C, 0x0E,
  0x30, 0x1F, 0xFC, 0x0C, 0x38, 0x3F, 0xF8, 0x1C, 0x18, 0x00, 0x00, 0x18,
  0x1C, 0x00, 0x00, 0x38, 0x0E, 0x00, 0x00, 0x70, 0x07, 0x00, 0x00, 0xE0,
  0x03, 0xC0, 0x03, 0xC0, 0x01, 0xF0, 0x0F, 0x80, 0x00, 0x7F, 0xFE, 0x00,
  0x00, 0x1F, 0xF8, 0x00, 0x00, 0x00, 0x00, 0x00,
};

const uint8_t bitmap_nhl_bos_layer_1[] PROGMEM = {
  0x00, 0x00, 0x00, 0x00, 0x00, 0x00, 0x00, 0x00, 0x00, 0x00, 0x00, 0x00,
  0x00, 0x00, 0x00, 0x00, 0x00, 0x0E, 0x70, 0x00, 0x00, 0x3C, 0x3C, 0x00,
  0x00, 0xFE, 0x7F, 0x00, 0x00, 0x00, 0x04, 0x00, 0x00, 0x00, 0x00, 0x00,
  0x02, 0x00, 0x00, 0x40, 0x07, 0x00, 0x00, 0xE0, 0x07, 0x80, 0x00, 0xE0,
  0x0F, 0xC1, 0xC0, 0xF0, 0x0F, 0xC0, 0x01, 0xF0, 0x0F, 0x80, 0x00, 0xF0,
  0x00, 0x00, 0x00, 0x00, 0x00, 0x00, 0x00, 0x00, 0x0F, 0x80, 0x00, 0xF0,
  0x0F, 0xC0, 0x01, 0xF0, 0x0F, 0xC1, 0xC0, 0xF0, 0x07, 0x80, 0x00, 0xE0,
  0x07, 0x80, 0x00, 0xE0, 0x02, 0x00, 0x00, 0x40, 0x00, 0x00, 0x00, 0x00,
  0x00, 0x00, 0x04, 0x00, 0x00, 0xFE, 0x7F, 0x00, 0x00, 0x3C, 0x3C, 0x00,
  0x00, 0x0E, 0x70, 0x00, 0x00, 0x00, 0x00, 0x00, 0x00, 0x00, 0x00, 0x00,
  0x00, 0x00, 0x00, 0x00, 0x00, 0x00, 0x00, 0x00,
};

const uint8_t bitmap_nhl_bos_layer_2[] PROGMEM = {
  0x00, 0x00, 0x00, 0x00, 0x00, 0x00, 0x00, 0x00, 0x00, 0x00, 0x00, 0x00,
  0x00, 0x01, 0x80, 0x00, 0x00, 0x01, 0x80, 0x00, 0x00, 0x01, 0x80, 0x00,
  0x00, 0x01, 0x80, 0x00, 0x01, 0xFF, 0xF1, 0x80, 0x01, 0xC0, 0x0B, 0x80,
  0x00, 0xC0, 0x07, 0x00, 0x00, 0x40, 0x02, 0x00, 0x00, 0x23, 0xE2, 0x00,
  0x00, 0x20, 0x22, 0x00, 0x00, 0x22, 0x22, 0x00, 0x00, 0x23, 0xC2, 0x00,
  0x1F, 0xE0, 0x07, 0xF8, 0x1F, 0xE0, 0x07, 0xF8, 0x00, 0x23, 0xC2, 0x00,
  0x00, 0x22, 0x22, 0x00, 0x00, 0x20, 0x22, 0x00, 0x00, 0x23, 0xE2, 0x00,
  0x00, 0x40, 0x02, 0x00, 0x00, 0xC0, 0x07, 0x00, 0x01, 0xC0, 0x0B, 0x80,
  0x01, 0xFF, 0xF1, 0x80, 0x00, 0x01, 0x80, 0x00, 0x00, 0x01, 0x80, 0x00,
  0x00, 0x01, 0x80, 0x00, 0x00, 0x01, 0x80, 0x00, 0x00, 0x00, 0x00, 0x00,
  0x00, 0x00, 0x00, 0x00, 0x00, 0x00, 0x00, 0x00,
};

const uint8_t bitmap_nhl_bos_layer_3[] PROGMEM = {
  0x00, 0x00, 0x00, 0x00, 0x00, 0x00, 0x00, 0x00, 0x00, 0x00, 0x00, 0x00,
  0x00, 0x0C, 0x30, 0x00, 0x00, 0x20, 0x04, 0x00, 0x00, 0x80, 0x01, 0x00,
  0x01, 0x00, 0x00, 0x80, 0x02, 0x00, 0x00, 0x40, 0x04, 0x3F, 0xF0, 0x20,
  0x00, 0x00, 0x00, 0x00, 0x08, 0x20, 0x00, 0x10, 0x00, 0x04, 0x00, 0x00,
  0x10, 0x04, 0x10, 0x08, 0x10, 0x04, 0x10, 0x08, 0x00, 0x04, 0x20, 0x00,
  0x00, 0x00, 0x00, 0x00, 0x00, 0x00, 0x00, 0x00, 0x00, 0x04, 0x20, 0x00,
  0x10, 0x04, 0x10, 0x08, 0x10, 0x04, 0x10, 0x08, 0x00, 0x04, 0x00, 0x00,
  0x08, 0x20, 0x00, 0x10, 0x00, 0x00, 0x00, 0x00, 0x04, 0x3F, 0xF0, 0x20,
  0x02, 0x00, 0x00, 0x40, 0x01, 0x00, 0x00, 0x80, 0x00, 0x80, 0x01, 0x00,
  0x00, 0x20, 0x04, 0x00, 0x00, 0x0C, 0x30, 0x00, 0x00, 0x00, 0x00, 0x00,
  0x00, 0x00, 0x00, 0x00, 0x00, 0x00, 0x00, 0x00,
};

const uint8_t bitmap_nhl_bos_layer_4[] PROGMEM = {
  0x00, 0x00, 0x00, 0x00, 0x00, 0x00, 0x00, 0x00, 0x00, 0x00, 0x00, 0x00,
  0x00, 0x02, 0x40, 0x00, 0x00, 0x10, 0x08, 0x00, 0x00, 0x42, 0x42, 0x00,
  0x00, 0x00, 0x00, 0x00, 0x00, 0x00, 0x0A, 0x00, 0x02, 0x00, 0x04, 0x40,
  0x05, 0x00, 0x00, 0xA0, 0x00, 0x80, 0x01, 0x00, 0x08, 0x40, 0x01, 0x10,
  0x00, 0x02, 0x01, 0x00, 0x00, 0x01, 0xC0, 0x00, 0x10, 0x40, 0x01, 0x08,
  0x00, 0x00, 0x00, 0x00, 0x00, 0x00, 0x00, 0x00, 0x10, 0x40, 0x01, 0x08,
  0x00, 0x01, 0xC0, 0x00, 0x00, 0x02, 0x01, 0x00, 0x08, 0x40, 0x01, 0x10,
  0x00, 0x00, 0x01, 0x00, 0x05, 0x00, 0x00, 0xA0, 0x02, 0x00, 0x04, 0x40,
  0x00, 0x00, 0x0A, 0x00, 0x00, 0x00, 0x00, 0x00, 0x00, 0x42, 0x42, 0x00,
  0x00, 0x10, 0x08, 0x00, 0x00, 0x02, 0x40, 0x00, 0x00, 0x00, 0x00, 0x00,
  0x00, 0x00, 0x00, 0x00, 0x00, 0x00, 0x00, 0x00,
};

const SportsLogoLayerDef layers_nhl_bos[] = {
  { bitmap_nhl_bos_layer_0, 32, 29, 31 },
  { bitmap_nhl_bos_layer_1, 255, 255, 255 },
  { bitmap_nhl_bos_layer_2, 237, 180, 41 },
  { bitmap_nhl_bos_layer_3, 116, 98, 64 },
  { bitmap_nhl_bos_layer_4, 238, 229, 202 },
};

const uint8_t bitmap_nhl_buf_layer_0[] PROGMEM = {
  0x00, 0x00, 0x00, 0x00, 0x00, 0x00, 0x00, 0x00, 0x00, 0x03, 0xC0, 0x00,
  0x00, 0x30, 0x5C, 0x00, 0x00, 0x40, 0x00, 0x00, 0x01, 0x80, 0x01, 0x80,
  0x02, 0x00, 0x00, 0x40, 0x04, 0x00, 0x00, 0x20, 0x04, 0x80, 0x01, 0x20,
  0x0C, 0x00, 0x00, 0x70, 0x14, 0x00, 0x00, 0x28, 0x12, 0x00, 0x40, 0x08,
  0x19, 0x02, 0x7C, 0x98, 0x1C, 0xC0, 0x1F, 0x38, 0x3E, 0x78, 0x00, 0x7C,
  0x3F, 0x1F, 0x88, 0xFC, 0x3F, 0x8E, 0x31, 0xFC, 0x3F, 0xC7, 0xE3, 0xFC,
  0x1F, 0xF3, 0xCF, 0xF8, 0x1F, 0xF8, 0x1F, 0xF8, 0x1F, 0xFC, 0x3F, 0xF8,
  0x1F, 0xF0, 0x0F, 0xF8, 0x0F, 0xF1, 0x8F, 0xF0, 0x07, 0xE3, 0xC7, 0xE0,
  0x07, 0x83, 0xC1, 0xE0, 0x02, 0x13, 0xC8, 0x40, 0x00, 0x07, 0xE0, 0x00,
  0x00, 0x8F, 0xF1, 0x00, 0x00, 0x3F, 0xFC, 0x00, 0x00, 0x03, 0xC0, 0x00,
  0x00, 0x00, 0x00, 0x00, 0x00, 0x00, 0x00, 0x00,
};

const uint8_t bitmap_nhl_buf_layer_1[] PROGMEM = {
  0x00, 0x00, 0x00, 0x00, 0x00, 0x00, 0x00, 0x00, 0x00, 0x00, 0x00, 0x00,
  0x00, 0x00, 0x00, 0x00, 0x00, 0x1F, 0xC0, 0x00, 0x00, 0x3F, 0xF0, 0x00,
  0x00, 0x7F, 0xFE, 0x00, 0x00, 0x7F, 0xFE, 0x80, 0x03, 0x7F, 0xFE, 0x00,
  0x03, 0xFF, 0xFF, 0x00, 0x01, 0x7F, 0xFC, 0x80, 0x04, 0xEF, 0x82, 0x20,
  0x02, 0xE5, 0x80, 0x40, 0x01, 0x0C, 0x80, 0x80, 0x00, 0x80, 0x01, 0x00,
  0x00, 0x40, 0x02, 0x00, 0x00, 0x20, 0x04, 0x00, 0x00, 0x10, 0x08, 0x00,
  0x00, 0x0C, 0x30, 0x00, 0x00, 0x02, 0x40, 0x00, 0x00, 0x01, 0x80, 0x00,
  0x00, 0x01, 0x80, 0x00, 0x00, 0x06, 0x60, 0x00, 0x00, 0x00, 0x00, 0x00,
  0x00, 0x00, 0x00, 0x00, 0x00, 0x00, 0x00, 0x00, 0x00, 0x00, 0x00, 0x00,
  0x00, 0x00, 0x00, 0x00, 0x00, 0x00, 0x00, 0x00, 0x00, 0x00, 0x00, 0x00,
  0x00, 0x00, 0x00, 0x00, 0x00, 0x00, 0x00, 0x00,
};

const uint8_t bitmap_nhl_buf_layer_2[] PROGMEM = {
  0x00, 0x00, 0x00, 0x00, 0x00, 0x1F, 0xF8, 0x00, 0x00, 0x70, 0x0E, 0x00,
  0x01, 0x80, 0x01, 0x80, 0x03, 0x00, 0x00, 0xC0, 0x06, 0x00, 0x00, 0x60,
  0x0C, 0x00, 0x00, 0x30, 0x18, 0x00, 0x00, 0x18, 0x10, 0x00, 0x00, 0x08,
  0x20, 0x00, 0x00, 0x04, 0x20, 0x00, 0x00, 0x04, 0x60, 0x00, 0x00, 0x06,
  0x40, 0x00, 0x00, 0x02, 0x40, 0x00, 0x00, 0x02, 0x40, 0x00, 0x00, 0x02,
  0x40, 0x00, 0x00, 0x02, 0x40, 0x00, 0x00, 0x02, 0x40, 0x00, 0x00, 0x02,
  0x40, 0x00, 0x00, 0x02, 0x40, 0x00, 0x00, 0x02, 0x60, 0x00, 0x00, 0x06,
  0x20, 0x00, 0x00, 0x04, 0x20, 0x00, 0x00, 0x04, 0x10, 0x08, 0x10, 0x08,
  0x18, 0x30, 0x0C, 0x18, 0x0C, 0x40, 0x02, 0x30, 0x04, 0x88, 0x01, 0x20,
  0x03, 0x00, 0x00, 0xC0, 0x01, 0x80, 0x01, 0x80, 0x00, 0x70, 0x0E, 0x00,
  0x00, 0x1F, 0xF8, 0x00, 0x00, 0x00, 0x00, 0x00,
};

const uint8_t bitmap_nhl_buf_layer_3[] PROGMEM = {
  0x00, 0x00, 0x00, 0x00, 0x00, 0x00, 0x00, 0x00, 0x00, 0x00, 0x00, 0x00,
  0x00, 0x4F, 0x02, 0x00, 0x00, 0x00, 0x20, 0x00, 0x00, 0x00, 0x0C, 0x00,
  0x00, 0x80, 0x01, 0x00, 0x03, 0x80, 0x00, 0x40, 0x00, 0x00, 0x00, 0x40,
  0x10, 0x00, 0x00, 0x88, 0x0A, 0x80, 0x02, 0x50, 0x01, 0x10, 0x1D, 0x00,
  0x24, 0x18, 0x00, 0x24, 0x02, 0x03, 0x40, 0x40, 0x01, 0x01, 0xC0, 0x80,
  0x00, 0x80, 0x31, 0x00, 0x00, 0x10, 0x82, 0x00, 0x00, 0x08, 0x10, 0x00,
  0x00, 0x00, 0x00, 0x00, 0x20, 0x04, 0x20, 0x04, 0x00, 0x02, 0x40, 0x00,
  0x00, 0x02, 0x40, 0x00, 0x10, 0x08, 0x10, 0x08, 0x00, 0x14, 0x28, 0x00,
  0x00, 0x0C, 0x30, 0x00, 0x00, 0xAC, 0x15, 0x00, 0x02, 0x50, 0x1A, 0x40,
  0x00, 0x20, 0x04, 0x00, 0x00, 0x40, 0x02, 0x00, 0x00, 0x08, 0x10, 0x00,
  0x00, 0x00, 0x00, 0x00, 0x00, 0x00, 0x00, 0x00,
};

const uint8_t bitmap_nhl_buf_layer_4[] PROGMEM = {
  0x00, 0x00, 0x00, 0x00, 0x00, 0x00, 0x00, 0x00, 0x00, 0x0C, 0x30, 0x00,
  0x00, 0x00, 0xA0, 0x00, 0x00, 0xA0, 0x1F, 0x00, 0x00, 0x40, 0x02, 0x00,
  0x01, 0x00, 0x00, 0x80, 0x00, 0x00, 0x01, 0x00, 0x08, 0x00, 0x00, 0x90,
  0x00, 0x00, 0x00, 0x00, 0x00, 0x00, 0x01, 0x00, 0x08, 0x00, 0x20, 0xD0,
  0x00, 0x00, 0x03, 0x00, 0x20, 0x30, 0x20, 0x04, 0x00, 0x06, 0x3E, 0x00,
  0x00, 0x20, 0x44, 0x00, 0x00, 0x41, 0x48, 0x00, 0x00, 0x20, 0x04, 0x00,
  0x20, 0x00, 0x00, 0x04, 0x00, 0x01, 0x80, 0x00, 0x00, 0x00, 0x00, 0x00,
  0x00, 0x0C, 0x30, 0x00, 0x00, 0x00, 0x00, 0x00, 0x08, 0x00, 0x00, 0x10,
  0x00, 0x40, 0x02, 0x00, 0x01, 0x00, 0x20, 0x80, 0x01, 0x20, 0x04, 0x80,
  0x00, 0x50, 0x0A, 0x00, 0x00, 0x00, 0x00, 0x00, 0x00, 0x04, 0x20, 0x00,
  0x00, 0x00, 0x00, 0x00, 0x00, 0x00, 0x00, 0x00,
};

const SportsLogoLayerDef layers_nhl_buf[] = {
  { bitmap_nhl_buf_layer_0, 3, 40, 139 },
  { bitmap_nhl_buf_layer_1, 255, 255, 255 },
  { bitmap_nhl_buf_layer_2, 216, 170, 25 },
  { bitmap_nhl_buf_layer_3, 117, 126, 146 },
  { bitmap_nhl_buf_layer_4, 51, 76, 140 },
};

const uint8_t bitmap_nhl_car_layer_0[] PROGMEM = {
  0x00, 0x00, 0x00, 0x00, 0x00, 0x00, 0x00, 0x00, 0x00, 0x00, 0x00, 0x00,
  0x00, 0x00, 0x00, 0x00, 0x00, 0x00, 0x00, 0x00, 0x00, 0x00, 0x00, 0x00,
  0x00, 0x00, 0x00, 0x00, 0x00, 0x00, 0xF0, 0xC0, 0x00, 0x0E, 0x01, 0xF0,
  0x00, 0x70, 0x00, 0x08, 0x01, 0x80, 0xFC, 0x04, 0x02, 0x07, 0xFC, 0x02,
  0x04, 0x1C, 0x03, 0x02, 0x18, 0x30, 0x01, 0x02, 0x10, 0x60, 0x01, 0x02,
  0x20, 0xC0, 0x01, 0x02, 0x40, 0xC0, 0x03, 0x04, 0x40, 0xC0, 0x06, 0x08,
  0x40, 0xC0, 0x0C, 0x18, 0x40, 0x63, 0xF8, 0x20, 0x40, 0x3F, 0xE0, 0xC0,
  0x20, 0x30, 0x01, 0x00, 0x10, 0x00, 0x0C, 0x00, 0x0F, 0x80, 0x70, 0x00,
  0x03, 0x0F, 0x00, 0x00, 0x00, 0x00, 0x00, 0x00, 0x00, 0x00, 0x00, 0x00,
  0x00, 0x00, 0x00, 0x00, 0x00, 0x00, 0x00, 0x00, 0x00, 0x00, 0x00, 0x00,
  0x00, 0x00, 0x00, 0x00, 0x00, 0x00, 0x00, 0x00,
};

const uint8_t bitmap_nhl_car_layer_1[] PROGMEM = {
  0x00, 0x00, 0x00, 0x00, 0x00, 0x00, 0x00, 0x00, 0x00, 0x00, 0x00, 0x00,
  0x00, 0x00, 0x00, 0x00, 0x00, 0x00, 0x00, 0x00, 0x00, 0x00, 0x00, 0x00,
  0x00, 0x00, 0x00, 0x00, 0x00, 0x00, 0x00, 0x00, 0x00, 0x00, 0x00, 0x00,
  0x00, 0x00, 0x07, 0xE0, 0x00, 0x00, 0x00, 0x70, 0x00, 0x00, 0x01, 0xF8,
  0x00, 0x00, 0x00, 0xFC, 0x00, 0x00, 0x00, 0xFC, 0x00, 0x01, 0xF8, 0x7C,
  0x00, 0x07, 0xB8, 0xF8, 0x00, 0x1C, 0x30, 0xF8, 0x00, 0x38, 0xE1, 0xF0,
  0x00, 0x3F, 0x81, 0xE0, 0x00, 0x00, 0x07, 0x80, 0x00, 0x00, 0x0F, 0x00,
  0x00, 0x00, 0x38, 0x00, 0x00, 0x03, 0xC0, 0x00, 0x00, 0x00, 0x00, 0x00,
  0x00, 0x00, 0x00, 0x00, 0x00, 0x00, 0x00, 0x00, 0x00, 0x00, 0x00, 0x00,
  0x00, 0x00, 0x00, 0x00, 0x00, 0x00, 0x00, 0x00, 0x00, 0x00, 0x00, 0x00,
  0x00, 0x00, 0x00, 0x00, 0x00, 0x00, 0x00, 0x00,
};

const uint8_t bitmap_nhl_car_layer_2[] PROGMEM = {
  0x00, 0x00, 0x00, 0x00, 0x00, 0x00, 0x00, 0x00, 0x00, 0x00, 0x00, 0x00,
  0x00, 0x00, 0x00, 0x00, 0x00, 0x00, 0x00, 0x00, 0x00, 0x00, 0x00, 0x00,
  0x00, 0x00, 0x00, 0x00, 0x00, 0x00, 0x0F, 0x30, 0x00, 0x01, 0x86, 0x00,
  0x00, 0x08, 0x38, 0x14, 0x00, 0x41, 0x03, 0x8A, 0x05, 0x00, 0x02, 0x04,
  0x08, 0x02, 0x00, 0x00, 0x00, 0x08, 0x00, 0x00, 0x20, 0x00, 0x00, 0x80,
  0x00, 0x20, 0x00, 0x04, 0x20, 0x00, 0x00, 0x00, 0x00, 0x00, 0x00, 0x04,
  0x00, 0x00, 0x72, 0x00, 0x00, 0x9C, 0x00, 0x50, 0x20, 0x40, 0x10, 0x20,
  0x40, 0xCF, 0xC6, 0x80, 0x28, 0x04, 0x32, 0x00, 0x00, 0x7F, 0x80, 0x00,
  0x04, 0xF0, 0x80, 0x00, 0x00, 0x00, 0x00, 0x00, 0x00, 0x00, 0x00, 0x00,
  0x00, 0x00, 0x00, 0x00, 0x00, 0x00, 0x00, 0x00, 0x00, 0x00, 0x00, 0x00,
  0x00, 0x00, 0x00, 0x00, 0x00, 0x00, 0x00, 0x00,
};

const uint8_t bitmap_nhl_car_layer_3[] PROGMEM = {
  0x00, 0x00, 0x00, 0x00, 0x00, 0x00, 0x00, 0x00, 0x00, 0x00, 0x00, 0x00,
  0x00, 0x00, 0x00, 0x00, 0x00, 0x00, 0x00, 0x00, 0x00, 0x00, 0x00, 0x00,
  0x00, 0x00, 0x00, 0x00, 0x00, 0x00, 0x00, 0x00, 0x00, 0x00, 0x00, 0x00,
  0x00, 0x03, 0x80, 0x00, 0x00, 0x1C, 0x00, 0x00, 0x00, 0x70, 0x00, 0x00,
  0x01, 0xC0, 0x78, 0x00, 0x03, 0x87, 0x84, 0x00, 0x0F, 0x0C, 0x02, 0x00,
  0x0F, 0x10, 0x44, 0x00, 0x1E, 0x03, 0xC4, 0x00, 0x1E, 0x07, 0x00, 0x00,
  0x1E, 0x00, 0x00, 0x00, 0x1F, 0x00, 0x00, 0x00, 0x1F, 0x80, 0x00, 0x00,
  0x0E, 0x00, 0x00, 0x00, 0x03, 0x80, 0x00, 0x00, 0x00, 0x00, 0x00, 0x00,
  0x00, 0x00, 0x00, 0x00, 0x00, 0x00, 0x00, 0x00, 0x00, 0x00, 0x00, 0x00,
  0x00, 0x00, 0x00, 0x00, 0x00, 0x00, 0x00, 0x00, 0x00, 0x00, 0x00, 0x00,
  0x00, 0x00, 0x00, 0x00, 0x00, 0x00, 0x00, 0x00,
};

const uint8_t bitmap_nhl_car_layer_4[] PROGMEM = {
  0x00, 0x00, 0x00, 0x00, 0x00, 0x00, 0x00, 0x00, 0x00, 0x00, 0x00, 0x00,
  0x00, 0x00, 0x00, 0x00, 0x00, 0x00, 0x00, 0x00, 0x00, 0x00, 0x00, 0x00,
  0x00, 0x00, 0x00, 0x00, 0x00, 0x00, 0x00, 0x00, 0x00, 0x00, 0x78, 0x00,
  0x00, 0x04, 0x40, 0x00, 0x00, 0x22, 0x00, 0x00, 0x00, 0x88, 0x00, 0x00,
  0x02, 0x21, 0x84, 0x00, 0x04, 0x40, 0x7A, 0x00, 0x00, 0x92, 0x04, 0x00,
  0x10, 0x08, 0x02, 0x00, 0x01, 0x20, 0x08, 0x00, 0x21, 0x00, 0x18, 0x00,
  0x21, 0x00, 0x00, 0x00, 0x20, 0x00, 0x00, 0x00, 0x00, 0x00, 0x00, 0x00,
  0x11, 0x00, 0x00, 0x00, 0x04, 0x78, 0x00, 0x00, 0x00, 0x00, 0x00, 0x00,
  0x00, 0x00, 0x00, 0x00, 0x00, 0x00, 0x00, 0x00, 0x00, 0x00, 0x00, 0x00,
  0x00, 0x00, 0x00, 0x00, 0x00, 0x00, 0x00, 0x00, 0x00, 0x00, 0x00, 0x00,
  0x00, 0x00, 0x00, 0x00, 0x00, 0x00, 0x00, 0x00,
};

const SportsLogoLayerDef layers_nhl_car[] = {
  { bitmap_nhl_car_layer_0, 233, 231, 232 },
  { bitmap_nhl_car_layer_1, 234, 23, 53 },
  { bitmap_nhl_car_layer_2, 206, 161, 168 },
  { bitmap_nhl_car_layer_3, 0, 0, 0 },
  { bitmap_nhl_car_layer_4, 94, 82, 84 },
};

const uint8_t bitmap_nhl_cbj_layer_0[] PROGMEM = {
  0x00, 0x00, 0x00, 0x00, 0x00, 0x00, 0x00, 0x00, 0x00, 0x00, 0x00, 0x00,
  0x00, 0x00, 0x00, 0x00, 0x00, 0x01, 0x80, 0x00, 0x00, 0x00, 0xE0, 0x00,
  0x00, 0x1E, 0x07, 0x00, 0x00, 0xC1, 0x01, 0x78, 0x03, 0x04, 0x03, 0x10,
  0x04, 0x00, 0x82, 0x44, 0x08, 0x0A, 0x12, 0x94, 0x18, 0x00, 0x00, 0x44,
  0x20, 0x30, 0x15, 0x00, 0x00, 0x40, 0x8C, 0x28, 0x40, 0x90, 0x40, 0x00,
  0x60, 0x57, 0x00, 0x50, 0x00, 0x00, 0x24, 0x00, 0x20, 0x00, 0x40, 0xA0,
  0x40, 0x02, 0x02, 0x20, 0x20, 0x00, 0x00, 0x00, 0x10, 0x00, 0x10, 0x40,
  0x08, 0x00, 0x00, 0x80, 0x02, 0x00, 0x00, 0x00, 0x03, 0x7F, 0xF1, 0x00,
  0x04, 0x80, 0x0D, 0x00, 0x00, 0x00, 0x04, 0x00, 0x0C, 0x00, 0x02, 0x80,
  0x00, 0x00, 0x01, 0x80, 0x00, 0x00, 0x00, 0x00, 0x00, 0x00, 0x00, 0x00,
  0x00, 0x00, 0x00, 0x00, 0x00, 0x00, 0x00, 0x00,
};

const uint8_t bitmap_nhl_cbj_layer_1[] PROGMEM = {
  0x00, 0x00, 0x00, 0x00, 0x00, 0x00, 0x00, 0x00, 0x00, 0x00, 0x00, 0x00,
  0x00, 0x01, 0x80, 0x00, 0x00, 0x00, 0x00, 0x00, 0x00, 0x02, 0x18, 0x00,
  0x00, 0x20, 0x00, 0x0C, 0x00, 0x00, 0x00, 0x80, 0x00, 0x01, 0x00, 0x02,
  0x08, 0x01, 0x00, 0x2A, 0x10, 0x01, 0x8C, 0x20, 0x20, 0x03, 0xF9, 0x80,
  0x08, 0x0F, 0xE2, 0x00, 0x48, 0x3F, 0x40, 0x00, 0x08, 0x0F, 0x80, 0x08,
  0x08, 0x08, 0x00, 0x00, 0x26, 0x00, 0x00, 0x10, 0x13, 0x87, 0x80, 0x00,
  0x18, 0xFC, 0x00, 0x00, 0x0E, 0x00, 0x00, 0x00, 0x23, 0xFF, 0xE0, 0x00,
  0x10, 0x3F, 0x00, 0x40, 0x04, 0x00, 0x01, 0x00, 0x00, 0x00, 0x04, 0x00,
  0x00, 0x00, 0x00, 0x00, 0x01, 0x00, 0x00, 0x00, 0x02, 0x00, 0x00, 0x00,
  0x08, 0x00, 0x00, 0x00, 0x00, 0x00, 0x00, 0x80, 0x00, 0x00, 0x00, 0x00,
  0x00, 0x00, 0x00, 0x00, 0x00, 0x00, 0x00, 0x00,
};

const uint8_t bitmap_nhl_cbj_layer_2[] PROGMEM = {
  0x00, 0x00, 0x00, 0x00, 0x00, 0x00, 0x00, 0x00, 0x00, 0x00, 0x00, 0x00,
  0x00, 0x00, 0x00, 0x00, 0x00, 0x00, 0x00, 0x00, 0x00, 0x01, 0x00, 0x00,
  0x00, 0x00, 0x78, 0x00, 0x00, 0x22, 0x00, 0x00, 0x00, 0x90, 0x84, 0xA0,
  0x02, 0x4E, 0x05, 0x00, 0x05, 0x10, 0x21, 0x08, 0x02, 0x34, 0x06, 0x20,
  0x10, 0x40, 0x00, 0xA8, 0x20, 0x80, 0x23, 0x00, 0x20, 0x40, 0x0B, 0x10,
  0x01, 0x80, 0xC1, 0x00, 0x40, 0x7E, 0x10, 0xA0, 0x40, 0x00, 0x00, 0x00,
  0x20, 0x01, 0x05, 0x00, 0x10, 0x02, 0x00, 0xC0, 0x08, 0x00, 0x0E, 0x00,
  0x06, 0x00, 0x03, 0x00, 0x00, 0x71, 0xE2, 0x00, 0x00, 0x80, 0x0A, 0x00,
  0x01, 0x00, 0x02, 0x00, 0x06, 0x00, 0x01, 0x00, 0x00, 0x00, 0x01, 0x00,
  0x00, 0x00, 0x00, 0x00, 0x00, 0x00, 0x00, 0x00, 0x00, 0x00, 0x00, 0x00,
  0x00, 0x00, 0x00, 0x00, 0x00, 0x00, 0x00, 0x00,
};

const uint8_t bitmap_nhl_cbj_layer_3[] PROGMEM = {
  0x00, 0x00, 0x00, 0x00, 0x00, 0x00, 0x00, 0x00, 0x00, 0x00, 0x00, 0x00,
  0x00, 0x00, 0x00, 0x00, 0x00, 0x00, 0x00, 0x00, 0x00, 0x00, 0x00, 0x00,
  0x00, 0x01, 0x80, 0x00, 0x00, 0x00, 0xFE, 0x00, 0x00, 0x0A, 0x78, 0x40,
  0x00, 0x30, 0x78, 0x80, 0x00, 0xE4, 0x40, 0x00, 0x01, 0xC8, 0x00, 0x18,
  0x03, 0x80, 0x08, 0x50, 0x03, 0x00, 0x10, 0xD0, 0x03, 0x20, 0x30, 0xE0,
  0x00, 0x20, 0x06, 0xA0, 0x00, 0x00, 0x08, 0x40, 0x00, 0x00, 0x38, 0x40,
  0x00, 0x00, 0xF8, 0xC0, 0x00, 0x01, 0xFF, 0x00, 0x00, 0x00, 0x01, 0x80,
  0x00, 0x00, 0x00, 0x00, 0x01, 0x80, 0x1C, 0x00, 0x00, 0x00, 0x00, 0x00,
  0x02, 0x00, 0x00, 0x00, 0x00, 0x00, 0x02, 0x00, 0x00, 0x00, 0x00, 0x00,
  0x00, 0x00, 0x00, 0x00, 0x00, 0x00, 0x00, 0x00, 0x00, 0x00, 0x00, 0x00,
  0x00, 0x00, 0x00, 0x00, 0x00, 0x00, 0x00, 0x00,
};

const uint8_t bitmap_nhl_cbj_layer_4[] PROGMEM = {
  0x00, 0x00, 0x00, 0x00, 0x00, 0x00, 0x00, 0x00, 0x00, 0x00, 0x00, 0x00,
  0x00, 0x00, 0x00, 0x00, 0x00, 0x00, 0x00, 0x00, 0x00, 0x00, 0x00, 0x00,
  0x00, 0x00, 0x00, 0x00, 0x00, 0x1C, 0x00, 0x00, 0x00, 0x60, 0x00, 0x00,
  0x01, 0x80, 0x00, 0x00, 0x02, 0x00, 0x00, 0x00, 0x04, 0x00, 0x00, 0x00,
  0x04, 0x00, 0x00, 0x00, 0x14, 0x00, 0x00, 0x00, 0x14, 0x00, 0x04, 0x00,
  0x16, 0x00, 0x38, 0x00, 0x19, 0x81, 0xC3, 0x00, 0x0C, 0x78, 0x07, 0x00,
  0x07, 0x00, 0x00, 0x00, 0x01, 0xFC, 0x00, 0x00, 0x04, 0x00, 0x00, 0x00,
  0x01, 0xC0, 0xFC, 0x00, 0x00, 0x0E, 0x00, 0x00, 0x00, 0x00, 0x00, 0x00,
  0x00, 0x00, 0x00, 0x00, 0x00, 0x00, 0x00, 0x00, 0x00, 0x00, 0x00, 0x00,
  0x00, 0x00, 0x00, 0x00, 0x00, 0x00, 0x00, 0x00, 0x00, 0x00, 0x00, 0x00,
  0x00, 0x00, 0x00, 0x00, 0x00, 0x00, 0x00, 0x00,
};

const SportsLogoLayerDef layers_nhl_cbj[] = {
  { bitmap_nhl_cbj_layer_0, 105, 120, 138 },
  { bitmap_nhl_cbj_layer_1, 220, 197, 202 },
  { bitmap_nhl_cbj_layer_2, 75, 49, 82 },
  { bitmap_nhl_cbj_layer_3, 17, 31, 70 },
  { bitmap_nhl_cbj_layer_4, 213, 33, 61 },
};

const uint8_t bitmap_nhl_cgy_layer_0[] PROGMEM = {
  0x00, 0x00, 0x00, 0x00, 0x00, 0x00, 0x00, 0x00, 0x00, 0x00, 0x00, 0x00,
  0x00, 0x00, 0x00, 0x00, 0x00, 0x00, 0x0F, 0x00, 0x00, 0x00, 0x3F, 0xE0,
  0x00, 0x00, 0xFF, 0xF0, 0x00, 0xE3, 0xFF, 0xF8, 0x00, 0x3B, 0xFF, 0xF8,
  0x06, 0x3F, 0xF0, 0x7C, 0x08, 0x1F, 0xE0, 0x7C, 0x03, 0xCF, 0xC0, 0x3C,
  0x07, 0xFF, 0x80, 0x00, 0x08, 0x7F, 0x80, 0x00, 0x00, 0x3F, 0x00, 0x00,
  0x03, 0xBF, 0x00, 0x00, 0x03, 0xFF, 0x00, 0x00, 0x00, 0x7F, 0x00, 0x00,
  0x00, 0x1F, 0x00, 0x00, 0x00, 0x1F, 0x00, 0x00, 0x00, 0x7F, 0x81, 0xF0,
  0x03, 0xFF, 0x83, 0xF0, 0x01, 0xFF, 0xFF, 0xE0, 0x00, 0x0F, 0xFF, 0xC0,
  0x04, 0x1F, 0xFF, 0x80, 0x03, 0x3B, 0xFF, 0x00, 0x00, 0x20, 0x7C, 0x00,
  0x00, 0x40, 0x00, 0x00, 0x00, 0x00, 0x00, 0x00, 0x00, 0x00, 0x00, 0x00,
  0x00, 0x00, 0x00, 0x00, 0x00, 0x00, 0x00, 0x00,
};

const uint8_t bitmap_nhl_cgy_layer_1[] PROGMEM = {
  0x00, 0x00, 0x00, 0x00, 0x00, 0x00, 0x00, 0x00, 0x00, 0x00, 0x00, 0x00,
  0x00, 0x00, 0x30, 0xC0, 0x00, 0x00, 0xC0, 0x10, 0x00, 0xDF, 0x00, 0x08,
  0x02, 0x10, 0x00, 0x04, 0x04, 0x00, 0x00, 0x00, 0x08, 0x80, 0x00, 0x02,
  0x20, 0x00, 0x00, 0x00, 0x20, 0x40, 0x0D, 0x00, 0x18, 0x00, 0x10, 0x80,
  0x10, 0x00, 0x20, 0x80, 0x60, 0x00, 0x00, 0xFE, 0x66, 0x00, 0x40, 0x00,
  0x00, 0x00, 0x40, 0x00, 0x08, 0x00, 0x00, 0x00, 0x0A, 0x00, 0x00, 0x00,
  0x1C, 0x80, 0x01, 0xFC, 0x09, 0x80, 0x42, 0x04, 0x08, 0x00, 0x24, 0x04,
  0x18, 0x00, 0x00, 0x00, 0x00, 0x00, 0x00, 0x08, 0x02, 0x00, 0x00, 0x10,
  0x00, 0x00, 0x00, 0x20, 0x08, 0x00, 0x00, 0x40, 0x04, 0x84, 0x00, 0x80,
  0x01, 0x11, 0x83, 0x00, 0x01, 0x20, 0x38, 0x00, 0x00, 0x00, 0x00, 0x00,
  0x00, 0x00, 0x00, 0x00, 0x00, 0x00, 0x00, 0x00,
};

const uint8_t bitmap_nhl_cgy_layer_2[] PROGMEM = {
  0x00, 0x00, 0x00, 0x00, 0x00, 0x00, 0x00, 0x00, 0x00, 0x00, 0x00, 0x00,
  0x00, 0x00, 0x0F, 0x00, 0x00, 0x00, 0x20, 0x20, 0x00, 0x00, 0x80, 0x10,
  0x01, 0x28, 0x00, 0x00, 0x02, 0x08, 0x00, 0x04, 0x05, 0x00, 0x00, 0x00,
  0x10, 0xC0, 0x07, 0x02, 0x01, 0xA0, 0x00, 0x82, 0x00, 0x00, 0x00, 0x02,
  0x00, 0x00, 0x00, 0x02, 0x03, 0x00, 0x40, 0x00, 0x19, 0x80, 0x00, 0x00,
  0x04, 0x00, 0x00, 0x00, 0x00, 0x00, 0x80, 0x00, 0x01, 0x00, 0x80, 0x00,
  0x00, 0x40, 0x80, 0x00, 0x02, 0x40, 0x00, 0x00, 0x00, 0x00, 0x42, 0x00,
  0x04, 0x00, 0x38, 0x08, 0x04, 0x00, 0x00, 0x00, 0x00, 0x00, 0x00, 0x00,
  0x08, 0x00, 0x00, 0x00, 0x00, 0x40, 0x00, 0x00, 0x02, 0x0A, 0x01, 0x00,
  0x00, 0x80, 0x44, 0x00, 0x00, 0xC0, 0x00, 0x00, 0x00, 0x00, 0x00, 0x00,
  0x00, 0x00, 0x00, 0x00, 0x00, 0x00, 0x00, 0x00,
};

const uint8_t bitmap_nhl_cgy_layer_3[] PROGMEM = {
  0x00, 0x00, 0x00, 0x00, 0x00, 0x00, 0x00, 0x00, 0x00, 0x00, 0x00, 0x00,
  0x00, 0x00, 0x00, 0x00, 0x00, 0x00, 0x10, 0x80, 0x00, 0x00, 0x40, 0x00,
  0x00, 0x01, 0x00, 0x00, 0x00, 0x04, 0x00, 0x00, 0x00, 0x44, 0x00, 0x04,
  0x09, 0x00, 0x08, 0x80, 0x04, 0x00, 0x00, 0x00, 0x00, 0x10, 0x00, 0x40,
  0x00, 0x00, 0x40, 0x3C, 0x04, 0x80, 0x00, 0x00, 0x00, 0x40, 0x80, 0x00,
  0x00, 0x40, 0x00, 0x00, 0x00, 0x00, 0x00, 0x00, 0x00, 0x80, 0x00, 0x00,
  0x00, 0x00, 0x00, 0x00, 0x00, 0x00, 0x00, 0xF8, 0x07, 0x80, 0x00, 0x00,
  0x00, 0x00, 0x40, 0x00, 0x00, 0x00, 0x00, 0x00, 0x04, 0xD0, 0x00, 0x20,
  0x02, 0x80, 0x00, 0x40, 0x00, 0x84, 0x00, 0x00, 0x00, 0x00, 0x82, 0x00,
  0x00, 0x00, 0x00, 0x00, 0x00, 0x00, 0x00, 0x00, 0x00, 0x00, 0x00, 0x00,
  0x00, 0x00, 0x00, 0x00, 0x00, 0x00, 0x00, 0x00,
};

const uint8_t bitmap_nhl_cgy_layer_4[] PROGMEM = {
  0x00, 0x00, 0x00, 0x00, 0x00, 0x00, 0x00, 0x00, 0x00, 0x00, 0x00, 0x00,
  0x00, 0x00, 0x00, 0x00, 0x00, 0x00, 0x00, 0x40, 0x00, 0x00, 0x00, 0x00,
  0x00, 0xC6, 0x00, 0x08, 0x01, 0x10, 0x00, 0x00, 0x02, 0x00, 0x00, 0x00,
  0x00, 0x00, 0x00, 0x00, 0x12, 0x00, 0x10, 0x00, 0x04, 0x20, 0x20, 0x00,
  0x08, 0x00, 0x00, 0x40, 0x10, 0x00, 0x00, 0x00, 0x00, 0x00, 0x00, 0x00,
  0x00, 0x00, 0x80, 0x00, 0x04, 0x00, 0x00, 0x00, 0x04, 0x00, 0x00, 0x00,
  0x00, 0x20, 0x00, 0x00, 0x04, 0x20, 0x81, 0x00, 0x00, 0x00, 0x00, 0x08,
  0x00, 0x00, 0x04, 0x00, 0x0A, 0x00, 0x00, 0x10, 0x09, 0x20, 0x00, 0x00,
  0x01, 0x60, 0x00, 0x00, 0x04, 0x00, 0x00, 0x80, 0x01, 0x51, 0x00, 0x00,
  0x00, 0x20, 0x38, 0x00, 0x00, 0x00, 0x00, 0x00, 0x00, 0x00, 0x00, 0x00,
  0x00, 0x00, 0x00, 0x00, 0x00, 0x00, 0x00, 0x00,
};

const SportsLogoLayerDef layers_nhl_cgy[] = {
  { bitmap_nhl_cgy_layer_0, 233, 6, 43 },
  { bitmap_nhl_cgy_layer_1, 254, 201, 59 },
  { bitmap_nhl_cgy_layer_2, 250, 148, 55 },
  { bitmap_nhl_cgy_layer_3, 246, 51, 48 },
  { bitmap_nhl_cgy_layer_4, 250, 102, 52 },
};

const uint8_t bitmap_nhl_chi_layer_0[] PROGMEM = {
  0x00, 0x00, 0x00, 0x00, 0x00, 0x00, 0x00, 0x00, 0x00, 0x00, 0x00, 0x00,
  0x00, 0x00, 0x00, 0x00, 0x00, 0x00, 0x00, 0x00, 0x00, 0x00, 0x00, 0x00,
  0x00, 0x00, 0x00, 0x00, 0x00, 0x00, 0x00, 0x00, 0x00, 0x00, 0x00, 0x00,
  0x03, 0x00, 0x01, 0x00, 0x00, 0xE0, 0x01, 0x80, 0x00, 0x20, 0x00, 0xC0,
  0x08, 0xE0, 0x21, 0xE0, 0x00, 0xE0, 0x01, 0xF0, 0x1D, 0xE0, 0x40, 0x78,
  0x15, 0xC0, 0x41, 0x78, 0x22, 0x80, 0xC0, 0xBC, 0x01, 0xA0, 0x81, 0xBC,
  0x19, 0x80, 0x00, 0x5C, 0x03, 0xF0, 0x01, 0xCC, 0x01, 0xF0, 0x01, 0x40,
  0x0F, 0xF8, 0x00, 0xC0, 0x0F, 0xE8, 0x00, 0x80, 0x1F, 0x98, 0x00, 0x00,
  0x00, 0x3C, 0x08, 0x00, 0x00, 0xFC, 0x08, 0x00, 0x00, 0x78, 0x00, 0x00,
  0x00, 0x60, 0x00, 0x00, 0x00, 0x00, 0x00, 0x00, 0x00, 0x00, 0x00, 0x00,
  0x00, 0x00, 0x00, 0x00, 0x00, 0x00, 0x00, 0x00,
};

const uint8_t bitmap_nhl_chi_layer_1[] PROGMEM = {
  0x00, 0x00, 0x00, 0x00, 0x00, 0x00, 0x00, 0x00, 0x00, 0x00, 0x00, 0x00,
  0x00, 0x00, 0x00, 0x00, 0x00, 0x08, 0x00, 0x00, 0x00, 0x1F, 0x80, 0x00,
  0x00, 0xD3, 0x64, 0x00, 0x01, 0x28, 0x32, 0x00, 0x00, 0xC8, 0xF7, 0x00,
  0x08, 0x1B, 0xEE, 0x00, 0x16, 0x1C, 0xBA, 0x00, 0x14, 0x9A, 0xA0, 0x00,
  0x14, 0x1E, 0x50, 0x00, 0x04, 0x1E, 0x10, 0x00, 0x20, 0x1E, 0x90, 0x04,
  0x00, 0x1E, 0x00, 0x00, 0x48, 0x1F, 0x20, 0x02, 0x24, 0x5F, 0x20, 0x00,
  0x00, 0x47, 0x40, 0x00, 0x00, 0x06, 0x80, 0x10, 0x00, 0x07, 0x00, 0x08,
  0x00, 0x03, 0xC0, 0x20, 0x00, 0x00, 0x60, 0x00, 0x00, 0x03, 0x20, 0x00,
  0x1B, 0x03, 0x40, 0x00, 0x01, 0x00, 0x04, 0x00, 0x00, 0x02, 0x00, 0x00,
  0x00, 0x88, 0x00, 0x00, 0x00, 0x60, 0x00, 0x00, 0x00, 0x00, 0x00, 0x00,
  0x00, 0x00, 0x00, 0x00, 0x00, 0x00, 0x00, 0x00,
};

const uint8_t bitmap_nhl_chi_layer_2[] PROGMEM = {
  0x00, 0x00, 0x00, 0x00, 0x00, 0x00, 0x00, 0x00, 0x00, 0x00, 0x00, 0x00,
  0x00, 0x00, 0x00, 0x00, 0x00, 0x00, 0x00, 0x00, 0x00, 0x00, 0x00, 0x00,
  0x00, 0x00, 0x02, 0x00, 0x00, 0xC0, 0x00, 0x00, 0x03, 0x20, 0x00, 0x00,
  0x04, 0xE4, 0x00, 0x80, 0x09, 0x00, 0x40, 0x40, 0x0B, 0x41, 0x13, 0x20,
  0x01, 0x00, 0x0A, 0x10, 0x1B, 0x00, 0x62, 0x08, 0x02, 0x00, 0x23, 0x80,
  0x2A, 0x20, 0xA2, 0x84, 0x15, 0x60, 0x03, 0x40, 0x1A, 0x00, 0x42, 0x42,
  0x06, 0x30, 0x83, 0xA2, 0x18, 0x01, 0x02, 0x02, 0x1E, 0x08, 0x00, 0xA6,
  0x10, 0x04, 0x01, 0x00, 0x10, 0x15, 0x01, 0x40, 0x00, 0x64, 0xC0, 0x80,
  0x04, 0xC0, 0x80, 0x00, 0x00, 0x02, 0x00, 0x00, 0x00, 0x84, 0x00, 0x00,
  0x00, 0x10, 0x00, 0x00, 0x00, 0x00, 0x00, 0x00, 0x00, 0x00, 0x00, 0x00,
  0x00, 0x00, 0x00, 0x00, 0x00, 0x00, 0x00, 0x00,
};

const uint8_t bitmap_nhl_chi_layer_3[] PROGMEM = {
  0x00, 0x00, 0x00, 0x00, 0x00, 0x00, 0x00, 0x00, 0x00, 0x00, 0x00, 0x00,
  0x00, 0x7F, 0xE0, 0x00, 0x00, 0x77, 0xF0, 0x00, 0x00, 0xE0, 0x3E, 0x00,
  0x00, 0x2C, 0x99, 0x80, 0x02, 0x17, 0xCD, 0xC0, 0x04, 0x17, 0x08, 0x80,
  0x00, 0x00, 0x10, 0x00, 0x00, 0x03, 0x00, 0x20, 0x00, 0x04, 0x40, 0x10,
  0x00, 0x01, 0x80, 0x00, 0x20, 0x01, 0x80, 0x00, 0x00, 0x01, 0x00, 0x00,
  0x40, 0x01, 0x00, 0x00, 0x00, 0x00, 0x00, 0x00, 0x40, 0x00, 0x00, 0x00,
  0x20, 0x08, 0x20, 0x00, 0x24, 0x08, 0x60, 0x00, 0x20, 0x00, 0x60, 0x00,
  0x20, 0x00, 0x22, 0x00, 0x20, 0x02, 0x02, 0x00, 0x20, 0x00, 0x02, 0x00,
  0x00, 0x00, 0x20, 0x80, 0x00, 0x01, 0xF0, 0x00, 0x01, 0x01, 0xF8, 0x00,
  0x00, 0x04, 0x00, 0x00, 0x00, 0x90, 0x00, 0x00, 0x00, 0x00, 0x00, 0x00,
  0x00, 0x00, 0x00, 0x00, 0x00, 0x00, 0x00, 0x00,
};

const uint8_t bitmap_nhl_chi_layer_4[] PROGMEM = {
  0x00, 0x00, 0x00, 0x00, 0x00, 0x00, 0x00, 0x00, 0x00, 0x00, 0x00, 0x00,
  0x00, 0x00, 0x00, 0x00, 0x00, 0x00, 0x00, 0x00, 0x00, 0x00, 0x40, 0x00,
  0x00, 0x00, 0x00, 0x00, 0x00, 0x00, 0x00, 0x00, 0x00, 0x00, 0x00, 0x00,
  0x00, 0x00, 0x00, 0x00, 0x00, 0x00, 0x04, 0x00, 0x00, 0x00, 0x0C, 0x00,
  0x02, 0x00, 0x04, 0x00, 0x00, 0x00, 0x0C, 0x00, 0x00, 0x00, 0x0C, 0x00,
  0x00, 0x00, 0x1C, 0x00, 0x00, 0x00, 0x1C, 0x00, 0x00, 0x00, 0x1C, 0x00,
  0x00, 0x00, 0x1C, 0x00, 0x00, 0x00, 0x1C, 0x20, 0x00, 0x00, 0x9E, 0x00,
  0x00, 0x00, 0x1C, 0x00, 0x00, 0x00, 0x9C, 0x00, 0x00, 0x00, 0x1C, 0x40,
  0x00, 0x00, 0x14, 0x00, 0x00, 0x00, 0x00, 0x00, 0x00, 0x00, 0x00, 0x00,
  0x00, 0x00, 0x00, 0x00, 0x00, 0x00, 0x00, 0x00, 0x00, 0x00, 0x00, 0x00,
  0x00, 0x00, 0x00, 0x00, 0x00, 0x00, 0x00, 0x00,
};

const SportsLogoLayerDef layers_nhl_chi[] = {
  { bitmap_nhl_chi_layer_0, 231, 140, 32 },
  { bitmap_nhl_chi_layer_1, 93, 69, 27 },
  { bitmap_nhl_chi_layer_2, 178, 109, 24 },
  { bitmap_nhl_chi_layer_3, 36, 35, 31 },
  { bitmap_nhl_chi_layer_4, 89, 131, 33 },
};

const uint8_t bitmap_nhl_col_layer_0[] PROGMEM = {
  0x00, 0x00, 0x00, 0x00, 0x00, 0x00, 0x00, 0x00, 0x00, 0x00, 0x00, 0x00,
  0x00, 0x00, 0x00, 0x00, 0x00, 0x01, 0x80, 0x00, 0x00, 0x01, 0x80, 0x00,
  0x00, 0x02, 0x00, 0x00, 0x00, 0x02, 0x0E, 0x00, 0x00, 0x06, 0xA0, 0x40,
  0x00, 0x14, 0x01, 0x10, 0x00, 0x60, 0x00, 0x08, 0x01, 0xE0, 0x08, 0x00,
  0x02, 0x10, 0x04, 0x04, 0x04, 0x40, 0x04, 0x00, 0x09, 0x00, 0x02, 0x04,
  0x1A, 0x80, 0x81, 0x04, 0x02, 0x81, 0x18, 0x40, 0x34, 0x81, 0xC0, 0x28,
  0x15, 0x47, 0x81, 0x98, 0x16, 0x1C, 0x0E, 0x44, 0x00, 0x00, 0x00, 0x26,
  0x2C, 0x04, 0x04, 0x8E, 0x05, 0x07, 0x20, 0x02, 0x08, 0x04, 0x60, 0x12,
  0x10, 0x08, 0x4C, 0x80, 0x10, 0x0C, 0x00, 0x00, 0x3F, 0xF0, 0x00, 0x00,
  0x30, 0x00, 0x02, 0x40, 0x00, 0x00, 0x00, 0x00, 0x00, 0x00, 0x00, 0x00,
  0x00, 0x00, 0x00, 0x00, 0x00, 0x00, 0x00, 0x00,
};

const uint8_t bitmap_nhl_col_layer_1[] PROGMEM = {
  0x00, 0x00, 0x00, 0x00, 0x00, 0x00, 0x00, 0x00, 0x00, 0x00, 0x00, 0x00,
  0x00, 0x00, 0x00, 0x00, 0x00, 0x00, 0x00, 0x00, 0x00, 0x00, 0x00, 0x00,
  0x00, 0x01, 0x00, 0x00, 0x00, 0x00, 0x00, 0x00, 0x00, 0x00, 0x40, 0x00,
  0x00, 0x01, 0xE0, 0x00, 0x00, 0x07, 0xF0, 0x00, 0x00, 0x0F, 0xF0, 0x00,
  0x00, 0x0F, 0xF8, 0x00, 0x00, 0x1F, 0xF8, 0x00, 0x00, 0x3F, 0xFC, 0x00,
  0x00, 0x3F, 0x7E, 0x00, 0x00, 0x7E, 0x60, 0x00, 0x00, 0x7E, 0x00, 0x00,
  0x00, 0x38, 0x00, 0x00, 0x00, 0x00, 0x00, 0x00, 0x00, 0x00, 0x00, 0x00,
  0x00, 0x00, 0x00, 0x00, 0x02, 0x00, 0x00, 0x00, 0x07, 0xF8, 0x00, 0x0C,
  0x0F, 0xF0, 0x00, 0x28, 0x0F, 0xF0, 0x00, 0x70, 0x00, 0x00, 0x00, 0x00,
  0x00, 0x00, 0x00, 0x00, 0x00, 0x00, 0x00, 0x00, 0x00, 0x00, 0x00, 0x00,
  0x00, 0x00, 0x00, 0x00, 0x00, 0x00, 0x00, 0x00,
};

const uint8_t bitmap_nhl_col_layer_2[] PROGMEM = {
  0x00, 0x00, 0x00, 0x00, 0x00, 0x00, 0x00, 0x00, 0x00, 0x00, 0x00, 0x00,
  0x00, 0x00, 0x80, 0x00, 0x00, 0x00, 0x00, 0x00, 0x00, 0x02, 0x40, 0x00,
  0x00, 0x00, 0x30, 0x00, 0x00, 0x05, 0x11, 0x00, 0x00, 0x00, 0x10, 0x20,
  0x00, 0x02, 0x0A, 0x00, 0x00, 0x00, 0x08, 0x40, 0x00, 0x00, 0x04, 0x04,
  0x01, 0xC0, 0x00, 0x10, 0x03, 0x80, 0x02, 0x00, 0x04, 0x00, 0x00, 0x00,
  0x00, 0x00, 0x00, 0x00, 0x25, 0x00, 0x07, 0xB0, 0x03, 0x00, 0x3E, 0x00,
  0x02, 0x80, 0x7E, 0x04, 0x00, 0x63, 0x11, 0xB0, 0x04, 0x78, 0xE2, 0xD0,
  0x00, 0x98, 0x00, 0x20, 0x00, 0x00, 0xC1, 0x00, 0x10, 0x01, 0x80, 0x40,
  0x00, 0x00, 0x30, 0x00, 0x20, 0x03, 0x00, 0x04, 0x00, 0x08, 0x00, 0x08,
  0x4F, 0x00, 0x00, 0x20, 0x00, 0x00, 0x00, 0x00, 0x00, 0x00, 0x00, 0x00,
  0x00, 0x00, 0x00, 0x00, 0x00, 0x00, 0x00, 0x00,
};

const uint8_t bitmap_nhl_col_layer_3[] PROGMEM = {
  0x00, 0x00, 0x00, 0x00, 0x00, 0x00, 0x00, 0x00, 0x00, 0x00, 0x00, 0x00,
  0x00, 0x00, 0x00, 0x00, 0x00, 0x00, 0x00, 0x00, 0x00, 0x00, 0x00, 0x00,
  0x00, 0x00, 0x00, 0x00, 0x00, 0x00, 0x00, 0x00, 0x00, 0x00, 0x0F, 0x80,
  0x00, 0x08, 0x10, 0xE0, 0x00, 0x18, 0x00, 0x30, 0x00, 0x10, 0x00, 0x18,
  0x00, 0x20, 0x00, 0x08, 0x00, 0x20, 0x00, 0x0C, 0x00, 0x40, 0x00, 0x08,
  0x00, 0x40, 0x00, 0x08, 0x10, 0x00, 0x80, 0x08, 0x00, 0x00, 0x00, 0x10,
  0x20, 0x00, 0x00, 0x00, 0x20, 0x80, 0x00, 0x00, 0x32, 0x00, 0x01, 0x00,
  0x13, 0x03, 0xF8, 0x40, 0x18, 0xF8, 0x1E, 0x2C, 0x00, 0x00, 0x1F, 0x20,
  0x00, 0x07, 0x83, 0x54, 0x00, 0x00, 0x0F, 0x88, 0x00, 0x00, 0x07, 0xF0,
  0x00, 0x00, 0x01, 0x80, 0x00, 0x00, 0x00, 0x00, 0x00, 0x00, 0x00, 0x00,
  0x00, 0x00, 0x00, 0x00, 0x00, 0x00, 0x00, 0x00,
};

const uint8_t bitmap_nhl_col_layer_4[] PROGMEM = {
  0x00, 0x00, 0x00, 0x00, 0x00, 0x00, 0x00, 0x00, 0x00, 0x00, 0x00, 0x00,
  0x00, 0x01, 0x00, 0x00, 0x00, 0x00, 0x00, 0x00, 0x00, 0x00, 0x00, 0x00,
  0x00, 0x00, 0xC0, 0x00, 0x00, 0x00, 0xE0, 0x80, 0x00, 0x09, 0x00, 0x00,
  0x00, 0x20, 0x04, 0x00, 0x00, 0x80, 0x07, 0x80, 0x00, 0x00, 0x03, 0xE0,
  0x00, 0x00, 0x03, 0xE0, 0x00, 0x00, 0x01, 0xF0, 0x02, 0x80, 0x01, 0xF0,
  0x05, 0x00, 0x00, 0xF0, 0x08, 0x00, 0x00, 0x00, 0x08, 0x00, 0x01, 0xC0,
  0x08, 0x00, 0x00, 0x60, 0x49, 0x00, 0xE0, 0x08, 0x09, 0x87, 0x1C, 0x08,
  0x00, 0x60, 0x03, 0x10, 0x20, 0x00, 0x00, 0xD0, 0x00, 0x02, 0x00, 0x80,
  0x00, 0x00, 0x00, 0x02, 0x00, 0x00, 0x00, 0x00, 0x00, 0x00, 0x08, 0x00,
  0x00, 0x00, 0x04, 0x00, 0x00, 0x00, 0x00, 0x00, 0x00, 0x00, 0x00, 0x00,
  0x00, 0x00, 0x00, 0x00, 0x00, 0x00, 0x00, 0x00,
};

const SportsLogoLayerDef layers_nhl_col[] = {
  { bitmap_nhl_col_layer_0, 118, 154, 182 },
  { bitmap_nhl_col_layer_1, 152, 42, 56 },
  { bitmap_nhl_col_layer_2, 181, 206, 223 },
  { bitmap_nhl_col_layer_3, 40, 107, 149 },
  { bitmap_nhl_col_layer_4, 255, 255, 255 },
};

const uint8_t bitmap_nhl_dal_layer_0[] PROGMEM = {
  0x00, 0x00, 0x00, 0x00, 0x00, 0x00, 0x00, 0x00, 0x00, 0x00, 0x00, 0x00,
  0x00, 0x00, 0x00, 0x00, 0x00, 0x00, 0x00, 0x00, 0x00, 0x00, 0x00, 0x00,
  0x00, 0x00, 0x00, 0x00, 0x00, 0x01, 0x80, 0x00, 0x00, 0x01, 0x80, 0x00,
  0x00, 0x02, 0x80, 0x00, 0x00, 0x02, 0x80, 0x00, 0x00, 0x04, 0x80, 0x00,
  0x00, 0x38, 0xF0, 0x00, 0x1F, 0xC0, 0x0F, 0xF0, 0x0C, 0x00, 0x00, 0xE0,
  0x06, 0x0F, 0x81, 0x80, 0x03, 0x0F, 0x8E, 0x00, 0x01, 0x1F, 0x08, 0x00,
  0x02, 0x1E, 0x18, 0x00, 0x02, 0x00, 0x30, 0x00, 0x04, 0x00, 0x60, 0x00,
  0x0F, 0x1C, 0x40, 0x00, 0x02, 0x72, 0x20, 0x00, 0x02, 0xC1, 0xA0, 0x00,
  0x07, 0x00, 0x60, 0x00, 0x0C, 0x00, 0x20, 0x00, 0x00, 0x00, 0x00, 0x00,
  0x00, 0x00, 0x00, 0x00, 0x00, 0x00, 0x00, 0x00, 0x00, 0x00, 0x00, 0x00,
  0x00, 0x00, 0x00, 0x00, 0x00, 0x00, 0x00, 0x00,
};

const uint8_t bitmap_nhl_dal_layer_1[] PROGMEM = {
  0x00, 0x00, 0x00, 0x00, 0x00, 0x00, 0x00, 0x00, 0x00, 0x00, 0x00, 0x00,
  0x00, 0x00, 0x00, 0x00, 0x00, 0x00, 0xC0, 0x00, 0x00, 0x00, 0xC0, 0x00,
  0x00, 0x01, 0xC0, 0x00, 0x00, 0x00, 0x40, 0x00, 0x00, 0x02, 0x40, 0x00,
  0x00, 0x04, 0x40, 0x00, 0x00, 0x04, 0x40, 0x00, 0x00, 0x38, 0x60, 0x00,
  0x00, 0x40, 0x08, 0x00, 0x60, 0x00, 0x00, 0x0E, 0x30, 0x00, 0x00, 0x18,
  0x08, 0x00, 0x00, 0x60, 0x04, 0x00, 0x01, 0x80, 0x02, 0x00, 0x06, 0x00,
  0x04, 0x00, 0x04, 0x00, 0x04, 0x00, 0x08, 0x00, 0x08, 0x00, 0x10, 0x00,
  0x10, 0x00, 0x20, 0x00, 0x1C, 0x0C, 0x00, 0x00, 0x04, 0x22, 0x00, 0x00,
  0x08, 0xC1, 0x90, 0x00, 0x13, 0x00, 0x50, 0x00, 0x1C, 0x00, 0x30, 0x00,
  0x30, 0x00, 0x00, 0x00, 0x00, 0x00, 0x00, 0x00, 0x00, 0x00, 0x00, 0x00,
  0x00, 0x00, 0x00, 0x00, 0x00, 0x00, 0x00, 0x00,
};

const uint8_t bitmap_nhl_dal_layer_2[] PROGMEM = {
  0x00, 0x00, 0x00, 0x00, 0x00, 0x00, 0x00, 0x00, 0x00, 0x00, 0x00, 0x00,
  0x00, 0x00, 0x00, 0x00, 0x00, 0x00, 0x00, 0x00, 0x00, 0x00, 0x00, 0x00,
  0x00, 0x00, 0x00, 0x00, 0x00, 0x00, 0x00, 0x00, 0x00, 0x00, 0x00, 0x00,
  0x00, 0x00, 0x00, 0x00, 0x00, 0x01, 0x00, 0x00, 0x00, 0x01, 0x00, 0x00,
  0x00, 0x02, 0x00, 0x00, 0x00, 0x1F, 0xC0, 0x00, 0x00, 0x30, 0x30, 0x00,
  0x00, 0xE0, 0x00, 0x00, 0x00, 0x40, 0x60, 0x00, 0x00, 0xC0, 0x40, 0x00,
  0x00, 0x80, 0x80, 0x00, 0x01, 0xBF, 0x00, 0x00, 0x00, 0x00, 0x00, 0x00,
  0x00, 0x01, 0x00, 0x00, 0x00, 0x00, 0x80, 0x00, 0x00, 0x00, 0x00, 0x00,
  0x00, 0x00, 0x00, 0x00, 0x00, 0x00, 0x00, 0x00, 0x00, 0x00, 0x00, 0x00,
  0x00, 0x00, 0x00, 0x00, 0x00, 0x00, 0x00, 0x00, 0x00, 0x00, 0x00, 0x00,
  0x00, 0x00, 0x00, 0x00, 0x00, 0x00, 0x00, 0x00,
};

const uint8_t bitmap_nhl_dal_layer_3[] PROGMEM = {
  0x00, 0x00, 0x00, 0x00, 0x00, 0x00, 0x00, 0x00, 0x00, 0x00, 0x00, 0x00,
  0x00, 0x00, 0x00, 0x00, 0x00, 0x00, 0x00, 0x00, 0x00, 0x00, 0x00, 0x00,
  0x00, 0x00, 0x00, 0x00, 0x00, 0x00, 0x00, 0x00, 0x00, 0x00, 0x00, 0x00,
  0x00, 0x00, 0x00, 0x00, 0x00, 0x00, 0x00, 0x00, 0x00, 0x02, 0x00, 0x00,
  0x00, 0x01, 0x00, 0x00, 0x00, 0x00, 0x20, 0x00, 0x00, 0x0F, 0xC0, 0x00,
  0x01, 0x00, 0x74, 0x00, 0x00, 0xA0, 0x10, 0x00, 0x00, 0x20, 0x20, 0x00,
  0x00, 0x40, 0x60, 0x00, 0x00, 0x40, 0x80, 0x00, 0x03, 0x7E, 0x00, 0x00,
  0x00, 0x40, 0x80, 0x00, 0x00, 0x80, 0x00, 0x00, 0x00, 0x00, 0x00, 0x00,
  0x00, 0x00, 0x00, 0x00, 0x00, 0x00, 0x00, 0x00, 0x00, 0x00, 0x00, 0x00,
  0x00, 0x00, 0x00, 0x00, 0x00, 0x00, 0x00, 0x00, 0x00, 0x00, 0x00, 0x00,
  0x00, 0x00, 0x00, 0x00, 0x00, 0x00, 0x00, 0x00,
};

const uint8_t bitmap_nhl_dal_layer_4[] PROGMEM = {
  0x00, 0x00, 0x00, 0x00, 0x00, 0x00, 0x00, 0x00, 0x00, 0x00, 0x00, 0x00,
  0x00, 0x00, 0x00, 0x00, 0x00, 0x00, 0x00, 0x00, 0x00, 0x00, 0x00, 0x00,
  0x00, 0x00, 0x00, 0x00, 0x00, 0x00, 0x00, 0x00, 0x00, 0x00, 0x00, 0x00,
  0x00, 0x01, 0x00, 0x00, 0x00, 0x00, 0x00, 0x00, 0x00, 0x00, 0x00, 0x00,
  0x00, 0x04, 0x00, 0x00, 0x00, 0x20, 0x10, 0x00, 0x03, 0xC0, 0x0F, 0x00,
  0x00, 0x10, 0x0A, 0x00, 0x00, 0x10, 0x00, 0x00, 0x00, 0x00, 0x90, 0x00,
  0x01, 0x21, 0x00, 0x00, 0x00, 0x00, 0x40, 0x00, 0x00, 0x81, 0x80, 0x00,
  0x00, 0xA2, 0x00, 0x00, 0x01, 0x01, 0x40, 0x00, 0x01, 0x00, 0x40, 0x00,
  0x00, 0x00, 0x00, 0x00, 0x00, 0x00, 0x00, 0x00, 0x00, 0x00, 0x00, 0x00,
  0x00, 0x00, 0x00, 0x00, 0x00, 0x00, 0x00, 0x00, 0x00, 0x00, 0x00, 0x00,
  0x00, 0x00, 0x00, 0x00, 0x00, 0x00, 0x00, 0x00,
};

const SportsLogoLayerDef layers_nhl_dal[] = {
  { bitmap_nhl_dal_layer_0, 39, 55, 44 },
  { bitmap_nhl_dal_layer_1, 6, 113, 49 },
  { bitmap_nhl_dal_layer_2, 255, 255, 255 },
  { bitmap_nhl_dal_layer_3, 186, 188, 190 },
  { bitmap_nhl_dal_layer_4, 144, 139, 143 },
};

const uint8_t bitmap_nhl_det_layer_0[] PROGMEM = {
  0x00, 0x00, 0x00, 0x00, 0x00, 0x00, 0x00, 0x00, 0x00, 0x00, 0x00, 0x00,
  0x00, 0x00, 0x00, 0x00, 0x00, 0x00, 0x00, 0x00, 0x00, 0x00, 0x00, 0x00,
  0x00, 0x00, 0x00, 0x0C, 0x00, 0x00, 0x00, 0xC8, 0x00, 0x06, 0x00, 0x24,
  0x00, 0x18, 0xFF, 0x00, 0x00, 0x11, 0xFA, 0xC0, 0x01, 0xE4, 0x42, 0x18,
  0x07, 0xE0, 0x4C, 0x30, 0x1C, 0x10, 0x84, 0x00, 0x39, 0x20, 0x04, 0x30,
  0x34, 0x08, 0x00, 0x00, 0x68, 0x02, 0x10, 0x80, 0x41, 0xD0, 0x40, 0x80,
  0x03, 0xD0, 0x08, 0x00, 0x60, 0x74, 0xC4, 0x00, 0x43, 0x08, 0x00, 0x00,
  0x40, 0x05, 0x00, 0x00, 0x60, 0x01, 0x00, 0x00, 0x20, 0x02, 0x00, 0x00,
  0x10, 0x06, 0x00, 0x00, 0x0C, 0x0C, 0x00, 0x00, 0x03, 0xF0, 0x00, 0x00,
  0x00, 0x00, 0x00, 0x00, 0x00, 0x00, 0x00, 0x00, 0x00, 0x00, 0x00, 0x00,
  0x00, 0x00, 0x00, 0x00, 0x00, 0x00, 0x00, 0x00,
};

const uint8_t bitmap_nhl_det_layer_1[] PROGMEM = {
  0x00, 0x00, 0x00, 0x00, 0x00, 0x00, 0x00, 0x00, 0x00, 0x00, 0x00, 0x00,
  0x00, 0x00, 0x00, 0x00, 0x00, 0x00, 0x00, 0x00, 0x00, 0x00, 0x00, 0x04,
  0x00, 0x00, 0x00, 0x10, 0x00, 0x00, 0x00, 0x32, 0x00, 0x01, 0xFE, 0x0A,
  0x00, 0x07, 0x00, 0x1C, 0x00, 0x20, 0x00, 0x24, 0x00, 0x01, 0xB8, 0x00,
  0x00, 0x08, 0x22, 0x48, 0x00, 0x01, 0x03, 0x00, 0x00, 0xD5, 0x80, 0x40,
  0x00, 0x30, 0x98, 0x00, 0x01, 0x59, 0x21, 0x40, 0x04, 0x24, 0xA7, 0x00,
  0x08, 0x08, 0x12, 0x00, 0x1A, 0x01, 0x28, 0x00, 0x08, 0x33, 0xD0, 0x00,
  0x0D, 0xE8, 0x60, 0x00, 0x06, 0x18, 0x00, 0x00, 0x13, 0xF1, 0x00, 0x00,
  0x08, 0x00, 0x00, 0x00, 0x00, 0x10, 0x00, 0x00, 0x04, 0x00, 0x00, 0x00,
  0x00, 0x00, 0x00, 0x00, 0x00, 0x00, 0x00, 0x00, 0x00, 0x00, 0x00, 0x00,
  0x00, 0x00, 0x00, 0x00, 0x00, 0x00, 0x00, 0x00,
};

const uint8_t bitmap_nhl_det_layer_2[] PROGMEM = {
  0x00, 0x00, 0x00, 0x00, 0x00, 0x00, 0x00, 0x00, 0x00, 0x00, 0x00, 0x00,
  0x00, 0x00, 0x00, 0x00, 0x00, 0x00, 0x00, 0x00, 0x00, 0x00, 0x00, 0x00,
  0x00, 0x00, 0x00, 0x00, 0x00, 0x00, 0x00, 0x00, 0x00, 0x00, 0x01, 0xC0,
  0x00, 0x00, 0x00, 0x02, 0x00, 0x08, 0x00, 0x18, 0x00, 0x12, 0x05, 0xA0,
  0x00, 0x05, 0x91, 0x84, 0x00, 0x0A, 0x08, 0xF8, 0x00, 0x00, 0x53, 0x80,
  0x03, 0xC2, 0x26, 0x60, 0x06, 0x24, 0x0E, 0x00, 0x08, 0x09, 0x08, 0x00,
  0x04, 0x05, 0x60, 0x00, 0x00, 0x0A, 0x12, 0x00, 0x14, 0x04, 0x00, 0x00,
  0x20, 0x12, 0x10, 0x00, 0x09, 0xE6, 0x80, 0x00, 0x04, 0x00, 0x00, 0x00,
  0x01, 0xC0, 0x00, 0x00, 0x02, 0x00, 0x00, 0x00, 0x00, 0x00, 0x00, 0x00,
  0x00, 0x00, 0x00, 0x00, 0x00, 0x00, 0x00, 0x00, 0x00, 0x00, 0x00, 0x00,
  0x00, 0x00, 0x00, 0x00, 0x00, 0x00, 0x00, 0x00,
};

const uint8_t bitmap_nhl_det_layer_3[] PROGMEM = {
  0x00, 0x00, 0x00, 0x00, 0x00, 0x00, 0x00, 0x00, 0x00, 0x00, 0x00, 0x00,
  0x00, 0x00, 0x00, 0x00, 0x00, 0x00, 0x00, 0x00, 0x00, 0x00, 0x00, 0x00,
  0x00, 0x00, 0x00, 0x00, 0x00, 0x00, 0x00, 0x00, 0x00, 0x00, 0x00, 0x10,
  0x00, 0x00, 0x00, 0xE0, 0x00, 0x06, 0x05, 0x00, 0x00, 0x08, 0x00, 0x00,
  0x00, 0x12, 0x00, 0x00, 0x03, 0xE4, 0x00, 0x00, 0x06, 0x08, 0x08, 0x00,
  0x08, 0x01, 0x00, 0x00, 0x10, 0x00, 0x00, 0x00, 0x30, 0x02, 0x00, 0x00,
  0x70, 0x20, 0x84, 0x00, 0x01, 0x00, 0x00, 0x00, 0x00, 0xC0, 0x20, 0x00,
  0x00, 0x00, 0x80, 0x00, 0x00, 0x00, 0x00, 0x00, 0x00, 0x00, 0x00, 0x00,
  0x00, 0x00, 0x00, 0x00, 0x00, 0x00, 0x00, 0x00, 0x00, 0x00, 0x00, 0x00,
  0x00, 0x00, 0x00, 0x00, 0x00, 0x00, 0x00, 0x00, 0x00, 0x00, 0x00, 0x00,
  0x00, 0x00, 0x00, 0x00, 0x00, 0x00, 0x00, 0x00,
};

const uint8_t bitmap_nhl_det_layer_4[] PROGMEM = {
  0x00, 0x00, 0x00, 0x00, 0x00, 0x00, 0x00, 0x00, 0x00, 0x00, 0x00, 0x00,
  0x00, 0x00, 0x00, 0x00, 0x00, 0x00, 0x00, 0x00, 0x00, 0x00, 0x00, 0x00,
  0x00, 0x00, 0x00, 0x00, 0x00, 0x00, 0x00, 0x04, 0x00, 0x00, 0x00, 0x00,
  0x00, 0x00, 0x00, 0x00, 0x00, 0x00, 0x00, 0x00, 0x00, 0x00, 0x00, 0x40,
  0x00, 0x00, 0x00, 0x00, 0x00, 0x00, 0x70, 0x00, 0x00, 0x02, 0x20, 0x00,
  0x00, 0x04, 0x41, 0x80, 0x00, 0x80, 0xC0, 0x00, 0x02, 0x00, 0x10, 0x00,
  0x00, 0x02, 0x00, 0x00, 0x04, 0x80, 0x00, 0x00, 0x20, 0x00, 0x00, 0x00,
  0x12, 0x00, 0x00, 0x00, 0x10, 0x00, 0x00, 0x00, 0x08, 0x0C, 0x00, 0x00,
  0x06, 0x38, 0x00, 0x00, 0x01, 0xE0, 0x00, 0x00, 0x00, 0x00, 0x00, 0x00,
  0x00, 0x00, 0x00, 0x00, 0x00, 0x00, 0x00, 0x00, 0x00, 0x00, 0x00, 0x00,
  0x00, 0x00, 0x00, 0x00, 0x00, 0x00, 0x00, 0x00,
};

const SportsLogoLayerDef layers_nhl_det[] = {
  { bitmap_nhl_det_layer_0, 248, 151, 163 },
  { bitmap_nhl_det_layer_1, 242, 109, 126 },
  { bitmap_nhl_det_layer_2, 239, 76, 98 },
  { bitmap_nhl_det_layer_3, 251, 213, 218 },
  { bitmap_nhl_det_layer_4, 235, 27, 56 },
};

const uint8_t bitmap_nhl_edm_layer_0[] PROGMEM = {
  0x00, 0x00, 0x00, 0x00, 0x00, 0x1D, 0xB8, 0x00, 0x00, 0x61, 0x86, 0x00,
  0x01, 0x82, 0x41, 0x80, 0x02, 0x32, 0x4C, 0x40, 0x04, 0x64, 0x26, 0x20,
  0x09, 0xE4, 0x27, 0x90, 0x13, 0xE4, 0x27, 0xC8, 0x13, 0xE4, 0x27, 0xC8,
  0x27, 0xF3, 0xCF, 0xE4, 0x2F, 0xF8, 0x1F, 0xF4, 0x4F, 0xFE, 0x7F, 0xF2,
  0x48, 0x02, 0x01, 0x12, 0x58, 0x02, 0x00, 0x12, 0x18, 0x16, 0x00, 0x1A,
  0x18, 0x16, 0x60, 0x78, 0x18, 0x16, 0x21, 0x38, 0x18, 0x14, 0x41, 0x1A,
  0x58, 0x10, 0x40, 0x12, 0x48, 0x00, 0x00, 0x12, 0x48, 0x00, 0x00, 0x12,
  0x2C, 0x00, 0x00, 0x34, 0x24, 0x00, 0x00, 0x24, 0x12, 0x00, 0x00, 0x48,
  0x12, 0x00, 0x00, 0x48, 0x09, 0x00, 0x01, 0x90, 0x04, 0x00, 0x00, 0x20,
  0x02, 0x00, 0x00, 0x40, 0x01, 0x80, 0x01, 0x80, 0x00, 0x60, 0x06, 0x00,
  0x00, 0x1E, 0x78, 0x00, 0x00, 0x00, 0x00, 0x00,
};

const uint8_t bitmap_nhl_edm_layer_1[] PROGMEM = {
  0x00, 0x00, 0x00, 0x00, 0x00, 0x00, 0x00, 0x00, 0x00, 0x1A, 0x58, 0x00,
  0x00, 0x40, 0x02, 0x00, 0x00, 0x00, 0x00, 0x00, 0x02, 0x00, 0x00, 0x00,
  0x04, 0x18, 0x18, 0x00, 0x00, 0x18, 0x08, 0x00, 0x00, 0x00, 0x00, 0x00,
  0x10, 0x00, 0x10, 0x08, 0x00, 0x04, 0x20, 0x00, 0x20, 0x00, 0x00, 0x00,
  0x00, 0x51, 0xB0, 0x08, 0x00, 0x10, 0x22, 0x20, 0x00, 0xE1, 0xBA, 0xC0,
  0x00, 0xA1, 0x9F, 0x00, 0x00, 0xA1, 0x52, 0x00, 0x00, 0xA1, 0x98, 0x20,
  0x00, 0xA3, 0xB3, 0x00, 0x07, 0xC7, 0x75, 0xAC, 0x20, 0x90, 0x25, 0x00,
  0x00, 0x92, 0x25, 0x00, 0x10, 0x92, 0x25, 0x48, 0x00, 0x12, 0x25, 0x00,
  0x00, 0x12, 0x24, 0x00, 0x00, 0x12, 0x24, 0x00, 0x00, 0x02, 0x24, 0x00,
  0x00, 0x42, 0x30, 0x00, 0x00, 0x4D, 0xD2, 0x00, 0x00, 0x08, 0x10, 0x00,
  0x00, 0x00, 0x00, 0x00, 0x00, 0x00, 0x00, 0x00,
};

const uint8_t bitmap_nhl_edm_layer_2[] PROGMEM = {
  0x00, 0x00, 0x00, 0x00, 0x00, 0x00, 0x00, 0x00, 0x00, 0x04, 0x20, 0x00,
  0x00, 0x24, 0x24, 0x00, 0x00, 0x88, 0x01, 0x00, 0x01, 0x08, 0x10, 0x80,
  0x02, 0x00, 0x00, 0x40, 0x04, 0x00, 0x00, 0x20, 0x08, 0x08, 0x10, 0x10,
  0x00, 0x00, 0x20, 0x00, 0x10, 0x02, 0x40, 0x08, 0x00, 0x00, 0x00, 0x00,
  0x00, 0x00, 0x00, 0x00, 0x23, 0x29, 0xCC, 0xC4, 0x20, 0x08, 0x00, 0x04,
  0x20, 0x08, 0x00, 0x04, 0x20, 0x08, 0x8C, 0x84, 0x20, 0x08, 0x00, 0x44,
  0x20, 0x00, 0x00, 0x00, 0x00, 0x08, 0x00, 0x00, 0x03, 0x2C, 0xCA, 0xC0,
  0x13, 0x2C, 0xCA, 0xC8, 0x01, 0x2C, 0xCA, 0x80, 0x09, 0x2C, 0xCA, 0x90,
  0x04, 0x0C, 0xCA, 0x20, 0x02, 0x6C, 0xCA, 0x40, 0x01, 0x0C, 0xD8, 0x80,
  0x00, 0x84, 0xC1, 0x00, 0x00, 0x20, 0x04, 0x00, 0x00, 0x00, 0x00, 0x00,
  0x00, 0x00, 0x00, 0x00, 0x00, 0x00, 0x00, 0x00,
};

const uint8_t bitmap_nhl_edm_layer_3[] PROGMEM = {
  0x00, 0x00, 0x00, 0x00, 0x00, 0x02, 0x40, 0x00, 0x00, 0x00, 0x00, 0x00,
  0x00, 0x01, 0x80, 0x00, 0x01, 0x05, 0xA0, 0x80, 0x00, 0x93, 0xC9, 0x40,
  0x00, 0x03, 0xC0, 0x20, 0x08, 0x03, 0xC0, 0x10, 0x04, 0x13, 0xC8, 0x20,
  0x00, 0x00, 0x00, 0x00, 0x00, 0x00, 0x00, 0x00, 0x00, 0x01, 0x80, 0x04,
  0x14, 0x84, 0x02, 0x20, 0x00, 0x04, 0x01, 0x08, 0x43, 0x00, 0x45, 0x00,
  0x43, 0x40, 0x00, 0x02, 0x43, 0x40, 0x00, 0x42, 0x43, 0x42, 0x24, 0x80,
  0x03, 0x44, 0x0C, 0xC8, 0x10, 0x10, 0x00, 0x00, 0x04, 0x00, 0x00, 0x24,
  0x00, 0x00, 0x00, 0x00, 0x00, 0x00, 0x00, 0x00, 0x04, 0x00, 0x00, 0x20,
  0x09, 0x00, 0x00, 0x90, 0x04, 0x80, 0x00, 0x20, 0x02, 0xC0, 0x03, 0x40,
  0x01, 0x30, 0x0C, 0x80, 0x00, 0x02, 0x20, 0x00, 0x00, 0x10, 0x08, 0x00,
  0x00, 0x01, 0x80, 0x00, 0x00, 0x00, 0x00, 0x00,
};

const uint8_t bitmap_nhl_edm_layer_4[] PROGMEM = {
  0x00, 0x00, 0x00, 0x00, 0x00, 0x00, 0x00, 0x00, 0x00, 0x00, 0x00, 0x00,
  0x00, 0x18, 0x18, 0x00, 0x00, 0x40, 0x12, 0x00, 0x00, 0x00, 0x00, 0x00,
  0x00, 0x00, 0x00, 0x00, 0x00, 0x00, 0x10, 0x00, 0x00, 0x00, 0x00, 0x00,
  0x08, 0x0C, 0x00, 0x10, 0x00, 0x01, 0x80, 0x00, 0x10, 0x00, 0x00, 0x08,
  0x23, 0x28, 0x4C, 0xC4, 0x04, 0xC0, 0x10, 0x00, 0x04, 0x00, 0x00, 0x20,
  0x04, 0x00, 0x00, 0x80, 0x04, 0x00, 0x00, 0x00, 0x04, 0x00, 0x02, 0x00,
  0x04, 0x08, 0x00, 0x24, 0x20, 0x20, 0x8A, 0x40, 0x10, 0x43, 0x10, 0x08,
  0x00, 0x41, 0x10, 0x00, 0x0A, 0x41, 0x10, 0x10, 0x00, 0xC1, 0x10, 0x00,
  0x00, 0xE1, 0x11, 0x00, 0x00, 0x01, 0x10, 0x00, 0x00, 0x31, 0x00, 0x00,
  0x00, 0x09, 0x02, 0x00, 0x00, 0x10, 0x08, 0x00, 0x00, 0x07, 0xE0, 0x00,
  0x00, 0x00, 0x00, 0x00, 0x00, 0x00, 0x00, 0x00,
};

const SportsLogoLayerDef layers_nhl_edm[] = {
  { bitmap_nhl_edm_layer_0, 255, 255, 255 },
  { bitmap_nhl_edm_layer_1, 74, 90, 138 },
  { bitmap_nhl_edm_layer_2, 3, 18, 86 },
  { bitmap_nhl_edm_layer_3, 161, 141, 158 },
  { bitmap_nhl_edm_layer_4, 34, 53, 112 },
};

const uint8_t bitmap_nhl_fla_layer_0[] PROGMEM = {
  0x00, 0x00, 0x00, 0x00, 0x00, 0x3F, 0xF8, 0x00, 0x03, 0xF8, 0x3F, 0x80,
  0x0E, 0x00, 0x00, 0xE0, 0x30, 0x00, 0x00, 0x18, 0x20, 0x00, 0x00, 0x08,
  0x20, 0x00, 0x00, 0x08, 0x20, 0x00, 0x00, 0x08, 0x20, 0x1F, 0xF0, 0x08,
  0x21, 0x00, 0x03, 0x08, 0x28, 0x00, 0x0E, 0x28, 0x30, 0x08, 0x29, 0x18,
  0x30, 0x22, 0x0A, 0x18, 0x38, 0x42, 0xC2, 0x38, 0x18, 0x88, 0x4A, 0x30,
  0x18, 0x50, 0x00, 0x30, 0x11, 0x50, 0x00, 0x30, 0x1C, 0x04, 0x04, 0x30,
  0x09, 0xD0, 0x02, 0x20, 0x0E, 0xA0, 0x0A, 0x60, 0x04, 0x20, 0x72, 0x40,
  0x07, 0x02, 0x00, 0xC0, 0x02, 0x02, 0x40, 0x80, 0x01, 0x00, 0x25, 0x00,
  0x01, 0x81, 0x03, 0x00, 0x00, 0xC1, 0x06, 0x00, 0x00, 0x60, 0x0C, 0x00,
  0x00, 0x30, 0x18, 0x00, 0x00, 0x0C, 0x60, 0x00, 0x00, 0x07, 0xC0, 0x00,
  0x00, 0x01, 0x00, 0x00, 0x00, 0x00, 0x00, 0x00,
};

const uint8_t bitmap_nhl_fla_layer_1[] PROGMEM = {
  0x00, 0x00, 0x00, 0x00, 0x00, 0x00, 0x00, 0x00, 0x00, 0x07, 0xC0, 0x00,
  0x01, 0x80, 0x03, 0x00, 0x0C, 0x04, 0x0C, 0x60, 0x10, 0x9C, 0x08, 0x10,
  0x14, 0x81, 0x21, 0x50, 0x16, 0x40, 0x04, 0x50, 0x10, 0xE0, 0x0E, 0x10,
  0x16, 0x00, 0x00, 0xD0, 0x10, 0x04, 0x00, 0x10, 0x00, 0x07, 0xD0, 0x00,
  0x00, 0x1D, 0xF0, 0x00, 0x00, 0x31, 0x38, 0x00, 0x00, 0x77, 0x30, 0x00,
  0x00, 0x8F, 0xFF, 0x00, 0x08, 0x07, 0xFF, 0x80, 0x00, 0x03, 0xFB, 0xC0,
  0x04, 0x07, 0xF9, 0xC0, 0x00, 0x01, 0xF1, 0x80, 0x02, 0x00, 0x01, 0x80,
  0x00, 0x00, 0x03, 0x00, 0x01, 0x00, 0x03, 0x00, 0x00, 0x80, 0x02, 0x00,
  0x00, 0x40, 0x04, 0x00, 0x00, 0x20, 0x08, 0x00, 0x00, 0x13, 0x10, 0x00,
  0x00, 0x0F, 0x20, 0x00, 0x00, 0x03, 0x80, 0x00, 0x00, 0x00, 0x00, 0x00,
  0x00, 0x00, 0x00, 0x00, 0x00, 0x00, 0x00, 0x00,
};

const uint8_t bitmap_nhl_fla_layer_2[] PROGMEM = {
  0x00, 0x00, 0x00, 0x00, 0x00, 0x00, 0x00, 0x00, 0x00, 0x00, 0x00, 0x00,
  0x00, 0x00, 0x00, 0x00, 0x00, 0x00, 0x00, 0x00, 0x00, 0x00, 0x00, 0x00,
  0x00, 0x00, 0x00, 0x00, 0x00, 0x00, 0x00, 0x00, 0x00, 0x00, 0x00, 0x00,
  0x00, 0xFF, 0xFC, 0x00, 0x07, 0xFB, 0xF1, 0xC0, 0x0F, 0xF0, 0x06, 0xE0,
  0x0F, 0xC0, 0x05, 0xE0, 0x07, 0x8C, 0x05, 0xC0, 0x07, 0x00, 0x85, 0xC0,
  0x07, 0x20, 0x00, 0xC0, 0x06, 0x88, 0x00, 0x40, 0x02, 0x08, 0x00, 0x00,
  0x02, 0x08, 0x04, 0x00, 0x01, 0x1E, 0x04, 0x00, 0x01, 0x9F, 0x8C, 0x00,
  0x00, 0xFD, 0xFC, 0x00, 0x00, 0xFC, 0xBC, 0x00, 0x00, 0x7E, 0x18, 0x00,
  0x00, 0x3E, 0x18, 0x00, 0x00, 0x1E, 0x00, 0x00, 0x00, 0x0C, 0x00, 0x00,
  0x00, 0x00, 0x00, 0x00, 0x00, 0x00, 0x00, 0x00, 0x00, 0x00, 0x00, 0x00,
  0x00, 0x00, 0x00, 0x00, 0x00, 0x00, 0x00, 0x00,
};

const uint8_t bitmap_nhl_fla_layer_3[] PROGMEM = {
  0x00, 0x00, 0x00, 0x00, 0x00, 0x00, 0x00, 0x00, 0x00, 0x00, 0x00, 0x00,
  0x00, 0x7F, 0xFC, 0x00, 0x03, 0xF2, 0x53, 0x80, 0x0D, 0x62, 0x53, 0x60,
  0x09, 0x36, 0xD2, 0x20, 0x09, 0xBF, 0xFB, 0x20, 0x0F, 0x00, 0x01, 0xE0,
  0x08, 0x00, 0x00, 0x20, 0x00, 0x00, 0x00, 0x00, 0x00, 0x00, 0x00, 0x00,
  0x00, 0x00, 0x00, 0x00, 0x00, 0x00, 0x00, 0x00, 0x00, 0x00, 0x00, 0x00,
  0x00, 0x00, 0x00, 0x00, 0x00, 0x00, 0x00, 0x00, 0x00, 0x00, 0x00, 0x00,
  0x00, 0x00, 0x00, 0x00, 0x00, 0x00, 0x00, 0x00, 0x00, 0x00, 0x00, 0x00,
  0x00, 0x00, 0x00, 0x00, 0x00, 0x00, 0x00, 0x00, 0x00, 0x00, 0x00, 0x00,
  0x00, 0x00, 0x00, 0x00, 0x00, 0x00, 0x00, 0x00, 0x00, 0x00, 0x00, 0x00,
  0x00, 0x00, 0x00, 0x00, 0x00, 0x00, 0x00, 0x00, 0x00, 0x00, 0x00, 0x00,
  0x00, 0x00, 0x00, 0x00, 0x00, 0x00, 0x00, 0x00,
};

const uint8_t bitmap_nhl_fla_layer_4[] PROGMEM = {
  0x00, 0x00, 0x00, 0x00, 0x00, 0xC0, 0x06, 0x00, 0x04, 0x00, 0x00, 0x40,
  0x10, 0x00, 0x00, 0x10, 0x00, 0x09, 0xA0, 0x00, 0x02, 0x01, 0xA4, 0x80,
  0x02, 0x48, 0x0C, 0x80, 0x00, 0x00, 0x00, 0x80, 0x00, 0x00, 0x00, 0x00,
  0x00, 0x00, 0x00, 0x00, 0x00, 0x00, 0x00, 0x00, 0x00, 0x00, 0x00, 0x00,
  0x00, 0x00, 0x00, 0x00, 0x00, 0x00, 0x00, 0x00, 0x20, 0x00, 0x00, 0x08,
  0x20, 0x00, 0x00, 0x08, 0x00, 0x20, 0x00, 0x00, 0x01, 0xF0, 0x00, 0x00,
  0x10, 0x20, 0x00, 0x10, 0x00, 0x40, 0x00, 0x00, 0x08, 0x40, 0x00, 0x20,
  0x00, 0x00, 0x00, 0x00, 0x04, 0x01, 0x00, 0x40, 0x02, 0x01, 0xC0, 0x80,
  0x00, 0x00, 0xE0, 0x00, 0x00, 0x00, 0xF0, 0x00, 0x00, 0x00, 0xE0, 0x00,
  0x00, 0x00, 0xC0, 0x00, 0x00, 0x10, 0x10, 0x00, 0x00, 0x08, 0x20, 0x00,
  0x00, 0x02, 0x80, 0x00, 0x00, 0x00, 0x00, 0x00,
};

const SportsLogoLayerDef layers_nhl_fla[] = {
  { bitmap_nhl_fla_layer_0, 105, 103, 105 },
  { bitmap_nhl_fla_layer_1, 193, 136, 89 },
  { bitmap_nhl_fla_layer_2, 12, 27, 66 },
  { bitmap_nhl_fla_layer_3, 237, 43, 60 },
  { bitmap_nhl_fla_layer_4, 222, 200, 209 },
};

const uint8_t bitmap_nhl_la_layer_0[] PROGMEM = {
  0x00, 0x00, 0x00, 0x00, 0x00, 0x00, 0x00, 0x00, 0x00, 0x00, 0x00, 0x00,
  0x00, 0x00, 0x00, 0x00, 0x00, 0x00, 0x00, 0x00, 0x00, 0x00, 0x00, 0x00,
  0x00, 0x3F, 0xFC, 0x00, 0x00, 0x40, 0x02, 0x00, 0x00, 0x41, 0x72, 0x00,
  0x00, 0x00, 0x40, 0x00, 0x08, 0x00, 0x00, 0x00, 0x02, 0x46, 0x8D, 0x20,
  0x03, 0x42, 0xB2, 0x14, 0x11, 0x0A, 0xC0, 0x40, 0x00, 0x03, 0xC6, 0x20,
  0x05, 0x05, 0x22, 0x48, 0x20, 0x30, 0x11, 0x40, 0x0A, 0x11, 0x04, 0x80,
  0x00, 0x00, 0x00, 0x10, 0x3F, 0x80, 0x01, 0xE0, 0x00, 0x42, 0x42, 0x00,
  0x00, 0x43, 0xC2, 0x00, 0x00, 0x03, 0xC0, 0x00, 0x00, 0x00, 0x00, 0x00,
  0x00, 0x00, 0x00, 0x00, 0x00, 0x00, 0x00, 0x00, 0x00, 0x00, 0x00, 0x00,
  0x00, 0x00, 0x00, 0x00, 0x00, 0x00, 0x00, 0x00, 0x00, 0x00, 0x00, 0x00,
  0x00, 0x00, 0x00, 0x00, 0x00, 0x00, 0x00, 0x00,
};

const uint8_t bitmap_nhl_la_layer_1[] PROGMEM = {
  0x00, 0x00, 0x00, 0x00, 0x00, 0x00, 0x00, 0x00, 0x00, 0x00, 0x00, 0x00,
  0x00, 0x00, 0x00, 0x00, 0x00, 0x00, 0x00, 0x00, 0x00, 0x00, 0x00, 0x00,
  0x00, 0x00, 0x00, 0x00, 0x00, 0x00, 0x00, 0x00, 0x00, 0x00, 0x00, 0x00,
  0x00, 0x40, 0x02, 0x00, 0x03, 0xFF, 0xF3, 0x70, 0x00, 0x00, 0x00, 0x00,
  0x04, 0x24, 0x00, 0x20, 0x04, 0x64, 0x03, 0x38, 0x00, 0x60, 0x09, 0x00,
  0x10, 0x48, 0x09, 0x80, 0x08, 0x4A, 0x48, 0x00, 0x00, 0x02, 0x40, 0x20,
  0x00, 0x3F, 0xFC, 0x80, 0x00, 0x1E, 0x78, 0x00, 0x00, 0x18, 0x18, 0x00,
  0x00, 0x18, 0x18, 0x00, 0x00, 0x04, 0x20, 0x00, 0x00, 0x01, 0x80, 0x00,
  0x00, 0x00, 0x00, 0x00, 0x00, 0x00, 0x00, 0x00, 0x00, 0x00, 0x00, 0x00,
  0x00, 0x00, 0x00, 0x00, 0x00, 0x00, 0x00, 0x00, 0x00, 0x00, 0x00, 0x00,
  0x00, 0x00, 0x00, 0x00, 0x00, 0x00, 0x00, 0x00,
};

const uint8_t bitmap_nhl_la_layer_2[] PROGMEM = {
  0x00, 0x00, 0x00, 0x00, 0x00, 0x00, 0x00, 0x00, 0x00, 0x00, 0x00, 0x00,
  0x00, 0x00, 0x00, 0x00, 0x00, 0x00, 0x00, 0x00, 0x00, 0x00, 0x00, 0x00,
  0x00, 0x40, 0x02, 0x00, 0x00, 0x00, 0x00, 0x00, 0x00, 0x00, 0x00, 0x00,
  0x08, 0x00, 0x00, 0x02, 0x00, 0x00, 0x00, 0x02, 0x11, 0x29, 0x22, 0x50,
  0x10, 0x09, 0x08, 0x80, 0x02, 0x91, 0x10, 0x84, 0x23, 0x90, 0x10, 0x44,
  0x22, 0x90, 0x94, 0x20, 0x04, 0x85, 0xA4, 0x28, 0x44, 0xA4, 0x99, 0x48,
  0x40, 0x00, 0x00, 0x00, 0x40, 0x00, 0x00, 0x10, 0x00, 0x00, 0x00, 0x00,
  0x00, 0x00, 0x00, 0x00, 0x00, 0x40, 0x02, 0x00, 0x00, 0x30, 0x0C, 0x00,
  0x00, 0x0C, 0x30, 0x00, 0x00, 0x03, 0xC0, 0x00, 0x00, 0x00, 0x00, 0x00,
  0x00, 0x00, 0x00, 0x00, 0x00, 0x00, 0x00, 0x00, 0x00, 0x00, 0x00, 0x00,
  0x00, 0x00, 0x00, 0x00, 0x00, 0x00, 0x00, 0x00,
};

const uint8_t bitmap_nhl_la_layer_3[] PROGMEM = {
  0x00, 0x00, 0x00, 0x00, 0x00, 0x00, 0x00, 0x00, 0x00, 0x00, 0x00, 0x00,
  0x00, 0x00, 0x00, 0x00, 0x00, 0x00, 0x00, 0x00, 0x00, 0x00, 0x00, 0x00,
  0x00, 0x00, 0x00, 0x00, 0x00, 0x00, 0x00, 0x00, 0x00, 0x1E, 0x88, 0x00,
  0x07, 0x9F, 0xB9, 0xFC, 0x00, 0x00, 0x04, 0x00, 0x08, 0x90, 0x50, 0x84,
  0x00, 0x90, 0x41, 0x40, 0x00, 0x00, 0x28, 0x00, 0x14, 0x0C, 0x20, 0x88,
  0x00, 0x22, 0x40, 0x00, 0x03, 0x00, 0x02, 0x00, 0x21, 0x48, 0x22, 0x10,
  0x00, 0x00, 0x00, 0x00, 0x00, 0x41, 0x82, 0x00, 0x00, 0x05, 0xA0, 0x00,
  0x00, 0x04, 0x20, 0x00, 0x00, 0x20, 0x04, 0x00, 0x00, 0x08, 0x10, 0x00,
  0x00, 0x02, 0x40, 0x00, 0x00, 0x00, 0x00, 0x00, 0x00, 0x00, 0x00, 0x00,
  0x00, 0x00, 0x00, 0x00, 0x00, 0x00, 0x00, 0x00, 0x00, 0x00, 0x00, 0x00,
  0x00, 0x00, 0x00, 0x00, 0x00, 0x00, 0x00, 0x00,
};

const uint8_t bitmap_nhl_la_layer_4[] PROGMEM = {
  0x00, 0x00, 0x00, 0x00, 0x00, 0x00, 0x00, 0x00, 0x00, 0x00, 0x00, 0x00,
  0x00, 0x00, 0x00, 0x00, 0x00, 0x00, 0x00, 0x00, 0x00, 0x00, 0x00, 0x00,
  0x00, 0x00, 0x00, 0x00, 0x00, 0x3F, 0xFC, 0x00, 0x00, 0x20, 0x04, 0x00,
  0x00, 0x20, 0x04, 0x00, 0x04, 0x00, 0x08, 0x8C, 0x04, 0x00, 0x00, 0x08,
  0x08, 0x00, 0x04, 0x08, 0x08, 0x00, 0x04, 0x00, 0x08, 0x00, 0x00, 0x10,
  0x08, 0x00, 0x00, 0x10, 0x10, 0x00, 0x00, 0x90, 0x10, 0x00, 0x00, 0x00,
  0x3F, 0xC0, 0x03, 0x60, 0x00, 0x20, 0x04, 0x00, 0x00, 0x20, 0x04, 0x00,
  0x00, 0x20, 0x04, 0x00, 0x00, 0x18, 0x18, 0x00, 0x00, 0x06, 0x60, 0x00,
  0x00, 0x01, 0x80, 0x00, 0x00, 0x00, 0x00, 0x00, 0x00, 0x00, 0x00, 0x00,
  0x00, 0x00, 0x00, 0x00, 0x00, 0x00, 0x00, 0x00, 0x00, 0x00, 0x00, 0x00,
  0x00, 0x00, 0x00, 0x00, 0x00, 0x00, 0x00, 0x00,
};

const SportsLogoLayerDef layers_nhl_la[] = {
  { bitmap_nhl_la_layer_0, 82, 84, 84 },
  { bitmap_nhl_la_layer_1, 160, 167, 169 },
  { bitmap_nhl_la_layer_2, 30, 30, 30 },
  { bitmap_nhl_la_layer_3, 119, 122, 123 },
  { bitmap_nhl_la_layer_4, 191, 197, 199 },
};

const uint8_t bitmap_nhl_min_layer_0[] PROGMEM = {
  0x00, 0x00, 0x00, 0x00, 0x00, 0x00, 0x00, 0x00, 0x00, 0x00, 0x00, 0x00,
  0x00, 0x00, 0x00, 0x00, 0x00, 0x00, 0x00, 0x00, 0x00, 0x00, 0x00, 0x00,
  0x00, 0x00, 0x00, 0x00, 0x00, 0x01, 0x20, 0x00, 0x00, 0x02, 0x10, 0x00,
  0x00, 0x04, 0x03, 0x00, 0x00, 0x00, 0x00, 0x20, 0x00, 0x03, 0xF0, 0x08,
  0x03, 0x80, 0x00, 0x10, 0x03, 0x00, 0x00, 0xA0, 0x07, 0xC0, 0x11, 0xC0,
  0x1E, 0x00, 0x99, 0x80, 0x38, 0x04, 0x99, 0x00, 0x18, 0x24, 0x9A, 0x00,
  0x0D, 0xFF, 0xBF, 0x00, 0x07, 0x8F, 0xFE, 0x00, 0x00, 0x0F, 0xFC, 0x00,
  0x00, 0x1F, 0xF8, 0x00, 0x00, 0x7F, 0xF0, 0x00, 0x00, 0x00, 0x60, 0x00,
  0x00, 0x00, 0x00, 0x00, 0x00, 0x00, 0x00, 0x00, 0x00, 0x00, 0x00, 0x00,
  0x00, 0x00, 0x00, 0x00, 0x00, 0x00, 0x00, 0x00, 0x00, 0x00, 0x00, 0x00,
  0x00, 0x00, 0x00, 0x00, 0x00, 0x00, 0x00, 0x00,
};

const uint8_t bitmap_nhl_min_layer_1[] PROGMEM = {
  0x00, 0x00, 0x00, 0x00, 0x00, 0x00, 0x00, 0x00, 0x00, 0x00, 0x00, 0x00,
  0x00, 0x00, 0x00, 0x00, 0x00, 0x00, 0x00, 0x00, 0x00, 0x00, 0x00, 0x00,
  0x00, 0x00, 0x00, 0x00, 0x00, 0x00, 0x00, 0x00, 0x00, 0x00, 0x00, 0x00,
  0x00, 0x00, 0x00, 0x00, 0x00, 0x04, 0x1F, 0x00, 0x00, 0x00, 0x03, 0xE0,
  0x00, 0x00, 0x3F, 0x60, 0x00, 0x0F, 0xEE, 0x40, 0x00, 0x1F, 0x66, 0x00,
  0x00, 0xFA, 0x66, 0x00, 0x03, 0xDA, 0x64, 0x00, 0x07, 0x02, 0x44, 0x00,
  0x00, 0x00, 0x00, 0x00, 0x00, 0x00, 0x00, 0x00, 0x00, 0x00, 0x00, 0x00,
  0x00, 0x00, 0x00, 0x00, 0x00, 0x00, 0x00, 0x00, 0x00, 0x00, 0x00, 0x00,
  0x00, 0x00, 0x00, 0x00, 0x00, 0x00, 0x00, 0x00, 0x00, 0x00, 0x00, 0x00,
  0x00, 0x00, 0x00, 0x00, 0x00, 0x00, 0x00, 0x00, 0x00, 0x00, 0x00, 0x00,
  0x00, 0x00, 0x00, 0x00, 0x00, 0x00, 0x00, 0x00,
};

const uint8_t bitmap_nhl_min_layer_2[] PROGMEM = {
  0x00, 0x00, 0x00, 0x00, 0x00, 0x00, 0x00, 0x00, 0x00, 0x00, 0x00, 0x00,
  0x00, 0x00, 0x00, 0x00, 0x00, 0x00, 0x00, 0x00, 0x00, 0x00, 0x00, 0x00,
  0x00, 0x03, 0x30, 0x00, 0x00, 0x04, 0x08, 0x00, 0x00, 0x08, 0xCF, 0xF0,
  0x00, 0x20, 0x00, 0x1C, 0x01, 0x80, 0x00, 0x06, 0x06, 0x00, 0x00, 0x06,
  0x04, 0x00, 0x00, 0x0C, 0x08, 0x00, 0x00, 0x18, 0x10, 0x00, 0x00, 0x10,
  0x40, 0x00, 0x00, 0x20, 0x00, 0x00, 0x00, 0x40, 0x40, 0x00, 0x00, 0xC0,
  0x20, 0x00, 0x00, 0x40, 0x10, 0x60, 0x00, 0x80, 0x07, 0x60, 0x01, 0x00,
  0x01, 0x00, 0x02, 0x00, 0x00, 0x00, 0x04, 0x00, 0x00, 0x40, 0x08, 0x00,
  0x00, 0x00, 0x90, 0x00, 0x00, 0x00, 0x60, 0x00, 0x00, 0x00, 0x00, 0x00,
  0x00, 0x00, 0x00, 0x00, 0x00, 0x00, 0x00, 0x00, 0x00, 0x00, 0x00, 0x00,
  0x00, 0x00, 0x00, 0x00, 0x00, 0x00, 0x00, 0x00,
};

const uint8_t bitmap_nhl_min_layer_3[] PROGMEM = {
  0x00, 0x00, 0x00, 0x00, 0x00, 0x00, 0x00, 0x00, 0x00, 0x00, 0x00, 0x00,
  0x00, 0x00, 0x00, 0x00, 0x00, 0x00, 0x00, 0x00, 0x00, 0x00, 0x00, 0x00,
  0x00, 0x00, 0x00, 0x00, 0x00, 0x00, 0xC0, 0x00, 0x00, 0x00, 0x00, 0x00,
  0x00, 0x00, 0x1C, 0xC0, 0x00, 0x38, 0x00, 0xD0, 0x00, 0xFC, 0x0C, 0x10,
  0x00, 0x0E, 0x00, 0x80, 0x00, 0xB0, 0x11, 0x00, 0x08, 0x20, 0x88, 0x00,
  0x01, 0x05, 0x00, 0x00, 0x04, 0x21, 0x02, 0x00, 0x20, 0xD9, 0x21, 0x00,
  0x12, 0x00, 0x40, 0x00, 0x00, 0x10, 0x00, 0x00, 0x00, 0x00, 0x00, 0x00,
  0x00, 0x40, 0x00, 0x00, 0x00, 0x00, 0x00, 0x00, 0x00, 0x00, 0x90, 0x00,
  0x00, 0x00, 0x20, 0x00, 0x00, 0x00, 0x00, 0x00, 0x00, 0x00, 0x00, 0x00,
  0x00, 0x00, 0x00, 0x00, 0x00, 0x00, 0x00, 0x00, 0x00, 0x00, 0x00, 0x00,
  0x00, 0x00, 0x00, 0x00, 0x00, 0x00, 0x00, 0x00,
};

const uint8_t bitmap_nhl_min_layer_4[] PROGMEM = {
  0x00, 0x00, 0x00, 0x00, 0x00, 0x00, 0x00, 0x00, 0x00, 0x00, 0x00, 0x00,
  0x00, 0x00, 0x00, 0x00, 0x00, 0x00, 0x00, 0x00, 0x00, 0x00, 0x00, 0x00,
  0x00, 0x00, 0xC0, 0x00, 0x00, 0x02, 0x10, 0x00, 0x00, 0x05, 0x20, 0x00,
  0x00, 0x1B, 0xE0, 0x20, 0x00, 0x43, 0xE0, 0x08, 0x01, 0x00, 0x00, 0x00,
  0x00, 0x71, 0xC0, 0x00, 0x04, 0x40, 0x00, 0x00, 0x00, 0x00, 0x00, 0x20,
  0x20, 0x00, 0x00, 0x40, 0x40, 0x00, 0x00, 0x80, 0x00, 0x00, 0x00, 0x00,
  0x00, 0x00, 0x00, 0x80, 0x08, 0x00, 0x01, 0x00, 0x00, 0x90, 0x02, 0x00,
  0x00, 0xA0, 0x04, 0x00, 0x00, 0x80, 0x08, 0x00, 0x00, 0x3F, 0x00, 0x00,
  0x00, 0x00, 0x40, 0x00, 0x00, 0x00, 0x00, 0x00, 0x00, 0x00, 0x00, 0x00,
  0x00, 0x00, 0x00, 0x00, 0x00, 0x00, 0x00, 0x00, 0x00, 0x00, 0x00, 0x00,
  0x00, 0x00, 0x00, 0x00, 0x00, 0x00, 0x00, 0x00,
};

const SportsLogoLayerDef layers_nhl_min[] = {
  { bitmap_nhl_min_layer_0, 7, 67, 45 },
  { bitmap_nhl_min_layer_1, 188, 26, 42 },
  { bitmap_nhl_min_layer_2, 215, 193, 148 },
  { bitmap_nhl_min_layer_3, 68, 64, 51 },
  { bitmap_nhl_min_layer_4, 130, 136, 79 },
};

const uint8_t bitmap_nhl_mtl_layer_0[] PROGMEM = {
  0x00, 0x00, 0x00, 0x00, 0x00, 0x00, 0x00, 0x00, 0x00, 0x00, 0x00, 0x00,
  0x00, 0x00, 0x00, 0x00, 0x00, 0x00, 0x00, 0x00, 0x00, 0x00, 0x00, 0x00,
  0x00, 0x00, 0x00, 0x00, 0x00, 0x00, 0x00, 0x00, 0x00, 0x3F, 0xF8, 0x00,
  0x00, 0xFF, 0xFF, 0xC0, 0x03, 0xFF, 0xFF, 0xE0, 0x07, 0xC0, 0x07, 0xE0,
  0x0F, 0x00, 0x01, 0xE0, 0x0E, 0x00, 0x00, 0x40, 0x0E, 0x00, 0x00, 0x00,
  0x0E, 0x00, 0x00, 0x00, 0x0E, 0x00, 0x00, 0x00, 0x0E, 0x00, 0x00, 0x40,
  0x0F, 0x00, 0x01, 0xE0, 0x07, 0xC0, 0x07, 0xE0, 0x03, 0xFF, 0xFF, 0xC0,
  0x01, 0xFF, 0xFF, 0x00, 0x00, 0x3F, 0xF8, 0x00, 0x00, 0x00, 0x00, 0x00,
  0x00, 0x00, 0x00, 0x00, 0x00, 0x00, 0x00, 0x00, 0x00, 0x00, 0x00, 0x00,
  0x00, 0x00, 0x00, 0x00, 0x00, 0x00, 0x00, 0x00, 0x00, 0x00, 0x00, 0x00,
  0x00, 0x00, 0x00, 0x00, 0x00, 0x00, 0x00, 0x00,
};

const uint8_t bitmap_nhl_mtl_layer_1[] PROGMEM = {
  0x00, 0x00, 0x00, 0x00, 0x00, 0x00, 0x00, 0x00, 0x00, 0x00, 0x00, 0x00,
  0x00, 0x00, 0x00, 0x00, 0x00, 0x00, 0x00, 0x00, 0x00, 0x00, 0x00, 0x00,
  0x00, 0x3F, 0xFD, 0x00, 0x01, 0x80, 0x03, 0xE0, 0x02, 0x00, 0x00, 0x10,
  0x0C, 0x00, 0x00, 0x08, 0x08, 0x00, 0x00, 0x08, 0x10, 0x00, 0x00, 0x08,
  0x20, 0x13, 0x90, 0x08, 0x20, 0x52, 0x9E, 0x18, 0x20, 0x91, 0x91, 0x30,
  0x20, 0x90, 0x10, 0xE0, 0x20, 0x91, 0x91, 0x90, 0x20, 0x72, 0x9E, 0x10,
  0x20, 0x13, 0x90, 0x08, 0x10, 0x00, 0x00, 0x04, 0x18, 0x00, 0x00, 0x0C,
  0x0C, 0x00, 0x00, 0x30, 0x06, 0x00, 0x00, 0xC0, 0x01, 0x80, 0x03, 0x00,
  0x00, 0x7F, 0xF8, 0x00, 0x00, 0x00, 0x00, 0x00, 0x00, 0x00, 0x00, 0x00,
  0x00, 0x00, 0x00, 0x00, 0x00, 0x00, 0x00, 0x00, 0x00, 0x00, 0x00, 0x00,
  0x00, 0x00, 0x00, 0x00, 0x00, 0x00, 0x00, 0x00,
};

const uint8_t bitmap_nhl_mtl_layer_2[] PROGMEM = {
  0x00, 0x00, 0x00, 0x00, 0x00, 0x00, 0x00, 0x00, 0x00, 0x00, 0x00, 0x00,
  0x00, 0x00, 0x00, 0x00, 0x00, 0x00, 0x00, 0x00, 0x00, 0x30, 0x1D, 0x00,
  0x01, 0x80, 0x00, 0x60, 0x06, 0x00, 0x00, 0x08, 0x08, 0x00, 0x00, 0x00,
  0x12, 0x00, 0x00, 0x00, 0x24, 0x00, 0x00, 0x04, 0x08, 0x0E, 0x40, 0x04,
  0x40, 0x44, 0x60, 0x14, 0x00, 0x04, 0x61, 0x24, 0x01, 0x24, 0x6C, 0x48,
  0x00, 0x67, 0xEF, 0x10, 0x01, 0x24, 0x6C, 0x08, 0x00, 0x84, 0x60, 0x00,
  0x40, 0x44, 0x60, 0x14, 0x08, 0x0E, 0x60, 0x02, 0x20, 0x00, 0x00, 0x02,
  0x12, 0x00, 0x00, 0x44, 0x08, 0x00, 0x00, 0x10, 0x04, 0x00, 0x00, 0x40,
  0x01, 0x00, 0x01, 0x00, 0x00, 0x70, 0x18, 0x00, 0x00, 0x00, 0x00, 0x00,
  0x00, 0x00, 0x00, 0x00, 0x00, 0x00, 0x00, 0x00, 0x00, 0x00, 0x00, 0x00,
  0x00, 0x00, 0x00, 0x00, 0x00, 0x00, 0x00, 0x00,
};

const uint8_t bitmap_nhl_mtl_layer_3[] PROGMEM = {
  0x00, 0x00, 0x00, 0x00, 0x00, 0x00, 0x00, 0x00, 0x00, 0x00, 0x00, 0x00,
  0x00, 0x00, 0x00, 0x00, 0x00, 0x00, 0x00, 0x00, 0x00, 0x0F, 0xE0, 0x00,
  0x00, 0x40, 0x02, 0x80, 0x00, 0x60, 0x0C, 0x10, 0x05, 0x00, 0x00, 0x28,
  0x00, 0x00, 0x00, 0x10, 0x10, 0x00, 0x00, 0x10, 0x20, 0x01, 0x80, 0x00,
  0x10, 0x28, 0x0C, 0x00, 0x40, 0xA9, 0x00, 0x00, 0x40, 0x4A, 0x02, 0x80,
  0x41, 0x08, 0x00, 0x00, 0x40, 0x4A, 0x02, 0x60, 0x40, 0x09, 0x01, 0x08,
  0x10, 0x28, 0x0C, 0x00, 0x20, 0x01, 0x80, 0x08, 0x00, 0x00, 0x00, 0x10,
  0x00, 0x00, 0x00, 0x08, 0x01, 0x00, 0x01, 0x20, 0x02, 0x60, 0x0C, 0x80,
  0x00, 0x80, 0x06, 0x00, 0x00, 0x0F, 0xE0, 0x00, 0x00, 0x00, 0x00, 0x00,
  0x00, 0x00, 0x00, 0x00, 0x00, 0x00, 0x00, 0x00, 0x00, 0x00, 0x00, 0x00,
  0x00, 0x00, 0x00, 0x00, 0x00, 0x00, 0x00, 0x00,
};

const uint8_t bitmap_nhl_mtl_layer_4[] PROGMEM = {
  0x00, 0x00, 0x00, 0x00, 0x00, 0x00, 0x00, 0x00, 0x00, 0x00, 0x00, 0x00,
  0x00, 0x00, 0x00, 0x00, 0x00, 0x00, 0x00, 0x00, 0x00, 0x00, 0x00, 0x00,
  0x00, 0x00, 0x00, 0x00, 0x00, 0x1F, 0xF0, 0x00, 0x00, 0xC0, 0x07, 0xC0,
  0x01, 0x00, 0x00, 0x20, 0x00, 0x00, 0x00, 0x00, 0x00, 0x30, 0x38, 0x10,
  0x00, 0x80, 0x02, 0x00, 0x11, 0x00, 0x00, 0x80, 0x10, 0x00, 0x00, 0x00,
  0x10, 0x00, 0x00, 0x00, 0x10, 0x00, 0x00, 0x00, 0x11, 0x00, 0x00, 0xA0,
  0x00, 0x80, 0x02, 0x00, 0x00, 0x30, 0x18, 0x10, 0x04, 0x00, 0x00, 0x20,
  0x00, 0x00, 0x00, 0x80, 0x00, 0xC0, 0x06, 0x00, 0x00, 0x1F, 0xF0, 0x00,
  0x00, 0x00, 0x00, 0x00, 0x00, 0x00, 0x00, 0x00, 0x00, 0x00, 0x00, 0x00,
  0x00, 0x00, 0x00, 0x00, 0x00, 0x00, 0x00, 0x00, 0x00, 0x00, 0x00, 0x00,
  0x00, 0x00, 0x00, 0x00, 0x00, 0x00, 0x00, 0x00,
};

const SportsLogoLayerDef layers_nhl_mtl[] = {
  { bitmap_nhl_mtl_layer_0, 196, 15, 45 },
  { bitmap_nhl_mtl_layer_1, 65, 84, 142 },
  { bitmap_nhl_mtl_layer_2, 236, 227, 233 },
  { bitmap_nhl_mtl_layer_3, 145, 150, 183 },
  { bitmap_nhl_mtl_layer_4, 232, 136, 149 },
};

const uint8_t bitmap_nhl_nj_layer_0[] PROGMEM = {
  0x00, 0x00, 0x00, 0x00, 0x00, 0x00, 0x00, 0x00, 0x00, 0x00, 0x00, 0x00,
  0x00, 0x00, 0x20, 0x30, 0x00, 0x00, 0x70, 0x30, 0x00, 0x00, 0x7F, 0xF8,
  0x00, 0x00, 0x7F, 0xF0, 0x00, 0x00, 0x3F, 0xE0, 0x00, 0x00, 0x0F, 0x80,
  0x00, 0x1C, 0x0F, 0x00, 0x00, 0x3C, 0x1F, 0x00, 0x00, 0x3E, 0x1F, 0x00,
  0x00, 0x7F, 0x3E, 0x00, 0x00, 0x7F, 0xBE, 0x00, 0x00, 0x7F, 0xFC, 0x00,
  0x00, 0xFF, 0xFC, 0x00, 0x00, 0xFB, 0xFC, 0x00, 0x00, 0xF1, 0xF8, 0x00,
  0x01, 0xF1, 0xF8, 0x00, 0x01, 0x20, 0xF8, 0x00, 0x00, 0x01, 0xF0, 0x00,
  0x00, 0x03, 0xF0, 0x00, 0x13, 0xFF, 0xE0, 0x00, 0x1F, 0x3F, 0xC0, 0x00,
  0x1E, 0x00, 0x00, 0x00, 0x3E, 0x00, 0x00, 0x00, 0x3E, 0x00, 0x00, 0x00,
  0x10, 0x00, 0x00, 0x00, 0x00, 0x00, 0x00, 0x00, 0x00, 0x00, 0x00, 0x00,
  0x00, 0x00, 0x00, 0x00, 0x00, 0x00, 0x00, 0x00,
};

const uint8_t bitmap_nhl_nj_layer_1[] PROGMEM = {
  0x00, 0x00, 0x00, 0x00, 0x00, 0x00, 0x34, 0x90, 0x00, 0x0F, 0x80, 0x00,
  0x00, 0x20, 0x07, 0x84, 0x00, 0x80, 0x00, 0x00, 0x01, 0x1F, 0x00, 0x00,
  0x02, 0x7F, 0x00, 0x00, 0x04, 0xFF, 0x00, 0x04, 0x01, 0xC3, 0x80, 0x08,
  0x09, 0x81, 0xC0, 0x10, 0x03, 0x80, 0xC0, 0x10, 0x13, 0x80, 0x40, 0x40,
  0x07, 0x00, 0x00, 0xC8, 0x07, 0x00, 0x00, 0xC8, 0x06, 0x00, 0x00, 0xC8,
  0x06, 0x00, 0x01, 0xC8, 0x06, 0x00, 0x01, 0xC8, 0x04, 0x00, 0x01, 0xC8,
  0x04, 0x04, 0x03, 0xC8, 0x10, 0x04, 0x03, 0xC0, 0x30, 0x08, 0x07, 0x90,
  0x08, 0x00, 0x07, 0x80, 0x40, 0x00, 0x0F, 0x20, 0x40, 0x00, 0x0E, 0x40,
  0x00, 0x00, 0x3C, 0x80, 0x00, 0x01, 0xF1, 0x00, 0x00, 0x40, 0x02, 0x00,
  0x00, 0x70, 0x08, 0x00, 0x44, 0x07, 0xC0, 0x00, 0x50, 0x00, 0x00, 0x00,
  0x20, 0x00, 0x00, 0x00, 0x00, 0x00, 0x00, 0x00,
};

const uint8_t bitmap_nhl_nj_layer_2[] PROGMEM = {
  0x00, 0x00, 0x00, 0x00, 0x00, 0x00, 0x08, 0x60, 0x00, 0x00, 0x68, 0x48,
  0x00, 0x10, 0x08, 0x40, 0x00, 0x47, 0x00, 0x04, 0x00, 0xA0, 0x00, 0x04,
  0x00, 0x00, 0x00, 0x04, 0x00, 0x00, 0x80, 0x08, 0x04, 0x24, 0x40, 0x30,
  0x02, 0x40, 0x20, 0x20, 0x08, 0x01, 0x00, 0x40, 0x04, 0x00, 0x80, 0x90,
  0x10, 0x80, 0x00, 0x00, 0x10, 0x00, 0x00, 0x20, 0x11, 0x00, 0x01, 0x20,
  0x11, 0x00, 0x00, 0x20, 0x10, 0x00, 0x02, 0x20, 0x12, 0x00, 0x02, 0x20,
  0x10, 0x00, 0x00, 0x00, 0x00, 0x0A, 0x04, 0x10, 0x09, 0xF4, 0x00, 0x40,
  0x20, 0x00, 0x00, 0x20, 0x20, 0x00, 0x00, 0x00, 0x00, 0x00, 0x10, 0x00,
  0x40, 0x20, 0x00, 0x00, 0x41, 0x9E, 0x08, 0x00, 0x40, 0x83, 0x84, 0x00,
  0x43, 0x88, 0x30, 0x00, 0x08, 0x00, 0x00, 0x00, 0x20, 0x00, 0x00, 0x00,
  0x00, 0x00, 0x00, 0x00, 0x00, 0x00, 0x00, 0x00,
};

const uint8_t bitmap_nhl_nj_layer_3[] PROGMEM = {
  0x00, 0x00, 0x00, 0x00, 0x00, 0x00, 0x00, 0x00, 0x00, 0x00, 0x10, 0x00,
  0x00, 0x0F, 0x80, 0x00, 0x00, 0x38, 0x00, 0x00, 0x00, 0x40, 0x00, 0x00,
  0x01, 0x80, 0x00, 0x00, 0x03, 0x00, 0x00, 0x00, 0x02, 0x00, 0x20, 0x40,
  0x04, 0x02, 0x00, 0x40, 0x04, 0x40, 0x20, 0x20, 0x08, 0x00, 0x00, 0x20,
  0x08, 0x00, 0x40, 0x30, 0x08, 0x00, 0x00, 0x10, 0x08, 0x00, 0x00, 0x10,
  0x08, 0x00, 0x00, 0x10, 0x08, 0x00, 0x00, 0x10, 0x08, 0x04, 0x00, 0x10,
  0x08, 0x00, 0x00, 0x30, 0x0C, 0x00, 0x00, 0x20, 0x06, 0x00, 0x00, 0x20,
  0x16, 0x00, 0x08, 0x40, 0x00, 0x00, 0x00, 0xC0, 0x00, 0x00, 0x01, 0x80,
  0x01, 0xC0, 0x43, 0x00, 0x00, 0x60, 0x06, 0x00, 0x00, 0x3C, 0x78, 0x00,
  0x00, 0x07, 0xC0, 0x00, 0x00, 0x00, 0x00, 0x00, 0x00, 0x00, 0x00, 0x00,
  0x00, 0x00, 0x00, 0x00, 0x00, 0x00, 0x00, 0x00,
};

const uint8_t bitmap_nhl_nj_layer_4[] PROGMEM = {
  0x00, 0x00, 0x00, 0x00, 0x00, 0x00, 0x00, 0x00, 0x00, 0x00, 0x00, 0x30,
  0x00, 0x00, 0x50, 0x08, 0x00, 0x00, 0x8F, 0xC8, 0x00, 0x00, 0x80, 0x00,
  0x00, 0x00, 0x80, 0x08, 0x00, 0x00, 0x40, 0x10, 0x00, 0x18, 0x10, 0x00,
  0x00, 0x20, 0x10, 0x80, 0x00, 0x02, 0x00, 0x80, 0x00, 0x41, 0x20, 0x00,
  0x00, 0x00, 0x81, 0x00, 0x00, 0x80, 0x41, 0x00, 0x00, 0x80, 0x02, 0x00,
  0x00, 0x00, 0x02, 0x00, 0x01, 0x04, 0x00, 0x00, 0x01, 0x0A, 0x04, 0x00,
  0x02, 0x0A, 0x04, 0x00, 0x02, 0xD1, 0x00, 0x00, 0x00, 0x02, 0x08, 0x00,
  0x01, 0xFC, 0x00, 0x00, 0x0C, 0x00, 0x10, 0x00, 0x20, 0xC0, 0x20, 0x00,
  0x20, 0x1F, 0x80, 0x00, 0x00, 0x00, 0x00, 0x00, 0x01, 0x00, 0x00, 0x00,
  0x2C, 0x00, 0x00, 0x00, 0x30, 0x00, 0x00, 0x00, 0x00, 0x00, 0x00, 0x00,
  0x00, 0x00, 0x00, 0x00, 0x00, 0x00, 0x00, 0x00,
};

const SportsLogoLayerDef layers_nhl_nj[] = {
  { bitmap_nhl_nj_layer_0, 238, 1, 1 },
  { bitmap_nhl_nj_layer_1, 255, 255, 255 },
  { bitmap_nhl_nj_layer_2, 139, 140, 140 },
  { bitmap_nhl_nj_layer_3, 46, 40, 40 },
  { bitmap_nhl_nj_layer_4, 145, 14, 14 },
};

const uint8_t bitmap_nhl_nsh_layer_0[] PROGMEM = {
  0x00, 0x00, 0x00, 0x00, 0x00, 0x00, 0x00, 0x00, 0x00, 0x00, 0x00, 0x00,
  0x00, 0x00, 0x00, 0x00, 0x00, 0x00, 0x00, 0x00, 0x00, 0x00, 0x00, 0x00,
  0x00, 0x00, 0x00, 0x00, 0x00, 0x00, 0x00, 0x00, 0x00, 0x00, 0x00, 0x00,
  0x00, 0x06, 0x0F, 0x00, 0x00, 0x02, 0x0E, 0x00, 0x04, 0x04, 0x0F, 0x00,
  0x01, 0x00, 0x00, 0x20, 0x00, 0x00, 0x00, 0x00, 0x00, 0x08, 0x1F, 0xE0,
  0x00, 0x39, 0xE0, 0x38, 0x00, 0x23, 0x00, 0x98, 0x00, 0x2E, 0x01, 0xC0,
  0x00, 0x7C, 0x03, 0x80, 0x00, 0x3C, 0x03, 0x00, 0x00, 0x0C, 0x06, 0x00,
  0x00, 0x00, 0x18, 0x00, 0x00, 0x00, 0x00, 0x00, 0x00, 0x00, 0x00, 0x00,
  0x00, 0x00, 0x00, 0x00, 0x00, 0x00, 0x00, 0x00, 0x00, 0x00, 0x00, 0x00,
  0x00, 0x00, 0x00, 0x00, 0x00, 0x00, 0x00, 0x00, 0x00, 0x00, 0x00, 0x00,
  0x00, 0x00, 0x00, 0x00, 0x00, 0x00, 0x00, 0x00,
};

const uint8_t bitmap_nhl_nsh_layer_1[] PROGMEM = {
  0x00, 0x00, 0x00, 0x00, 0x00, 0x00, 0x00, 0x00, 0x00, 0x00, 0x00, 0x00,
  0x00, 0x00, 0x00, 0x00, 0x00, 0x00, 0x00, 0x00, 0x00, 0x00, 0x00, 0x00,
  0x00, 0x00, 0x00, 0x00, 0x00, 0x00, 0x7C, 0x00, 0x00, 0x0E, 0x03, 0x00,
  0x01, 0xF0, 0x00, 0x00, 0x18, 0x88, 0x00, 0x20, 0x00, 0x08, 0x80, 0x00,
  0x3A, 0x02, 0x00, 0x10, 0x04, 0x63, 0x00, 0x60, 0x00, 0x44, 0x00, 0x02,
  0x01, 0x40, 0x04, 0x02, 0x00, 0x08, 0x70, 0x00, 0x00, 0x01, 0x00, 0x0C,
  0x00, 0x01, 0x08, 0x00, 0x01, 0x02, 0x90, 0x00, 0x00, 0x80, 0x20, 0x00,
  0x00, 0x1E, 0x42, 0x00, 0x00, 0x00, 0xC8, 0x00, 0x00, 0x01, 0x80, 0x00,
  0x00, 0x00, 0x00, 0x00, 0x00, 0x00, 0x00, 0x00, 0x00, 0x00, 0x00, 0x00,
  0x00, 0x00, 0x00, 0x00, 0x00, 0x00, 0x00, 0x00, 0x00, 0x00, 0x00, 0x00,
  0x00, 0x00, 0x00, 0x00, 0x00, 0x00, 0x00, 0x00,
};

const uint8_t bitmap_nhl_nsh_layer_2[] PROGMEM = {
  0x00, 0x00, 0x00, 0x00, 0x00, 0x00, 0x00, 0x00, 0x00, 0x00, 0x00, 0x00,
  0x00, 0x00, 0x00, 0x00, 0x00, 0x00, 0x00, 0x00, 0x00, 0x00, 0x00, 0x00,
  0x00, 0x00, 0x00, 0x00, 0x00, 0x00, 0x00, 0x00, 0x00, 0x01, 0x90, 0x00,
  0x00, 0x00, 0x30, 0x00, 0x07, 0x70, 0xE0, 0x00, 0x30, 0xF1, 0x20, 0x80,
  0x00, 0xA0, 0x70, 0x00, 0x03, 0x00, 0xF1, 0x00, 0x01, 0x03, 0x00, 0x04,
  0x00, 0x86, 0x03, 0x80, 0x00, 0x80, 0x03, 0x00, 0x00, 0x80, 0x06, 0x20,
  0x00, 0x82, 0x04, 0x00, 0x00, 0x80, 0x08, 0x00, 0x00, 0x60, 0x10, 0x00,
  0x00, 0x00, 0x20, 0x00, 0x00, 0x00, 0x00, 0x00, 0x00, 0x00, 0x00, 0x00,
  0x00, 0x00, 0x00, 0x00, 0x00, 0x00, 0x00, 0x00, 0x00, 0x00, 0x00, 0x00,
  0x00, 0x00, 0x00, 0x00, 0x00, 0x00, 0x00, 0x00, 0x00, 0x00, 0x00, 0x00,
  0x00, 0x00, 0x00, 0x00, 0x00, 0x00, 0x00, 0x00,
};

const uint8_t bitmap_nhl_nsh_layer_3[] PROGMEM = {
  0x00, 0x00, 0x00, 0x00, 0x00, 0x00, 0x00, 0x00, 0x00, 0x00, 0x00, 0x00,
  0x00, 0x00, 0x00, 0x00, 0x00, 0x00, 0x00, 0x00, 0x00, 0x00, 0x00, 0x00,
  0x00, 0x00, 0x00, 0x00, 0x00, 0x00, 0x00, 0x00, 0x00, 0x00, 0x6C, 0x00,
  0x00, 0x09, 0xC0, 0x80, 0x00, 0x05, 0x11, 0xC0, 0x0B, 0x02, 0x50, 0x60,
  0x04, 0x40, 0x01, 0xC0, 0x00, 0x00, 0x00, 0x18, 0x00, 0x00, 0xE0, 0x08,
  0x00, 0x00, 0x18, 0x40, 0x00, 0x54, 0x80, 0x60, 0x00, 0x50, 0x00, 0x10,
  0x00, 0x00, 0x00, 0x40, 0x00, 0x41, 0x04, 0x80, 0x00, 0x12, 0x09, 0x00,
  0x00, 0x00, 0x04, 0x00, 0x00, 0x00, 0x30, 0x00, 0x00, 0x00, 0x00, 0x00,
  0x00, 0x00, 0x00, 0x00, 0x00, 0x00, 0x00, 0x00, 0x00, 0x00, 0x00, 0x00,
  0x00, 0x00, 0x00, 0x00, 0x00, 0x00, 0x00, 0x00, 0x00, 0x00, 0x00, 0x00,
  0x00, 0x00, 0x00, 0x00, 0x00, 0x00, 0x00, 0x00,
};

const uint8_t bitmap_nhl_nsh_layer_4[] PROGMEM = {
  0x00, 0x00, 0x00, 0x00, 0x00, 0x00, 0x00, 0x00, 0x00, 0x00, 0x00, 0x00,
  0x00, 0x00, 0x00, 0x00, 0x00, 0x00, 0x00, 0x00, 0x00, 0x00, 0x00, 0x00,
  0x00, 0x00, 0x00, 0x00, 0x00, 0x00, 0x80, 0x00, 0x00, 0x10, 0x00, 0x80,
  0x02, 0x00, 0x00, 0x40, 0x20, 0x00, 0x00, 0x00, 0x40, 0x00, 0x00, 0x10,
  0x40, 0x1D, 0x8E, 0x08, 0x08, 0x9C, 0x0E, 0x84, 0x02, 0xB0, 0x00, 0x10,
  0x00, 0x00, 0x00, 0x04, 0x01, 0x00, 0x0C, 0x06, 0x01, 0x00, 0x80, 0x00,
  0x01, 0x00, 0x80, 0x30, 0x00, 0x00, 0x00, 0x40, 0x01, 0x01, 0x00, 0x80,
  0x00, 0x00, 0x80, 0x00, 0x00, 0x01, 0x04, 0x00, 0x00, 0x02, 0x60, 0x00,
  0x00, 0x00, 0x00, 0x00, 0x00, 0x00, 0x00, 0x00, 0x00, 0x00, 0x00, 0x00,
  0x00, 0x00, 0x00, 0x00, 0x00, 0x00, 0x00, 0x00, 0x00, 0x00, 0x00, 0x00,
  0x00, 0x00, 0x00, 0x00, 0x00, 0x00, 0x00, 0x00,
};

const SportsLogoLayerDef layers_nhl_nsh[] = {
  { bitmap_nhl_nsh_layer_0, 255, 255, 255 },
  { bitmap_nhl_nsh_layer_1, 130, 122, 92 },
  { bitmap_nhl_nsh_layer_2, 46, 72, 108 },
  { bitmap_nhl_nsh_layer_3, 157, 166, 180 },
  { bitmap_nhl_nsh_layer_4, 216, 169, 60 },
};

const uint8_t bitmap_nhl_nyi_layer_0[] PROGMEM = {
  0x00, 0x00, 0x00, 0x00, 0x00, 0x1F, 0xF8, 0x00, 0x00, 0x78, 0x1E, 0x00,
  0x01, 0xC0, 0x03, 0x80, 0x03, 0x27, 0xE0, 0xC0, 0x06, 0xF7, 0xE0, 0x60,
  0x0C, 0xF7, 0xE1, 0x30, 0x18, 0xFF, 0xF3, 0x18, 0x10, 0xFF, 0x72, 0x08,
  0x30, 0xFF, 0x3E, 0x0C, 0x20, 0xFF, 0x3C, 0x04, 0x60, 0xEF, 0x1C, 0x06,
  0x40, 0xEF, 0x18, 0x02, 0x40, 0x00, 0x18, 0x02, 0x40, 0x00, 0x10, 0x02,
  0x40, 0x00, 0x10, 0x02, 0x40, 0x00, 0x20, 0x02, 0x40, 0x00, 0x20, 0x02,
  0x40, 0x00, 0x00, 0x02, 0x60, 0x00, 0x5C, 0x06, 0x20, 0x07, 0x80, 0x04,
  0x30, 0x3F, 0x80, 0x0C, 0x10, 0x24, 0x00, 0x08, 0x18, 0x00, 0x00, 0x18,
  0x0C, 0x00, 0x00, 0x30, 0x06, 0x00, 0x00, 0x60, 0x03, 0x00, 0x00, 0xC0,
  0x01, 0xC0, 0x03, 0x80, 0x00, 0x78, 0x1E, 0x00, 0x00, 0x1F, 0xF8, 0x00,
  0x00, 0x00, 0x00, 0x00, 0x00, 0x00, 0x00, 0x00,
};

const uint8_t bitmap_nhl_nyi_layer_1[] PROGMEM = {
  0x00, 0x00, 0x00, 0x00, 0x00, 0x00, 0x00, 0x00, 0x00, 0x00, 0x00, 0x00,
  0x00, 0x00, 0x20, 0x00, 0x00, 0x08, 0x1C, 0x00, 0x00, 0x08, 0x0E, 0x00,
  0x00, 0x00, 0x0E, 0x00, 0x02, 0x00, 0x0C, 0xC0, 0x06, 0x00, 0x04, 0xE0,
  0x06, 0x00, 0x01, 0xE0, 0x0E, 0x00, 0x41, 0xF0, 0x0E, 0x00, 0x43, 0xF0,
  0x1E, 0x10, 0x62, 0x78, 0x1E, 0x18, 0xE1, 0xF8, 0x10, 0x00, 0x03, 0x20,
  0x00, 0x00, 0x0C, 0x08, 0x00, 0x00, 0x00, 0xF8, 0x00, 0x00, 0x1F, 0xF8,
  0x00, 0x1F, 0x83, 0x98, 0x08, 0xFF, 0x03, 0xB0, 0x08, 0x40, 0x22, 0x10,
  0x00, 0x00, 0x78, 0x00, 0x04, 0x00, 0x40, 0x20, 0x02, 0x01, 0x00, 0x40,
  0x01, 0x20, 0x20, 0x80, 0x00, 0x80, 0x03, 0x00, 0x00, 0x38, 0x0C, 0x00,
  0x00, 0x07, 0xE0, 0x00, 0x00, 0x00, 0x00, 0x00, 0x00, 0x00, 0x00, 0x00,
  0x00, 0x00, 0x00, 0x00, 0x00, 0x00, 0x00, 0x00,
};

const uint8_t bitmap_nhl_nyi_layer_2[] PROGMEM = {
  0x00, 0x00, 0x00, 0x00, 0x00, 0x00, 0x00, 0x00, 0x00, 0x07, 0xE0, 0x00,
  0x00, 0x20, 0x04, 0x00, 0x00, 0xC0, 0x01, 0x00, 0x01, 0x00, 0x00, 0x80,
  0x00, 0x00, 0x00, 0x40, 0x04, 0x00, 0x00, 0x20, 0x08, 0x00, 0x00, 0x10,
  0x00, 0x00, 0x00, 0x00, 0x10, 0x00, 0x00, 0x08, 0x00, 0x00, 0x00, 0x00,
  0x20, 0x00, 0x00, 0x04, 0x20, 0x00, 0x02, 0x04, 0x25, 0x0C, 0x08, 0x04,
  0x2F, 0xFF, 0xE3, 0xC4, 0x2F, 0xFF, 0xD6, 0x04, 0x3B, 0xFF, 0x40, 0x04,
  0x20, 0x00, 0x40, 0x24, 0x04, 0x00, 0x00, 0x40, 0x13, 0x00, 0x00, 0x08,
  0x01, 0x00, 0x00, 0x00, 0x09, 0x1A, 0x01, 0x10, 0x05, 0x92, 0x10, 0x20,
  0x00, 0x13, 0x00, 0x40, 0x01, 0x0D, 0x80, 0x80, 0x00, 0x84, 0x81, 0x00,
  0x00, 0x20, 0x04, 0x00, 0x00, 0x07, 0xE0, 0x00, 0x00, 0x00, 0x00, 0x00,
  0x00, 0x00, 0x00, 0x00, 0x00, 0x00, 0x00, 0x00,
};

const uint8_t bitmap_nhl_nyi_layer_3[] PROGMEM = {
  0x00, 0x00, 0x00, 0x00, 0x00, 0x00, 0x00, 0x00, 0x00, 0x00, 0x00, 0x00,
  0x00, 0x18, 0x18, 0x00, 0x00, 0x00, 0x02, 0x00, 0x00, 0x00, 0x00, 0x00,
  0x02, 0x00, 0x00, 0x00, 0x00, 0x00, 0x00, 0x00, 0x00, 0x00, 0x00, 0x00,
  0x08, 0x00, 0x00, 0x10, 0x00, 0x00, 0x00, 0x00, 0x10, 0x00, 0x00, 0x08,
  0x00, 0x00, 0x01, 0x00, 0x00, 0x00, 0x04, 0x00, 0x02, 0xF3, 0xE4, 0xC8,
  0x10, 0x00, 0x00, 0x20, 0x10, 0x00, 0x09, 0x00, 0x04, 0x00, 0x80, 0x00,
  0x1B, 0x80, 0x00, 0x40, 0x12, 0x00, 0x20, 0x08, 0x04, 0x00, 0x1D, 0xE0,
  0x0E, 0xC0, 0x07, 0xD0, 0x02, 0xC0, 0x3E, 0xC0, 0x00, 0x4C, 0xEF, 0x80,
  0x02, 0x4C, 0xDE, 0x00, 0x00, 0x32, 0x5C, 0x00, 0x00, 0x41, 0x72, 0x00,
  0x00, 0x18, 0x18, 0x00, 0x00, 0x00, 0x00, 0x00, 0x00, 0x00, 0x00, 0x00,
  0x00, 0x00, 0x00, 0x00, 0x00, 0x00, 0x00, 0x00,
};

const uint8_t bitmap_nhl_nyi_layer_4[] PROGMEM = {
  0x00, 0x00, 0x00, 0x00, 0x00, 0x00, 0x00, 0x00, 0x00, 0x00, 0x00, 0x00,
  0x00, 0x07, 0xC0, 0x00, 0x00, 0x10, 0x00, 0x00, 0x00, 0x00, 0x11, 0x00,
  0x01, 0x08, 0x10, 0x80, 0x01, 0x00, 0x00, 0x00, 0x01, 0x00, 0x89, 0x00,
  0x01, 0x00, 0xC0, 0x00, 0x01, 0x00, 0x82, 0x00, 0x01, 0x10, 0xA0, 0x00,
  0x01, 0x00, 0x84, 0x80, 0x01, 0xE7, 0x00, 0x00, 0x08, 0x00, 0x00, 0x10,
  0x00, 0x00, 0x00, 0x10, 0x00, 0x00, 0x00, 0x00, 0x00, 0x00, 0x00, 0x00,
  0x04, 0x60, 0x3C, 0x00, 0x01, 0x00, 0x80, 0x00, 0x00, 0xB8, 0x40, 0x00,
  0x00, 0x00, 0x00, 0x20, 0x00, 0x01, 0x80, 0x00, 0x00, 0x20, 0x00, 0x00,
  0x00, 0x80, 0x01, 0x00, 0x00, 0x40, 0x20, 0x00, 0x00, 0x02, 0x00, 0x00,
  0x00, 0x00, 0x00, 0x00, 0x00, 0x00, 0x00, 0x00, 0x00, 0x00, 0x00, 0x00,
  0x00, 0x00, 0x00, 0x00, 0x00, 0x00, 0x00, 0x00,
};

const SportsLogoLayerDef layers_nhl_nyi[] = {
  { bitmap_nhl_nyi_layer_0, 255, 255, 255 },
  { bitmap_nhl_nyi_layer_1, 20, 67, 133 },
  { bitmap_nhl_nyi_layer_2, 238, 117, 48 },
  { bitmap_nhl_nyi_layer_3, 153, 87, 64 },
  { bitmap_nhl_nyi_layer_4, 89, 115, 155 },
};

const uint8_t bitmap_nhl_nyr_layer_0[] PROGMEM = {
  0x00, 0x00, 0x00, 0x00, 0x40, 0x00, 0x00, 0x02, 0x50, 0x80, 0x01, 0x02,
  0x00, 0x00, 0x00, 0x00, 0x00, 0x00, 0x10, 0x00, 0x0B, 0xE4, 0x6D, 0x90,
  0x09, 0xC0, 0x78, 0x10, 0x0D, 0xC0, 0xFC, 0xF0, 0x09, 0xDC, 0x0C, 0xB0,
  0x0F, 0xFF, 0xFF, 0xF0, 0x08, 0x08, 0x00, 0x10, 0x08, 0x1C, 0x00, 0x10,
  0x08, 0x22, 0x00, 0x10, 0x0C, 0xC1, 0x80, 0x10, 0x0B, 0x41, 0x40, 0x10,
  0x0A, 0xA2, 0x20, 0x10, 0x09, 0x64, 0xB8, 0x10, 0x08, 0x36, 0x04, 0x10,
  0x08, 0x2B, 0xE7, 0x10, 0x08, 0x06, 0x19, 0x90, 0x08, 0x05, 0xE1, 0x50,
  0x08, 0x02, 0xB2, 0x30, 0x08, 0x00, 0x6C, 0x10, 0x08, 0x00, 0x56, 0xD0,
  0x08, 0x00, 0x2C, 0x10, 0x08, 0x00, 0x06, 0x10, 0x17, 0xFC, 0x3A, 0x28,
  0x08, 0x03, 0xC0, 0x10, 0x00, 0x00, 0x00, 0x00, 0x00, 0x00, 0x00, 0x00,
  0x00, 0x00, 0x00, 0x00, 0x00, 0x00, 0x00, 0x00,
};

const uint8_t bitmap_nhl_nyr_layer_1[] PROGMEM = {
  0x00, 0x00, 0x00, 0x00, 0x00, 0x40, 0x02, 0x00, 0x0F, 0x1F, 0xF8, 0xF8,
  0x0F, 0xFF, 0xFF, 0xF0, 0x0F, 0xFF, 0xEF, 0xF0, 0x00, 0x03, 0x00, 0x20,
  0x00, 0x23, 0x01, 0x20, 0x00, 0x23, 0x01, 0x00, 0x06, 0x23, 0xE3, 0x40,
  0x00, 0x00, 0x00, 0x00, 0x07, 0xF7, 0xFF, 0xE0, 0x07, 0xC2, 0x00, 0x00,
  0x07, 0x8D, 0x00, 0x00, 0x03, 0x1A, 0x40, 0x00, 0x04, 0xB2, 0xA0, 0x00,
  0x01, 0x44, 0xD8, 0x00, 0x00, 0x90, 0x44, 0x00, 0x00, 0x48, 0x9A, 0x00,
  0x00, 0x14, 0x10, 0x80, 0x00, 0x09, 0x26, 0x40, 0x00, 0x02, 0x0C, 0xA0,
  0x00, 0x01, 0x48, 0xC0, 0x00, 0x00, 0x91, 0x20, 0x00, 0x00, 0x29, 0x20,
  0x00, 0x00, 0x12, 0x60, 0x00, 0x00, 0x09, 0xE0, 0x00, 0x00, 0x05, 0xC0,
  0x00, 0x00, 0x00, 0x00, 0x00, 0x00, 0x00, 0x00, 0x00, 0x00, 0x00, 0x00,
  0x00, 0x00, 0x00, 0x00, 0x00, 0x00, 0x00, 0x00,
};

const uint8_t bitmap_nhl_nyr_layer_2[] PROGMEM = {
  0x00, 0x00, 0x00, 0x00, 0x3F, 0xBF, 0xFD, 0xFC, 0x00, 0x20, 0x04, 0x00,
  0x30, 0x00, 0x00, 0x0C, 0x10, 0x00, 0x00, 0x00, 0x14, 0x18, 0x92, 0x48,
  0x16, 0x14, 0x86, 0xC8, 0x12, 0x0C, 0x02, 0x08, 0x10, 0x00, 0x10, 0x08,
  0x10, 0x00, 0x00, 0x08, 0x10, 0x00, 0x00, 0x08, 0x10, 0x20, 0x00, 0x08,
  0x10, 0x50, 0x00, 0x08, 0x10, 0x24, 0x00, 0x08, 0x10, 0x0C, 0x00, 0x08,
  0x14, 0x19, 0x00, 0x08, 0x10, 0x0B, 0x00, 0x08, 0x10, 0x80, 0x60, 0x08,
  0x10, 0x00, 0x08, 0x08, 0x10, 0x10, 0xC0, 0x08, 0x10, 0x00, 0x12, 0x08,
  0x10, 0x00, 0x05, 0x08, 0x10, 0x01, 0x02, 0xC8, 0x10, 0x00, 0x00, 0x08,
  0x10, 0x00, 0x01, 0x88, 0x14, 0x00, 0x00, 0x08, 0x08, 0x02, 0x40, 0x00,
  0x07, 0xFC, 0x3F, 0xE0, 0x00, 0x03, 0xC0, 0x00, 0x00, 0x01, 0x80, 0x00,
  0x00, 0x00, 0x00, 0x00, 0x00, 0x00, 0x00, 0x00,
};

const uint8_t bitmap_nhl_nyr_layer_3[] PROGMEM = {
  0x00, 0x00, 0x00, 0x00, 0x00, 0x00, 0x00, 0x00, 0x20, 0x40, 0x02, 0x04,
  0x00, 0x00, 0x00, 0x00, 0x00, 0x00, 0x00, 0x08, 0x00, 0x00, 0x00, 0x00,
  0x00, 0x08, 0x00, 0x00, 0x00, 0x10, 0x00, 0x00, 0x00, 0x00, 0x00, 0x00,
  0x00, 0x00, 0x00, 0x00, 0x00, 0x00, 0x00, 0x00, 0x00, 0x00, 0x00, 0x00,
  0x00, 0x00, 0x00, 0x00, 0x00, 0x00, 0x00, 0x00, 0x00, 0x00, 0x00, 0x00,
  0x00, 0x00, 0x00, 0x00, 0x06, 0x00, 0x00, 0x00, 0x07, 0x01, 0x00, 0x00,
  0x07, 0xC0, 0x00, 0x00, 0x07, 0xE0, 0x00, 0x00, 0x07, 0xF8, 0x00, 0x00,
  0x07, 0xFC, 0x00, 0x00, 0x07, 0xFE, 0x00, 0x00, 0x07, 0xFF, 0x80, 0x00,
  0x07, 0xFF, 0xC0, 0x00, 0x03, 0xFF, 0xF0, 0x00, 0x00, 0x01, 0x80, 0x10,
  0x00, 0x00, 0x00, 0x00, 0x00, 0x00, 0x00, 0x00, 0x00, 0x00, 0x00, 0x00,
  0x00, 0x00, 0x00, 0x00, 0x00, 0x00, 0x00, 0x00,
};

const uint8_t bitmap_nhl_nyr_layer_4[] PROGMEM = {
  0x00, 0x00, 0x00, 0x00, 0x00, 0x00, 0x00, 0x00, 0x00, 0x00, 0x00, 0x00,
  0x00, 0x00, 0x00, 0x00, 0x00, 0x00, 0x00, 0x00, 0x00, 0x00, 0x00, 0x00,
  0x00, 0x00, 0x00, 0x00, 0x00, 0x00, 0x00, 0x00, 0x00, 0x00, 0x00, 0x00,
  0x00, 0x00, 0x00, 0x00, 0x00, 0x00, 0x00, 0x00, 0x00, 0x01, 0xFF, 0xE0,
  0x00, 0x00, 0xFF, 0xE0, 0x00, 0x00, 0x3F, 0xE0, 0x00, 0x00, 0x1F, 0xE0,
  0x00, 0x00, 0x07, 0xE0, 0x00, 0x00, 0x03, 0xE0, 0x00, 0x00, 0x01, 0xE0,
  0x00, 0x00, 0x00, 0x60, 0x00, 0x00, 0x00, 0x20, 0x00, 0x00, 0x00, 0x00,
  0x00, 0x00, 0x00, 0x00, 0x00, 0x00, 0x00, 0x00, 0x00, 0x00, 0x00, 0x00,
  0x00, 0x00, 0x00, 0x00, 0x00, 0x00, 0x00, 0x00, 0x00, 0x00, 0x00, 0x00,
  0x00, 0x00, 0x00, 0x00, 0x00, 0x00, 0x00, 0x00, 0x00, 0x00, 0x00, 0x00,
  0x00, 0x00, 0x00, 0x00, 0x00, 0x00, 0x00, 0x00,
};

const SportsLogoLayerDef layers_nhl_nyr[] = {
  { bitmap_nhl_nyr_layer_0, 114, 153, 198 },
  { bitmap_nhl_nyr_layer_1, 40, 92, 160 },
  { bitmap_nhl_nyr_layer_2, 195, 210, 230 },
  { bitmap_nhl_nyr_layer_3, 255, 255, 255 },
  { bitmap_nhl_nyr_layer_4, 219, 23, 47 },
};

const uint8_t bitmap_nhl_ott_layer_0[] PROGMEM = {
  0x00, 0x00, 0x00, 0x00, 0x00, 0x00, 0x00, 0x00, 0x00, 0x00, 0x00, 0x00,
  0x00, 0x00, 0x00, 0x00, 0x00, 0x00, 0x1C, 0x00, 0x00, 0x00, 0xC4, 0x00,
  0x00, 0x02, 0x04, 0x00, 0x00, 0x04, 0x00, 0x00, 0x00, 0x08, 0x07, 0x80,
  0x00, 0x10, 0x06, 0x60, 0x00, 0x10, 0x00, 0x10, 0x20, 0x20, 0x00, 0x48,
  0x2C, 0x20, 0x1F, 0xC0, 0x00, 0x00, 0x3F, 0xC4, 0x00, 0x00, 0x3F, 0xC0,
  0x08, 0x00, 0x3F, 0x06, 0x00, 0x00, 0x3F, 0x06, 0x03, 0xC0, 0x3B, 0x06,
  0x02, 0x00, 0x19, 0x26, 0x01, 0x00, 0x1C, 0x80, 0x00, 0x80, 0x0E, 0x84,
  0x00, 0x40, 0x00, 0x44, 0x00, 0x20, 0x00, 0x08, 0x00, 0x00, 0x00, 0x10,
  0x00, 0x08, 0x10, 0x20, 0x00, 0x00, 0x3B, 0x80, 0x00, 0x00, 0xC0, 0x00,
  0x00, 0x00, 0x80, 0x00, 0x00, 0x00, 0x00, 0x00, 0x00, 0x00, 0x00, 0x00,
  0x00, 0x00, 0x00, 0x00, 0x00, 0x00, 0x00, 0x00,
};

const uint8_t bitmap_nhl_ott_layer_1[] PROGMEM = {
  0x00, 0x00, 0x00, 0x00, 0x00, 0x00, 0x00, 0x00, 0x00, 0x00, 0x00, 0x00,
  0x00, 0x00, 0x00, 0x00, 0x00, 0x00, 0x00, 0x00, 0x00, 0x00, 0x38, 0x00,
  0x00, 0x00, 0xF8, 0x00, 0x00, 0x03, 0xF0, 0x00, 0x00, 0x07, 0xF0, 0x00,
  0x00, 0x0F, 0xF0, 0x00, 0x00, 0x0F, 0xE0, 0x00, 0x00, 0x1F, 0x80, 0x00,
  0x00, 0x1F, 0x00, 0x00, 0x00, 0x1F, 0x00, 0x00, 0x00, 0x1F, 0x00, 0x00,
  0x00, 0x1E, 0x00, 0x00, 0x00, 0x1E, 0x00, 0x00, 0x00, 0x1F, 0x00, 0x00,
  0x00, 0x1F, 0x00, 0x00, 0x00, 0x0F, 0x80, 0x00, 0x00, 0x0F, 0xC0, 0x00,
  0x00, 0x07, 0xE0, 0x00, 0x00, 0x03, 0xC0, 0x00, 0x00, 0x01, 0xC0, 0x00,
  0x00, 0x00, 0xC0, 0x00, 0x00, 0x00, 0x00, 0x00, 0x00, 0x00, 0x00, 0x00,
  0x00, 0x00, 0x00, 0x00, 0x00, 0x00, 0x00, 0x00, 0x00, 0x00, 0x00, 0x00,
  0x00, 0x00, 0x00, 0x00, 0x00, 0x00, 0x00, 0x00,
};

const uint8_t bitmap_nhl_ott_layer_2[] PROGMEM = {
  0x00, 0x00, 0x00, 0x00, 0x00, 0x00, 0x00, 0x00, 0x00, 0x00, 0x00, 0x00,
  0x00, 0x00, 0x00, 0x00, 0x00, 0x00, 0x00, 0x00, 0x00, 0x00, 0x00, 0x00,
  0x00, 0x01, 0x00, 0x00, 0x00, 0x00, 0x08, 0x00, 0x00, 0x00, 0x08, 0x00,
  0x00, 0x00, 0x09, 0x80, 0x00, 0x00, 0x01, 0xE0, 0x00, 0x00, 0x4E, 0xB0,
  0x10, 0x00, 0x80, 0x18, 0x13, 0xE0, 0x00, 0x18, 0x08, 0x20, 0x40, 0x0C,
  0x04, 0x21, 0x40, 0x08, 0x03, 0x21, 0x40, 0x28, 0x00, 0x20, 0x00, 0x08,
  0x01, 0xE0, 0xA0, 0x08, 0x00, 0x10, 0x00, 0x0C, 0x00, 0x40, 0x00, 0x18,
  0x00, 0x38, 0x08, 0x18, 0x00, 0x1C, 0x27, 0xF0, 0x00, 0x12, 0x38, 0xE0,
  0x00, 0x07, 0x2F, 0xC0, 0x00, 0x00, 0xC4, 0x00, 0x00, 0x00, 0x00, 0x00,
  0x00, 0x00, 0x00, 0x00, 0x00, 0x00, 0x00, 0x00, 0x00, 0x00, 0x00, 0x00,
  0x00, 0x00, 0x00, 0x00, 0x00, 0x00, 0x00, 0x00,
};

const uint8_t bitmap_nhl_ott_layer_3[] PROGMEM = {
  0x00, 0x00, 0x00, 0x00, 0x00, 0x00, 0x00, 0x00, 0x00, 0x00, 0x00, 0x00,
  0x00, 0x00, 0x00, 0x00, 0x00, 0x00, 0x62, 0x00, 0x00, 0x01, 0x00, 0x00,
  0x00, 0x04, 0x00, 0x00, 0x00, 0x08, 0x07, 0x00, 0x00, 0x10, 0x00, 0x40,
  0x00, 0x00, 0x00, 0x10, 0x40, 0x20, 0x00, 0x08, 0x50, 0x00, 0x00, 0x00,
  0x03, 0xC0, 0x00, 0x04, 0x20, 0x00, 0x00, 0x02, 0x10, 0x00, 0x00, 0x02,
  0x00, 0x00, 0x00, 0xC0, 0x04, 0x00, 0x00, 0xC0, 0x04, 0x00, 0x04, 0xE0,
  0x00, 0x00, 0x06, 0xC0, 0x02, 0x00, 0x03, 0x62, 0x01, 0x00, 0x01, 0x62,
  0x00, 0x00, 0x00, 0x80, 0x00, 0x40, 0x00, 0x04, 0x00, 0x20, 0x00, 0x08,
  0x00, 0x10, 0x00, 0x10, 0x00, 0x07, 0x00, 0x60, 0x00, 0x01, 0x3F, 0x80,
  0x00, 0x01, 0x40, 0x00, 0x00, 0x00, 0x00, 0x00, 0x00, 0x00, 0x00, 0x00,
  0x00, 0x00, 0x00, 0x00, 0x00, 0x00, 0x00, 0x00,
};

const uint8_t bitmap_nhl_ott_layer_4[] PROGMEM = {
  0x00, 0x00, 0x00, 0x00, 0x00, 0x00, 0x00, 0x00, 0x00, 0x00, 0x00, 0x00,
  0x00, 0x00, 0x00, 0x00, 0x00, 0x00, 0x00, 0x00, 0x00, 0x00, 0x00, 0x00,
  0x00, 0x00, 0x00, 0x00, 0x00, 0x00, 0x00, 0x00, 0x00, 0x00, 0x00, 0x00,
  0x00, 0x00, 0x00, 0x00, 0x00, 0x00, 0x1E, 0x00, 0x00, 0x00, 0x31, 0x00,
  0x00, 0x00, 0x60, 0x20, 0x0C, 0x00, 0xC0, 0x20, 0x07, 0xC0, 0x80, 0x30,
  0x03, 0xC0, 0x80, 0x30, 0x00, 0xC0, 0x80, 0x10, 0x00, 0x00, 0xC0, 0x10,
  0x00, 0x00, 0x40, 0x10, 0x00, 0xE0, 0x60, 0x10, 0x00, 0x30, 0x30, 0x00,
  0x00, 0x00, 0x17, 0x20, 0x00, 0x00, 0x18, 0x00, 0x00, 0x0C, 0x07, 0x00,
  0x00, 0x00, 0x00, 0x00, 0x00, 0x00, 0x00, 0x00, 0x00, 0x00, 0x00, 0x00,
  0x00, 0x00, 0x00, 0x00, 0x00, 0x00, 0x00, 0x00, 0x00, 0x00, 0x00, 0x00,
  0x00, 0x00, 0x00, 0x00, 0x00, 0x00, 0x00, 0x00,
};

const SportsLogoLayerDef layers_nhl_ott[] = {
  { bitmap_nhl_ott_layer_0, 163, 132, 87 },
  { bitmap_nhl_ott_layer_1, 227, 8, 42 },
  { bitmap_nhl_ott_layer_2, 96, 62, 39 },
  { bitmap_nhl_ott_layer_3, 195, 192, 184 },
  { bitmap_nhl_ott_layer_4, 0, 0, 0 },
};

const uint8_t bitmap_nhl_phi_layer_0[] PROGMEM = {
  0x00, 0x00, 0x00, 0x00, 0x00, 0x00, 0x00, 0x00, 0x00, 0x00, 0x00, 0x00,
  0x00, 0x00, 0x00, 0x00, 0x00, 0x00, 0x00, 0x00, 0x00, 0x00, 0x00, 0x00,
  0x3F, 0xFF, 0xFF, 0x00, 0x1F, 0xFF, 0xFF, 0xC0, 0x1F, 0xFF, 0xFF, 0xE0,
  0x0F, 0xFF, 0xFF, 0xF0, 0x00, 0x03, 0xE0, 0xF8, 0x3F, 0xFF, 0xC0, 0x78,
  0x1F, 0xFF, 0x80, 0x3C, 0x1F, 0xFF, 0x80, 0x3C, 0x0F, 0xFF, 0x00, 0x3C,
  0x00, 0x1F, 0x00, 0x3C, 0x3F, 0xFE, 0x80, 0x3C, 0x1F, 0xFC, 0xC0, 0x78,
  0x1F, 0xFD, 0xE0, 0xF8, 0x0F, 0xF9, 0xFF, 0xF0, 0x00, 0xF8, 0xFF, 0xF0,
  0x3F, 0xF0, 0x7F, 0xC0, 0x1F, 0xE0, 0x1F, 0x00, 0x1F, 0xE0, 0x00, 0x00,
  0x0F, 0xC0, 0x00, 0x00, 0x00, 0x00, 0x00, 0x00, 0x00, 0x00, 0x00, 0x00,
  0x00, 0x00, 0x00, 0x00, 0x00, 0x00, 0x00, 0x00, 0x00, 0x00, 0x00, 0x00,
  0x00, 0x00, 0x00, 0x00, 0x00, 0x00, 0x00, 0x00,
};

const uint8_t bitmap_nhl_phi_layer_1[] PROGMEM = {
  0x00, 0x00, 0x00, 0x00, 0x00, 0x00, 0x00, 0x00, 0x00, 0x00, 0x00, 0x00,
  0x00, 0x00, 0x00, 0x00, 0x00, 0x00, 0x00, 0x00, 0x00, 0x00, 0x00, 0x00,
  0x00, 0x00, 0x00, 0x80, 0x20, 0x00, 0x00, 0x20, 0x00, 0x00, 0x00, 0x10,
  0x00, 0x00, 0x00, 0x08, 0x07, 0xFC, 0x11, 0x00, 0x00, 0x00, 0x00, 0x04,
  0x20, 0x00, 0x4E, 0x40, 0x00, 0x00, 0x1F, 0x00, 0x00, 0x00, 0x9F, 0x00,
  0x07, 0xE0, 0x1F, 0x00, 0x00, 0x00, 0x4E, 0x40, 0x20, 0x02, 0x00, 0x04,
  0x00, 0x00, 0x11, 0x00, 0x00, 0x04, 0x00, 0x08, 0x07, 0x01, 0x00, 0x00,
  0x00, 0x00, 0x80, 0x20, 0x20, 0x10, 0x20, 0x80, 0x00, 0x00, 0x00, 0x00,
  0x00, 0x20, 0x00, 0x00, 0x00, 0x00, 0x00, 0x00, 0x00, 0x00, 0x00, 0x00,
  0x00, 0x00, 0x00, 0x00, 0x00, 0x00, 0x00, 0x00, 0x00, 0x00, 0x00, 0x00,
  0x00, 0x00, 0x00, 0x00, 0x00, 0x00, 0x00, 0x00,
};

const uint8_t bitmap_nhl_phi_layer_2[] PROGMEM = {
  0x00, 0x00, 0x00, 0x00, 0x00, 0x00, 0x00, 0x00, 0x00, 0x00, 0x00, 0x00,
  0x00, 0x00, 0x00, 0x00, 0x00, 0x00, 0x00, 0x00, 0x40, 0x00, 0x00, 0x80,
  0x40, 0x00, 0x00, 0x20, 0x40, 0x00, 0x00, 0x10, 0x00, 0x00, 0x00, 0x08,
  0x20, 0x00, 0x00, 0x04, 0x40, 0x00, 0x00, 0x00, 0x40, 0x00, 0x1F, 0x02,
  0x40, 0x00, 0x31, 0x80, 0x40, 0x00, 0x20, 0x80, 0x20, 0x00, 0x60, 0x80,
  0x40, 0x00, 0x20, 0x80, 0x40, 0x00, 0x30, 0x80, 0x40, 0x00, 0x1F, 0x02,
  0x40, 0x00, 0x00, 0x00, 0x20, 0x00, 0x00, 0x04, 0x40, 0x06, 0x00, 0x08,
  0x40, 0x05, 0x00, 0x10, 0x40, 0x08, 0x80, 0x20, 0x40, 0x00, 0x20, 0x80,
  0x20, 0x10, 0x00, 0x00, 0x18, 0x20, 0x00, 0x00, 0x00, 0x00, 0x00, 0x00,
  0x00, 0x00, 0x00, 0x00, 0x00, 0x00, 0x00, 0x00, 0x00, 0x00, 0x00, 0x00,
  0x00, 0x00, 0x00, 0x00, 0x00, 0x00, 0x00, 0x00,
};

const uint8_t bitmap_nhl_phi_layer_3[] PROGMEM = {
  0x00, 0x00, 0x00, 0x00, 0x00, 0x00, 0x00, 0x00, 0x00, 0x00, 0x00, 0x00,
  0x00, 0x00, 0x00, 0x00, 0x00, 0x00, 0x00, 0x00, 0x3F, 0xFF, 0xFE, 0x00,
  0x00, 0x00, 0x00, 0x40, 0x00, 0x00, 0x00, 0x00, 0x00, 0x00, 0x00, 0x00,
  0x00, 0x00, 0x00, 0x00, 0x28, 0x00, 0x08, 0x04, 0x00, 0x00, 0x20, 0x80,
  0x00, 0x00, 0x00, 0x00, 0x00, 0x00, 0x00, 0x02, 0x00, 0x00, 0x00, 0x02,
  0x28, 0x00, 0xC0, 0x02, 0x00, 0x01, 0x00, 0x00, 0x00, 0x01, 0x20, 0x80,
  0x00, 0x02, 0x00, 0x04, 0x00, 0x02, 0x00, 0x00, 0x28, 0x00, 0x00, 0x00,
  0x00, 0x08, 0x00, 0x00, 0x00, 0x00, 0x40, 0x40, 0x00, 0x10, 0x0E, 0x00,
  0x00, 0x00, 0x00, 0x00, 0x07, 0xC0, 0x00, 0x00, 0x00, 0x00, 0x00, 0x00,
  0x00, 0x00, 0x00, 0x00, 0x00, 0x00, 0x00, 0x00, 0x00, 0x00, 0x00, 0x00,
  0x00, 0x00, 0x00, 0x00, 0x00, 0x00, 0x00, 0x00,
};

const uint8_t bitmap_nhl_phi_layer_4[] PROGMEM = {
  0x00, 0x00, 0x00, 0x00, 0x00, 0x00, 0x00, 0x00, 0x00, 0x00, 0x00, 0x00,
  0x00, 0x00, 0x00, 0x00, 0x00, 0x00, 0x00, 0x00, 0x00, 0x00, 0x01, 0x00,
  0x00, 0x00, 0x00, 0x00, 0x00, 0x00, 0x00, 0x00, 0x20, 0x00, 0x00, 0x00,
  0x10, 0x00, 0x00, 0x00, 0x10, 0x00, 0x06, 0x00, 0x00, 0x00, 0x00, 0x00,
  0x00, 0x00, 0x00, 0x02, 0x20, 0x00, 0x40, 0x40, 0x10, 0x00, 0x00, 0x40,
  0x10, 0x00, 0x00, 0x40, 0x00, 0x00, 0x01, 0x02, 0x00, 0x00, 0x00, 0x00,
  0x20, 0x00, 0x0E, 0x00, 0x10, 0x00, 0x00, 0x00, 0x10, 0x00, 0x00, 0x00,
  0x00, 0x00, 0x00, 0x00, 0x00, 0x00, 0x00, 0x00, 0x20, 0x00, 0x11, 0x00,
  0x10, 0x00, 0x00, 0x00, 0x00, 0x00, 0x00, 0x00, 0x00, 0x00, 0x00, 0x00,
  0x00, 0x00, 0x00, 0x00, 0x00, 0x00, 0x00, 0x00, 0x00, 0x00, 0x00, 0x00,
  0x00, 0x00, 0x00, 0x00, 0x00, 0x00, 0x00, 0x00,
};

const SportsLogoLayerDef layers_nhl_phi[] = {
  { bitmap_nhl_phi_layer_0, 0, 0, 0 },
  { bitmap_nhl_phi_layer_1, 137, 86, 71 },
  { bitmap_nhl_phi_layer_2, 255, 255, 255 },
  { bitmap_nhl_phi_layer_3, 163, 163, 163 },
  { bitmap_nhl_phi_layer_4, 201, 200, 200 },
};

const uint8_t bitmap_nhl_pit_layer_0[] PROGMEM = {
  0x00, 0x00, 0x00, 0x00, 0x00, 0x48, 0x00, 0x00, 0x00, 0x05, 0x88, 0x00,
  0x00, 0x00, 0x01, 0x00, 0x02, 0x00, 0x00, 0xE0, 0x60, 0x00, 0x00, 0x18,
  0x41, 0x00, 0x00, 0x08, 0x00, 0x0F, 0x00, 0x00, 0x20, 0x0F, 0xC0, 0x00,
  0x10, 0x1F, 0xE0, 0x20, 0x00, 0x0F, 0xE0, 0x00, 0x08, 0x0F, 0xE0, 0x18,
  0x00, 0x07, 0xC0, 0x02, 0x04, 0x03, 0x88, 0x82, 0x00, 0x01, 0x1C, 0x80,
  0x02, 0x00, 0x3C, 0x18, 0x01, 0x00, 0x08, 0x20, 0x00, 0x00, 0x01, 0x80,
  0x00, 0x80, 0x04, 0x00, 0x00, 0x00, 0x00, 0x00, 0x10, 0x00, 0x04, 0x00,
  0x00, 0x20, 0x04, 0x00, 0x20, 0x20, 0x04, 0x00, 0x3F, 0xF0, 0x3C, 0x00,
  0x00, 0x00, 0x00, 0x00, 0x00, 0x08, 0x40, 0x00, 0x00, 0x00, 0x00, 0x00,
  0x00, 0x04, 0x80, 0x00, 0x00, 0x00, 0x00, 0x00, 0x00, 0x03, 0x00, 0x00,
  0x00, 0x00, 0x00, 0x00, 0x00, 0x00, 0x00, 0x00,
};

const uint8_t bitmap_nhl_pit_layer_1[] PROGMEM = {
  0x00, 0x00, 0x00, 0x00, 0x00, 0x00, 0x00, 0x00, 0x00, 0x40, 0x20, 0x00,
  0x00, 0x81, 0x08, 0x00, 0x01, 0xC0, 0x06, 0x00, 0x01, 0x00, 0x03, 0x60,
  0x14, 0x06, 0x1E, 0xE0, 0x02, 0xC0, 0x16, 0x80, 0x06, 0x00, 0x03, 0xC0,
  0x08, 0x40, 0x07, 0xC0, 0x00, 0x00, 0x08, 0x00, 0x04, 0x50, 0x00, 0x80,
  0x00, 0x00, 0x02, 0x60, 0x02, 0x20, 0x00, 0x00, 0x00, 0x00, 0x00, 0x10,
  0x00, 0x1F, 0x00, 0x00, 0x00, 0x8F, 0xC0, 0x80, 0x00, 0x0B, 0x84, 0x00,
  0x00, 0x49, 0x08, 0x00, 0x00, 0x06, 0x20, 0x00, 0x00, 0x20, 0x08, 0x00,
  0x00, 0x00, 0x88, 0x00, 0x0B, 0xD0, 0xE0, 0x00, 0x00, 0x08, 0x40, 0x00,
  0x00, 0x00, 0x00, 0x00, 0x00, 0x04, 0x80, 0x00, 0x00, 0x00, 0x00, 0x00,
  0x00, 0x03, 0x00, 0x00, 0x00, 0x00, 0x00, 0x00, 0x00, 0x00, 0x00, 0x00,
  0x00, 0x00, 0x00, 0x00, 0x00, 0x00, 0x00, 0x00,
};

const uint8_t bitmap_nhl_pit_layer_2[] PROGMEM = {
  0x00, 0x00, 0x00, 0x00, 0x00, 0x30, 0x00, 0x00, 0x00, 0x88, 0x50, 0x00,
  0x01, 0x06, 0x06, 0x00, 0x00, 0x00, 0x01, 0x00, 0x1E, 0x00, 0x04, 0x80,
  0x22, 0x00, 0x01, 0x10, 0x25, 0x00, 0x81, 0x10, 0x10, 0x10, 0x00, 0x20,
  0x00, 0x00, 0x00, 0x00, 0x08, 0x10, 0x14, 0x40, 0x00, 0x00, 0x18, 0x60,
  0x04, 0x08, 0x38, 0x9C, 0x00, 0x04, 0x75, 0x04, 0x02, 0x02, 0xE1, 0x0C,
  0x01, 0x00, 0xC0, 0x20, 0x00, 0x00, 0x34, 0x40, 0x00, 0x84, 0x02, 0x00,
  0x00, 0x06, 0x00, 0x00, 0x00, 0x48, 0x08, 0x00, 0x0F, 0xD8, 0x00, 0x00,
  0x18, 0x10, 0x00, 0x00, 0x10, 0x00, 0x18, 0x00, 0x00, 0x00, 0x00, 0x00,
  0x00, 0x08, 0x40, 0x00, 0x00, 0x00, 0x00, 0x00, 0x00, 0x04, 0x80, 0x00,
  0x00, 0x00, 0x00, 0x00, 0x00, 0x03, 0x00, 0x00, 0x00, 0x00, 0x00, 0x00,
  0x00, 0x00, 0x00, 0x00, 0x00, 0x00, 0x00, 0x00,
};

const uint8_t bitmap_nhl_pit_layer_3[] PROGMEM = {
  0x00, 0x00, 0x00, 0x00, 0x00, 0x00, 0x00, 0x00, 0x00, 0x30, 0x00, 0x00,
  0x00, 0x78, 0xF0, 0x00, 0x00, 0x3F, 0xF8, 0x00, 0x00, 0xFF, 0xF8, 0x00,
  0x00, 0xF9, 0xE0, 0x00, 0x00, 0x30, 0x60, 0x00, 0x00, 0x20, 0x30, 0x00,
  0x00, 0x20, 0x18, 0x00, 0x00, 0x60, 0x00, 0x00, 0x00, 0x20, 0x04, 0x00,
  0x00, 0x30, 0x04, 0x00, 0x00, 0x18, 0x02, 0x78, 0x00, 0x1C, 0x02, 0x60,
  0x00, 0x00, 0x03, 0xC0, 0x00, 0x00, 0x03, 0x00, 0x00, 0x00, 0x38, 0x00,
  0x00, 0x00, 0x30, 0x00, 0x00, 0x00, 0x10, 0x00, 0x00, 0x00, 0x30, 0x00,
  0x07, 0xC0, 0x70, 0x00, 0x04, 0x00, 0x00, 0x00, 0x00, 0x00, 0x00, 0x00,
  0x00, 0x00, 0x00, 0x00, 0x00, 0x00, 0x00, 0x00, 0x00, 0x00, 0x00, 0x00,
  0x00, 0x00, 0x00, 0x00, 0x00, 0x00, 0x00, 0x00, 0x00, 0x00, 0x00, 0x00,
  0x00, 0x00, 0x00, 0x00, 0x00, 0x00, 0x00, 0x00,
};

const uint8_t bitmap_nhl_pit_layer_4[] PROGMEM = {
  0x00, 0x00, 0x00, 0x00, 0x00, 0x00, 0x00, 0x00, 0x00, 0x00, 0x00, 0x00,
  0x00, 0x00, 0x00, 0x00, 0x00, 0x00, 0x00, 0x00, 0x00, 0x00, 0x00, 0x00,
  0x08, 0x00, 0x00, 0x00, 0x18, 0x00, 0x08, 0x60, 0x09, 0xC0, 0x0C, 0x00,
  0x07, 0x80, 0x00, 0x00, 0x07, 0x80, 0x03, 0x80, 0x03, 0x80, 0x03, 0x00,
  0x03, 0xC0, 0x01, 0x00, 0x01, 0xC0, 0x00, 0x00, 0x01, 0xE0, 0x00, 0x00,
  0x00, 0xE0, 0x00, 0x00, 0x00, 0x70, 0x00, 0x00, 0x00, 0x70, 0x40, 0x00,
  0x00, 0x30, 0xC0, 0x00, 0x00, 0x31, 0xC0, 0x00, 0x00, 0x07, 0xC0, 0x00,
  0x00, 0x0F, 0x00, 0x00, 0x00, 0x0F, 0x00, 0x00, 0x00, 0x07, 0x80, 0x00,
  0x00, 0x07, 0x80, 0x00, 0x00, 0x03, 0x00, 0x00, 0x00, 0x03, 0x00, 0x00,
  0x00, 0x00, 0x00, 0x00, 0x00, 0x00, 0x00, 0x00, 0x00, 0x00, 0x00, 0x00,
  0x00, 0x00, 0x00, 0x00, 0x00, 0x00, 0x00, 0x00,
};

const SportsLogoLayerDef layers_nhl_pit[] = {
  { bitmap_nhl_pit_layer_0, 255, 255, 255 },
  { bitmap_nhl_pit_layer_1, 113, 103, 75 },
  { bitmap_nhl_pit_layer_2, 179, 179, 178 },
  { bitmap_nhl_pit_layer_3, 0, 0, 0 },
  { bitmap_nhl_pit_layer_4, 231, 172, 4 },
};

const uint8_t bitmap_nhl_sea_layer_0[] PROGMEM = {
  0x00, 0x00, 0x00, 0x00, 0x00, 0x03, 0xC0, 0x00, 0x00, 0x1E, 0xC0, 0x00,
  0x00, 0x38, 0x60, 0x00, 0x00, 0xE0, 0x38, 0x00, 0x01, 0x80, 0x0E, 0x00,
  0x03, 0x02, 0x03, 0xF0, 0x03, 0x03, 0x00, 0x30, 0x06, 0x42, 0x80, 0x60,
  0x06, 0x42, 0x40, 0xC0, 0x04, 0x41, 0x7F, 0x80, 0x04, 0x20, 0xFF, 0x00,
  0x06, 0x30, 0x38, 0x00, 0x06, 0x18, 0x0E, 0x00, 0x03, 0x04, 0x07, 0x00,
  0x03, 0x03, 0x01, 0x80, 0x01, 0xC0, 0xC0, 0xC0, 0x00, 0xE0, 0x30, 0x60,
  0x00, 0x38, 0x0C, 0x60, 0x00, 0x0E, 0x06, 0x30, 0x00, 0x7F, 0x82, 0x30,
  0x01, 0xEF, 0xC3, 0x30, 0x03, 0x01, 0xC3, 0x20, 0x06, 0x00, 0xE3, 0x60,
  0x0E, 0x00, 0x43, 0x60, 0x0F, 0xE0, 0x03, 0xC0, 0x00, 0x78, 0x07, 0x80,
  0x00, 0x1C, 0x0F, 0x00, 0x00, 0x06, 0x1E, 0x00, 0x00, 0x03, 0x78, 0x00,
  0x00, 0x01, 0xE0, 0x00, 0x00, 0x00, 0x00, 0x00,
};

const uint8_t bitmap_nhl_sea_layer_1[] PROGMEM = {
  0x00, 0x00, 0x00, 0x00, 0x00, 0x00, 0x00, 0x00, 0x00, 0x00, 0x00, 0x00,
  0x00, 0x01, 0x80, 0x00, 0x00, 0x0F, 0x40, 0x00, 0x00, 0x39, 0x20, 0x00,
  0x00, 0x40, 0x80, 0x00, 0x00, 0x90, 0x60, 0x00, 0x00, 0x10, 0x3C, 0x80,
  0x01, 0x10, 0x00, 0x00, 0x01, 0x10, 0x00, 0x00, 0x01, 0x08, 0x00, 0x00,
  0x00, 0x44, 0x80, 0x00, 0x00, 0x83, 0x20, 0x00, 0x00, 0xD0, 0xC0, 0x00,
  0x00, 0x60, 0x30, 0x00, 0x00, 0x18, 0x0C, 0x00, 0x00, 0x06, 0x02, 0x00,
  0x00, 0x01, 0x81, 0x00, 0x00, 0x00, 0x40, 0x00, 0x00, 0x00, 0x30, 0x80,
  0x00, 0x00, 0x14, 0x80, 0x00, 0x44, 0x18, 0x80, 0x00, 0x30, 0x08, 0x00,
  0x00, 0x3C, 0x14, 0x00, 0x00, 0x06, 0x10, 0x00, 0x00, 0x03, 0x68, 0x00,
  0x00, 0x01, 0xD0, 0x00, 0x00, 0x00, 0x00, 0x00, 0x00, 0x00, 0x00, 0x00,
  0x00, 0x00, 0x00, 0x00, 0x00, 0x00, 0x00, 0x00,
};

const uint8_t bitmap_nhl_sea_layer_2[] PROGMEM = {
  0x00, 0x00, 0x00, 0x00, 0x00, 0x00, 0x00, 0x00, 0x00, 0x00, 0x00, 0x00,
  0x00, 0x00, 0x00, 0x00, 0x00, 0x00, 0x80, 0x00, 0x00, 0x00, 0xC0, 0x00,
  0x00, 0x08, 0x70, 0x00, 0x00, 0x08, 0x1E, 0x00, 0x00, 0x88, 0x03, 0x00,
  0x00, 0x88, 0x00, 0x00, 0x00, 0x8C, 0x00, 0x00, 0x00, 0x86, 0x00, 0x00,
  0x00, 0x83, 0x00, 0x00, 0x00, 0x40, 0xC0, 0x00, 0x00, 0x20, 0x30, 0x00,
  0x00, 0x18, 0x0C, 0x00, 0x00, 0x06, 0x02, 0x00, 0x00, 0x01, 0x81, 0x00,
  0x00, 0x00, 0x60, 0x80, 0x00, 0x00, 0x30, 0x80, 0x00, 0x00, 0x08, 0x00,
  0x00, 0x00, 0x08, 0x00, 0x00, 0x38, 0x04, 0x00, 0x00, 0xCE, 0x04, 0x00,
  0x00, 0x03, 0x08, 0x00, 0x00, 0x01, 0x88, 0x00, 0x00, 0x00, 0x90, 0x00,
  0x00, 0x00, 0x20, 0x00, 0x00, 0x00, 0xC0, 0x00, 0x00, 0x00, 0x00, 0x00,
  0x00, 0x00, 0x00, 0x00, 0x00, 0x00, 0x00, 0x00,
};

const uint8_t bitmap_nhl_sea_layer_3[] PROGMEM = {
  0x00, 0x00, 0x00, 0x00, 0x00, 0x00, 0x00, 0x00, 0x00, 0x01, 0x00, 0x00,
  0x00, 0x04, 0x00, 0x00, 0x00, 0x00, 0x00, 0x00, 0x00, 0x46, 0x10, 0x00,
  0x00, 0x81, 0x04, 0x00, 0x00, 0x20, 0x80, 0x40, 0x00, 0x05, 0x40, 0x00,
  0x00, 0x25, 0xA1, 0x00, 0x02, 0x22, 0x80, 0x00, 0x02, 0x41, 0x00, 0x00,
  0x00, 0x00, 0x40, 0x00, 0x00, 0x04, 0x10, 0x00, 0x00, 0x0B, 0x00, 0x00,
  0x00, 0x80, 0x82, 0x00, 0x00, 0x00, 0x20, 0x00, 0x00, 0x10, 0x08, 0x80,
  0x00, 0x04, 0x10, 0x00, 0x00, 0x01, 0x08, 0x40, 0x00, 0x00, 0x05, 0x00,
  0x00, 0x10, 0x00, 0x00, 0x00, 0x82, 0x20, 0x40, 0x00, 0x00, 0x00, 0x00,
  0x01, 0x80, 0x20, 0x80, 0x00, 0x10, 0x44, 0x00, 0x00, 0x00, 0x00, 0x00,
  0x00, 0x02, 0x00, 0x00, 0x00, 0x01, 0x00, 0x00, 0x00, 0x00, 0x80, 0x00,
  0x00, 0x00, 0x00, 0x00, 0x00, 0x00, 0x00, 0x00,
};

const uint8_t bitmap_nhl_sea_layer_4[] PROGMEM = {
  0x00, 0x00, 0x00, 0x00, 0x00, 0x00, 0x00, 0x00, 0x00, 0x00, 0x00, 0x00,
  0x00, 0x02, 0x00, 0x00, 0x00, 0x10, 0x00, 0x00, 0x00, 0x00, 0x00, 0x00,
  0x00, 0x34, 0x08, 0x00, 0x00, 0x44, 0x01, 0x80, 0x01, 0x20, 0x00, 0x00,
  0x00, 0x00, 0x1E, 0x00, 0x00, 0x00, 0x00, 0x00, 0x00, 0x10, 0x00, 0x00,
  0x01, 0x08, 0x00, 0x00, 0x01, 0x20, 0x00, 0x00, 0x00, 0x00, 0x08, 0x00,
  0x00, 0x04, 0x40, 0x00, 0x00, 0x21, 0x11, 0x00, 0x00, 0x08, 0x44, 0x00,
  0x00, 0x02, 0x02, 0x00, 0x00, 0x00, 0x81, 0x00, 0x00, 0x00, 0x40, 0x40,
  0x00, 0x00, 0x20, 0x40, 0x00, 0x00, 0x00, 0x00, 0x01, 0x01, 0x10, 0x80,
  0x00, 0x40, 0x80, 0x00, 0x00, 0x08, 0x20, 0x00, 0x00, 0x04, 0x00, 0x00,
  0x00, 0x00, 0x00, 0x00, 0x00, 0x00, 0x20, 0x00, 0x00, 0x00, 0x00, 0x00,
  0x00, 0x00, 0x00, 0x00, 0x00, 0x00, 0x00, 0x00,
};

const SportsLogoLayerDef layers_nhl_sea[] = {
  { bitmap_nhl_sea_layer_0, 4, 12, 32 },
  { bitmap_nhl_sea_layer_1, 70, 178, 194 },
  { bitmap_nhl_sea_layer_2, 110, 219, 220 },
  { bitmap_nhl_sea_layer_3, 37, 72, 91 },
  { bitmap_nhl_sea_layer_4, 52, 141, 158 },
};

const uint8_t bitmap_nhl_sj_layer_0[] PROGMEM = {
  0x00, 0x00, 0x00, 0x00, 0x00, 0x00, 0x00, 0x00, 0x00, 0x00, 0x00, 0x00,
  0x00, 0x00, 0x00, 0x00, 0x00, 0x00, 0x00, 0x00, 0x00, 0x08, 0x00, 0x00,
  0x00, 0x04, 0x00, 0x00, 0x00, 0x06, 0x00, 0x00, 0x00, 0x03, 0x00, 0x00,
  0x00, 0x03, 0x80, 0x00, 0x07, 0x03, 0xC0, 0x00, 0x03, 0xFB, 0xC0, 0x00,
  0x01, 0xFF, 0xE0, 0x00, 0x01, 0xFF, 0xF0, 0x00, 0x00, 0xFE, 0x11, 0xC0,
  0x00, 0x7F, 0x01, 0xC0, 0x00, 0x7F, 0x00, 0x80, 0x0F, 0xFF, 0x80, 0x00,
  0x03, 0xFF, 0x40, 0x00, 0x00, 0x3F, 0x70, 0x00, 0x00, 0x03, 0xF0, 0x00,
  0x00, 0x00, 0x4C, 0x00, 0x00, 0x00, 0x02, 0x00, 0x00, 0x00, 0x00, 0x00,
  0x00, 0x00, 0x00, 0x00, 0x00, 0x00, 0x00, 0x00, 0x00, 0x00, 0x00, 0x00,
  0x00, 0x00, 0x00, 0x00, 0x00, 0x00, 0x00, 0x00, 0x00, 0x00, 0x00, 0x00,
  0x00, 0x00, 0x00, 0x00, 0x00, 0x00, 0x00, 0x00,
};

const uint8_t bitmap_nhl_sj_layer_1[] PROGMEM = {
  0x00, 0x00, 0x00, 0x00, 0x00, 0x00, 0x00, 0x00, 0x00, 0x00, 0x00, 0x00,
  0x00, 0x00, 0x00, 0x00, 0x00, 0x10, 0x00, 0x00, 0x00, 0x00, 0x00, 0x00,
  0x00, 0x08, 0x00, 0x00, 0x00, 0x00, 0x00, 0x00, 0x00, 0x00, 0x00, 0x00,
  0x0E, 0x04, 0x41, 0xE0, 0x00, 0x1C, 0x37, 0xA0, 0x04, 0x00, 0x00, 0xC0,
  0x00, 0x00, 0x00, 0x20, 0x00, 0x00, 0x09, 0x06, 0x01, 0x00, 0x06, 0x26,
  0x00, 0x00, 0x00, 0x2C, 0x23, 0x80, 0x00, 0x18, 0x20, 0x00, 0x00, 0x58,
  0x08, 0x00, 0x00, 0x30, 0x01, 0x00, 0x00, 0x20, 0x00, 0x20, 0x00, 0x20,
  0x00, 0x08, 0x80, 0x00, 0x00, 0x0F, 0xF4, 0x00, 0x00, 0x06, 0x91, 0x10,
  0x00, 0x06, 0xC0, 0x60, 0x00, 0x00, 0x00, 0x00, 0x00, 0x80, 0x80, 0x00,
  0x01, 0xE0, 0x00, 0x00, 0x00, 0x00, 0x00, 0x00, 0x00, 0x00, 0x00, 0x00,
  0x00, 0x00, 0x00, 0x00, 0x00, 0x00, 0x00, 0x00,
};

const uint8_t bitmap_nhl_sj_layer_2[] PROGMEM = {
  0x00, 0x00, 0x00, 0x00, 0x00, 0x00, 0x00, 0x00, 0x00, 0x00, 0x00, 0x00,
  0x00, 0x30, 0x00, 0x00, 0x00, 0x00, 0x00, 0x00, 0x00, 0x12, 0x00, 0x00,
  0x00, 0x01, 0x00, 0x00, 0x00, 0x08, 0x80, 0x00, 0x00, 0x00, 0x00, 0x00,
  0x01, 0x80, 0x02, 0x00, 0x08, 0x00, 0x00, 0x00, 0x00, 0x00, 0x1F, 0x00,
  0x00, 0x00, 0x1F, 0x56, 0x02, 0x00, 0x06, 0x00, 0x00, 0x00, 0x00, 0x08,
  0x00, 0x00, 0x00, 0x00, 0x5C, 0x00, 0x00, 0x00, 0x40, 0x00, 0x00, 0x00,
  0x10, 0x00, 0x00, 0x00, 0x02, 0x00, 0x00, 0x10, 0x00, 0x40, 0x00, 0x10,
  0x00, 0x17, 0x00, 0x00, 0x00, 0x10, 0x08, 0x10, 0x00, 0x39, 0x2E, 0x00,
  0x00, 0x79, 0x1F, 0x90, 0x00, 0xF0, 0x00, 0x00, 0x01, 0x72, 0x00, 0x00,
  0x00, 0x01, 0x00, 0x00, 0x00, 0x00, 0x00, 0x00, 0x00, 0x00, 0x00, 0x00,
  0x00, 0x00, 0x00, 0x00, 0x00, 0x00, 0x00, 0x00,
};

const uint8_t bitmap_nhl_sj_layer_3[] PROGMEM = {
  0x00, 0x00, 0x00, 0x00, 0x00, 0x00, 0x00, 0x00, 0x00, 0x00, 0x00, 0x00,
  0x00, 0x00, 0x00, 0x00, 0x00, 0x08, 0x00, 0x00, 0x00, 0x04, 0x00, 0x00,
  0x00, 0x02, 0x00, 0x00, 0x00, 0x01, 0x00, 0x00, 0x00, 0x04, 0x80, 0x00,
  0x00, 0x00, 0x00, 0x00, 0x00, 0xE0, 0x08, 0x40, 0x00, 0x04, 0x20, 0x00,
  0x02, 0x00, 0x00, 0x80, 0x00, 0x00, 0x00, 0xE0, 0x00, 0x00, 0x28, 0x00,
  0x00, 0x80, 0x02, 0x00, 0x00, 0x00, 0x81, 0x40, 0x10, 0x00, 0x40, 0x80,
  0x04, 0x00, 0xA0, 0x00, 0x00, 0xC0, 0x88, 0x00, 0x00, 0x1C, 0x08, 0x00,
  0x00, 0x00, 0x30, 0x00, 0x00, 0x00, 0x01, 0x00, 0x00, 0x00, 0x40, 0xC0,
  0x00, 0x00, 0x00, 0x00, 0x00, 0x03, 0x80, 0x00, 0x00, 0x01, 0x00, 0x00,
  0x00, 0x00, 0x00, 0x00, 0x00, 0x00, 0x00, 0x00, 0x00, 0x00, 0x00, 0x00,
  0x00, 0x00, 0x00, 0x00, 0x00, 0x00, 0x00, 0x00,
};

const uint8_t bitmap_nhl_sj_layer_4[] PROGMEM = {
  0x00, 0x00, 0x00, 0x00, 0x00, 0x00, 0x00, 0x00, 0x00, 0x00, 0x00, 0x00,
  0x00, 0x00, 0x00, 0x00, 0x00, 0x00, 0x00, 0x00, 0x00, 0x00, 0x00, 0x00,
  0x00, 0x00, 0x00, 0x00, 0x00, 0x00, 0x00, 0x00, 0x00, 0x00, 0x00, 0x00,
  0x00, 0x00, 0x00, 0x00, 0x00, 0x00, 0x00, 0x00, 0x00, 0x00, 0x00, 0x00,
  0x00, 0x00, 0x00, 0x00, 0x00, 0x00, 0x00, 0x00, 0x00, 0x01, 0xC0, 0x00,
  0x00, 0x00, 0xFC, 0x00, 0x00, 0x00, 0x7E, 0x00, 0x00, 0x00, 0x3F, 0x00,
  0x00, 0x00, 0x1F, 0xC0, 0x00, 0x00, 0x07, 0xC0, 0x00, 0x00, 0x07, 0xC0,
  0x00, 0x00, 0x03, 0xE0, 0x00, 0x00, 0x00, 0xE0, 0x00, 0x00, 0x00, 0x20,
  0x00, 0x00, 0x00, 0x00, 0x00, 0x00, 0x00, 0x00, 0x00, 0x00, 0x00, 0x00,
  0x00, 0x00, 0x00, 0x00, 0x00, 0x00, 0x00, 0x00, 0x00, 0x00, 0x00, 0x00,
  0x00, 0x00, 0x00, 0x00, 0x00, 0x00, 0x00, 0x00,
};

const SportsLogoLayerDef layers_nhl_sj[] = {
  { bitmap_nhl_sj_layer_0, 0, 0, 0 },
  { bitmap_nhl_sj_layer_1, 127, 119, 100 },
  { bitmap_nhl_sj_layer_2, 199, 200, 197 },
  { bitmap_nhl_sj_layer_3, 42, 58, 58 },
  { bitmap_nhl_sj_layer_4, 4, 118, 136 },
};

const uint8_t bitmap_nhl_stl_layer_0[] PROGMEM = {
  0x00, 0x00, 0x00, 0x00, 0x00, 0x00, 0x00, 0x00, 0x00, 0x00, 0x00, 0x00,
  0x00, 0x00, 0x00, 0x00, 0x40, 0x00, 0x00, 0x02, 0x00, 0x00, 0x00, 0x00,
  0x23, 0x7F, 0xFF, 0x00, 0x00, 0x40, 0x00, 0x10, 0x10, 0xFF, 0xFF, 0x10,
  0x03, 0xE0, 0x00, 0x00, 0x01, 0xE0, 0x00, 0x80, 0x04, 0xF8, 0x00, 0x00,
  0x00, 0xF8, 0x02, 0x00, 0x00, 0x7F, 0x84, 0x00, 0x00, 0x7A, 0x08, 0x00,
  0x00, 0x00, 0x20, 0x00, 0x00, 0x81, 0xC0, 0x00, 0x00, 0x05, 0x00, 0x00,
  0x00, 0x00, 0x00, 0x00, 0x00, 0x22, 0x00, 0x00, 0x00, 0x80, 0x00, 0x00,
  0x02, 0x00, 0x00, 0x00, 0x00, 0x7C, 0x00, 0x00, 0x09, 0xFC, 0x00, 0x00,
  0x03, 0xFC, 0x00, 0x00, 0x03, 0xF9, 0x00, 0x00, 0x00, 0x02, 0x00, 0x00,
  0x00, 0x00, 0x00, 0x00, 0x00, 0x00, 0x00, 0x00, 0x00, 0x00, 0x00, 0x00,
  0x00, 0x00, 0x00, 0x00, 0x00, 0x00, 0x00, 0x00,
};

const uint8_t bitmap_nhl_stl_layer_1[] PROGMEM = {
  0x00, 0x00, 0x00, 0x00, 0x00, 0x00, 0x00, 0x00, 0x00, 0x00, 0x00, 0x00,
  0x00, 0x00, 0x00, 0x00, 0x30, 0xFF, 0xFF, 0xFC, 0x38, 0x00, 0x00, 0x10,
  0x10, 0x00, 0x00, 0x30, 0x0B, 0xBF, 0xFE, 0x20, 0x0A, 0x00, 0x00, 0x20,
  0x00, 0x0F, 0xF9, 0x80, 0x06, 0x00, 0x00, 0x00, 0x00, 0x00, 0x07, 0x00,
  0x00, 0x07, 0xE0, 0x00, 0x01, 0x00, 0x10, 0x00, 0x00, 0x00, 0x20, 0x00,
  0x00, 0xD5, 0x00, 0x00, 0x00, 0x00, 0x00, 0x00, 0x00, 0x28, 0x00, 0x00,
  0x00, 0x28, 0x00, 0x00, 0x00, 0x00, 0x00, 0x00, 0x00, 0x1A, 0x00, 0x00,
  0x01, 0xF0, 0x00, 0x00, 0x01, 0x01, 0x00, 0x00, 0x00, 0x01, 0x00, 0x00,
  0x04, 0x03, 0x00, 0x00, 0x00, 0x06, 0x00, 0x00, 0x01, 0x14, 0x00, 0x00,
  0x01, 0xF0, 0x00, 0x00, 0x00, 0x00, 0x00, 0x00, 0x00, 0x00, 0x00, 0x00,
  0x00, 0x00, 0x00, 0x00, 0x00, 0x00, 0x00, 0x00,
};

const uint8_t bitmap_nhl_stl_layer_2[] PROGMEM = {
  0x00, 0x00, 0x00, 0x00, 0x00, 0x00, 0x00, 0x00, 0x00, 0x00, 0x00, 0x00,
  0x00, 0x00, 0x00, 0x00, 0x08, 0x00, 0x00, 0x00, 0x05, 0x7F, 0xFE, 0x04,
  0x00, 0x00, 0x00, 0x40, 0x14, 0x00, 0x00, 0x00, 0x05, 0x00, 0x00, 0x80,
  0x00, 0x10, 0x00, 0x40, 0x00, 0x08, 0x04, 0x00, 0x00, 0x00, 0x08, 0x00,
  0x02, 0x00, 0x04, 0x00, 0x00, 0x80, 0x20, 0x00, 0x00, 0x00, 0x10, 0x00,
  0x00, 0x00, 0x40, 0x00, 0x00, 0x00, 0x00, 0x00, 0x00, 0x52, 0x00, 0x00,
  0x00, 0x14, 0x00, 0x00, 0x00, 0x00, 0x00, 0x00, 0x00, 0x64, 0x00, 0x00,
  0x00, 0x00, 0x00, 0x00, 0x04, 0x02, 0x00, 0x00, 0x00, 0x00, 0x00, 0x00,
  0x08, 0x00, 0x00, 0x00, 0x08, 0x00, 0x00, 0x00, 0x04, 0xE0, 0x00, 0x00,
  0x00, 0x00, 0x00, 0x00, 0x00, 0x00, 0x00, 0x00, 0x00, 0x00, 0x00, 0x00,
  0x00, 0x00, 0x00, 0x00, 0x00, 0x00, 0x00, 0x00,
};

const uint8_t bitmap_nhl_stl_layer_3[] PROGMEM = {
  0x00, 0x00, 0x00, 0x00, 0x00, 0x00, 0x00, 0x00, 0x00, 0x00, 0x00, 0x00,
  0x00, 0x00, 0x00, 0x00, 0x01, 0x00, 0x00, 0x00, 0x00, 0x00, 0x01, 0xE0,
  0x08, 0x00, 0x00, 0x88, 0x00, 0x00, 0x00, 0x00, 0x00, 0x00, 0x00, 0x00,
  0x08, 0x00, 0x00, 0x00, 0x00, 0x17, 0xF8, 0x00, 0x01, 0x07, 0xF0, 0x80,
  0x00, 0x00, 0x00, 0x00, 0x00, 0x00, 0x40, 0x00, 0x01, 0x05, 0x00, 0x00,
  0x00, 0x28, 0x00, 0x00, 0x00, 0x20, 0x00, 0x00, 0x00, 0x00, 0x00, 0x00,
  0x00, 0x00, 0x00, 0x00, 0x00, 0x08, 0x00, 0x00, 0x00, 0x00, 0x00, 0x00,
  0x00, 0x05, 0x00, 0x00, 0x00, 0x80, 0x00, 0x00, 0x02, 0x02, 0x00, 0x00,
  0x00, 0x00, 0x00, 0x00, 0x00, 0x00, 0x00, 0x00, 0x00, 0x00, 0x00, 0x00,
  0x02, 0x08, 0x00, 0x00, 0x00, 0x00, 0x00, 0x00, 0x00, 0x00, 0x00, 0x00,
  0x00, 0x00, 0x00, 0x00, 0x00, 0x00, 0x00, 0x00,
};

const uint8_t bitmap_nhl_stl_layer_4[] PROGMEM = {
  0x00, 0x00, 0x00, 0x00, 0x00, 0x00, 0x00, 0x00, 0x00, 0x00, 0x00, 0x00,
  0x00, 0x00, 0x00, 0x00, 0x00, 0x00, 0x00, 0x00, 0x00, 0x80, 0x00, 0x08,
  0x04, 0x80, 0x00, 0x00, 0x00, 0x00, 0x01, 0xC0, 0x00, 0x00, 0x00, 0x40,
  0x04, 0x00, 0x06, 0x00, 0x00, 0x00, 0x03, 0x00, 0x02, 0x00, 0x00, 0x00,
  0x01, 0x00, 0x18, 0x00, 0x00, 0x00, 0x08, 0x00, 0x00, 0x80, 0xC0, 0x00,
  0x00, 0x02, 0x80, 0x00, 0x00, 0x5E, 0x00, 0x00, 0x00, 0x00, 0x00, 0x00,
  0x00, 0x00, 0x00, 0x00, 0x00, 0x14, 0x00, 0x00, 0x00, 0x00, 0x00, 0x00,
  0x00, 0x0A, 0x00, 0x00, 0x02, 0x00, 0x00, 0x00, 0x04, 0x00, 0x00, 0x00,
  0x00, 0x00, 0x00, 0x00, 0x04, 0x00, 0x00, 0x00, 0x02, 0x08, 0x00, 0x00,
  0x00, 0x00, 0x00, 0x00, 0x00, 0x00, 0x00, 0x00, 0x00, 0x00, 0x00, 0x00,
  0x00, 0x00, 0x00, 0x00, 0x00, 0x00, 0x00, 0x00,
};

const SportsLogoLayerDef layers_nhl_stl[] = {
  { bitmap_nhl_stl_layer_0, 4, 111, 189 },
  { bitmap_nhl_stl_layer_1, 117, 147, 114 },
  { bitmap_nhl_stl_layer_2, 61, 130, 149 },
  { bitmap_nhl_stl_layer_3, 34, 122, 165 },
  { bitmap_nhl_stl_layer_4, 161, 163, 92 },
};

const uint8_t bitmap_nhl_tb_layer_0[] PROGMEM = {
  0x00, 0x00, 0x00, 0x00, 0x00, 0x00, 0x00, 0x00, 0x00, 0x00, 0x00, 0x18,
  0x00, 0x00, 0x01, 0xF0, 0x00, 0x00, 0x1F, 0xE0, 0x00, 0x0F, 0xFF, 0xC0,
  0x00, 0x7E, 0xFF, 0x00, 0x00, 0xE0, 0xFE, 0x60, 0x03, 0x81, 0xFC, 0x70,
  0x06, 0x03, 0xFF, 0xB8, 0x0C, 0x07, 0xFF, 0x1C, 0x18, 0x0F, 0xFC, 0x1E,
  0x30, 0x1F, 0xF8, 0x0E, 0x20, 0x3F, 0xF0, 0x0E, 0x60, 0x07, 0xE0, 0x0E,
  0x60, 0x0F, 0xC0, 0x0E, 0x60, 0x1F, 0x00, 0x1E, 0x60, 0x3F, 0xE0, 0x1E,
  0x60, 0x7F, 0x80, 0x3C, 0x60, 0xFF, 0x00, 0x7C, 0x73, 0xFE, 0x00, 0xF8,
  0x3A, 0xF8, 0x01, 0xF0, 0x3C, 0xF0, 0x07, 0xE0, 0x1F, 0xE0, 0x1F, 0xC0,
  0x0F, 0x9F, 0xFF, 0x80, 0x07, 0x7F, 0xFE, 0x00, 0x0E, 0xFF, 0xF8, 0x00,
  0x18, 0x1F, 0x80, 0x00, 0x30, 0x00, 0x00, 0x00, 0x20, 0x00, 0x00, 0x00,
  0x00, 0x00, 0x00, 0x00, 0x00, 0x00, 0x00, 0x00,
};

const SportsLogoLayerDef layers_nhl_tb[] = {
  { bitmap_nhl_tb_layer_0, 0, 27, 94 },
};

const uint8_t bitmap_nhl_tor_layer_0[] PROGMEM = {
  0x00, 0x00, 0x00, 0x00, 0x00, 0x01, 0x00, 0x00, 0x00, 0x03, 0x80, 0x00,
  0x00, 0x07, 0xC0, 0x00, 0x00, 0x07, 0xC0, 0x00, 0x00, 0x1E, 0xF0, 0x00,
  0x00, 0x1E, 0xF0, 0x00, 0x00, 0x3E, 0xF8, 0x00, 0x00, 0x3E, 0x78, 0x00,
  0x04, 0x3C, 0xF8, 0x40, 0x3E, 0x3E, 0xF8, 0xF8, 0x1F, 0xB8, 0xBB, 0xF0,
  0x3F, 0xDC, 0x77, 0xF8, 0x39, 0xFE, 0xFF, 0x38, 0x18, 0xFE, 0xFE, 0x70,
  0x1E, 0xC0, 0x02, 0xF0, 0x0E, 0x00, 0x00, 0xE0, 0x06, 0x00, 0x00, 0xC0,
  0x07, 0x0F, 0xE0, 0xC0, 0x07, 0x80, 0x21, 0xC0, 0x03, 0xC0, 0x07, 0x80,
  0x01, 0xC0, 0x87, 0x00, 0x03, 0xD2, 0x87, 0x80, 0x03, 0xD0, 0x07, 0x80,
  0x01, 0xC0, 0x27, 0x00, 0x03, 0xFB, 0x7F, 0x80, 0x07, 0xE0, 0x0F, 0xC0,
  0x07, 0xFF, 0xDF, 0xC0, 0x00, 0xBF, 0xFA, 0x00, 0x00, 0x31, 0x98, 0x00,
  0x00, 0x01, 0x80, 0x00, 0x00, 0x00, 0x00, 0x00,
};

const uint8_t bitmap_nhl_tor_layer_1[] PROGMEM = {
  0x00, 0x00, 0x00, 0x00, 0x00, 0x00, 0x00, 0x00, 0x00, 0x00, 0x00, 0x00,
  0x00, 0x00, 0x00, 0x00, 0x00, 0x00, 0x00, 0x00, 0x00, 0x00, 0x00, 0x00,
  0x00, 0x00, 0x00, 0x00, 0x00, 0x00, 0x00, 0x00, 0x00, 0x00, 0x00, 0x00,
  0x00, 0x00, 0x00, 0x00, 0x00, 0x00, 0x00, 0x00, 0x00, 0x00, 0x00, 0x00,
  0x00, 0x01, 0x00, 0x00, 0x00, 0x00, 0x00, 0x00, 0x00, 0x00, 0x00, 0x00,
  0x00, 0x20, 0xE8, 0x00, 0x00, 0xD3, 0x82, 0x00, 0x01, 0x08, 0xC8, 0x00,
  0x00, 0xA0, 0x00, 0x00, 0x00, 0x30, 0xDA, 0x00, 0x00, 0x02, 0x88, 0x00,
  0x00, 0x04, 0x28, 0x00, 0x00, 0x09, 0x58, 0x00, 0x00, 0x00, 0x10, 0x00,
  0x00, 0x04, 0xD0, 0x00, 0x00, 0x00, 0x00, 0x00, 0x00, 0x00, 0x00, 0x00,
  0x00, 0x00, 0x00, 0x00, 0x00, 0x00, 0x00, 0x00, 0x00, 0x00, 0x00, 0x00,
  0x00, 0x00, 0x00, 0x00, 0x00, 0x00, 0x00, 0x00,
};

const uint8_t bitmap_nhl_tor_layer_2[] PROGMEM = {
  0x00, 0x00, 0x00, 0x00, 0x00, 0x00, 0x00, 0x00, 0x00, 0x00, 0x00, 0x00,
  0x00, 0x00, 0x00, 0x00, 0x00, 0x00, 0x00, 0x00, 0x00, 0x00, 0x00, 0x00,
  0x00, 0x01, 0x00, 0x00, 0x00, 0x01, 0x00, 0x00, 0x00, 0x01, 0x00, 0x00,
  0x00, 0x01, 0x00, 0x00, 0x00, 0x01, 0x00, 0x00, 0x00, 0x01, 0x00, 0x00,
  0x00, 0x00, 0x00, 0x00, 0x00, 0x01, 0x00, 0x00, 0x03, 0x00, 0x00, 0x80,
  0x00, 0x02, 0x10, 0x00, 0x00, 0x00, 0x04, 0x00, 0x00, 0x02, 0x14, 0x00,
  0x00, 0x50, 0x01, 0x00, 0x00, 0x00, 0x00, 0x00, 0x00, 0x08, 0x00, 0x00,
  0x00, 0x3B, 0x50, 0x00, 0x00, 0x24, 0x20, 0x00, 0x00, 0x04, 0x80, 0x00,
  0x00, 0x12, 0x00, 0x00, 0x00, 0x00, 0x00, 0x00, 0x00, 0x0B, 0xE0, 0x00,
  0x00, 0x00, 0x00, 0x00, 0x00, 0x00, 0x00, 0x00, 0x00, 0x00, 0x00, 0x00,
  0x00, 0x00, 0x00, 0x00, 0x00, 0x00, 0x00, 0x00,
};

const uint8_t bitmap_nhl_tor_layer_3[] PROGMEM = {
  0x00, 0x00, 0x00, 0x00, 0x00, 0x00, 0x00, 0x00, 0x00, 0x00, 0x00, 0x00,
  0x00, 0x00, 0x00, 0x00, 0x00, 0x00, 0x00, 0x00, 0x00, 0x01, 0x00, 0x00,
  0x00, 0x00, 0x00, 0x00, 0x00, 0x00, 0x00, 0x00, 0x00, 0x00, 0x80, 0x00,
  0x00, 0x02, 0x00, 0x00, 0x00, 0x00, 0x00, 0x00, 0x00, 0x06, 0x40, 0x00,
  0x00, 0x02, 0x80, 0x00, 0x06, 0x00, 0x00, 0xC0, 0x04, 0x01, 0x01, 0x00,
  0x01, 0x10, 0x05, 0x00, 0x01, 0x00, 0x11, 0x00, 0x00, 0x40, 0x00, 0x00,
  0x00, 0x00, 0x18, 0x00, 0x00, 0x4A, 0x04, 0x00, 0x00, 0x00, 0x20, 0x00,
  0x00, 0x00, 0x00, 0x00, 0x00, 0x00, 0x00, 0x00, 0x00, 0x02, 0x20, 0x00,
  0x00, 0x00, 0x00, 0x00, 0x00, 0x04, 0x80, 0x00, 0x00, 0x14, 0x10, 0x00,
  0x00, 0x00, 0x20, 0x00, 0x00, 0x00, 0x00, 0x00, 0x00, 0x00, 0x00, 0x00,
  0x00, 0x00, 0x00, 0x00, 0x00, 0x00, 0x00, 0x00,
};

const uint8_t bitmap_nhl_tor_layer_4[] PROGMEM = {
  0x00, 0x00, 0x00, 0x00, 0x00, 0x00, 0x00, 0x00, 0x00, 0x00, 0x00, 0x00,
  0x00, 0x00, 0x00, 0x00, 0x00, 0x00, 0x00, 0x00, 0x00, 0x00, 0x00, 0x00,
  0x00, 0x00, 0x00, 0x00, 0x00, 0x00, 0x00, 0x00, 0x00, 0x00, 0x00, 0x00,
  0x00, 0x00, 0x00, 0x00, 0x00, 0x00, 0x00, 0x00, 0x00, 0x00, 0x00, 0x00,
  0x00, 0x00, 0x00, 0x00, 0x00, 0x00, 0x00, 0x00, 0x00, 0x00, 0x00, 0x00,
  0x00, 0x0D, 0x00, 0x00, 0x00, 0x2C, 0x68, 0x00, 0x00, 0xB5, 0x23, 0x00,
  0x00, 0x00, 0x06, 0x00, 0x00, 0x05, 0x00, 0x00, 0x00, 0x35, 0x50, 0x00,
  0x00, 0x00, 0x00, 0x00, 0x00, 0x00, 0x00, 0x00, 0x00, 0x29, 0x48, 0x00,
  0x00, 0x29, 0x08, 0x00, 0x00, 0x00, 0x00, 0x00, 0x00, 0x00, 0x00, 0x00,
  0x00, 0x00, 0x00, 0x00, 0x00, 0x00, 0x00, 0x00, 0x00, 0x00, 0x00, 0x00,
  0x00, 0x00, 0x00, 0x00, 0x00, 0x00, 0x00, 0x00,
};

const SportsLogoLayerDef layers_nhl_tor[] = {
  { bitmap_nhl_tor_layer_0, 2, 26, 93 },
  { bitmap_nhl_tor_layer_1, 97, 109, 150 },
  { bitmap_nhl_tor_layer_2, 66, 82, 131 },
  { bitmap_nhl_tor_layer_3, 35, 55, 112 },
  { bitmap_nhl_tor_layer_4, 152, 159, 186 },
};

const uint8_t bitmap_nhl_utah_layer_0[] PROGMEM = {
  0x00, 0x00, 0x00, 0x00, 0x00, 0x00, 0x00, 0x00, 0x00, 0x00, 0x00, 0x00,
  0x00, 0x00, 0x00, 0x00, 0x00, 0x00, 0x00, 0x00, 0x00, 0x03, 0x00, 0x00,
  0x00, 0x04, 0x80, 0x00, 0x00, 0x13, 0x28, 0x00, 0x00, 0x80, 0x00, 0x00,
  0x01, 0x0F, 0x20, 0x00, 0x04, 0x10, 0x42, 0x00, 0x09, 0x90, 0xE5, 0x60,
  0x60, 0x42, 0xE2, 0xB0, 0x60, 0x04, 0x08, 0xA8, 0x18, 0x02, 0x44, 0x84,
  0x04, 0x08, 0x04, 0x50, 0x06, 0x02, 0x21, 0x52, 0x03, 0x00, 0x12, 0x14,
  0x00, 0xC0, 0x48, 0x14, 0x00, 0x20, 0x25, 0x2C, 0x00, 0x30, 0x10, 0x12,
  0x00, 0x1C, 0x04, 0x00, 0x00, 0x00, 0xA0, 0x44, 0x00, 0x01, 0x60, 0x10,
  0x00, 0x04, 0x0C, 0x00, 0x00, 0x0C, 0x00, 0x00, 0x00, 0x01, 0x8C, 0x00,
  0x00, 0x00, 0x00, 0x00, 0x00, 0x00, 0x00, 0x00, 0x00, 0x00, 0x00, 0x00,
  0x00, 0x00, 0x00, 0x00, 0x00, 0x00, 0x00, 0x00,
};

const uint8_t bitmap_nhl_utah_layer_1[] PROGMEM = {
  0x00, 0x00, 0x00, 0x00, 0x00, 0x00, 0x00, 0x00, 0x00, 0x00, 0x00, 0x00,
  0x00, 0x00, 0x00, 0x00, 0x00, 0x00, 0x00, 0x00, 0x00, 0x00, 0x00, 0x00,
  0x00, 0x02, 0x00, 0x00, 0x00, 0x04, 0x80, 0x00, 0x00, 0x00, 0x00, 0x00,
  0x00, 0x00, 0x08, 0x00, 0x00, 0x0F, 0x84, 0x00, 0x00, 0x0E, 0x02, 0x00,
  0x08, 0x00, 0x00, 0x00, 0x0F, 0xB0, 0x61, 0x00, 0x03, 0xF0, 0x29, 0x00,
  0x01, 0xE0, 0x18, 0x00, 0x00, 0xF8, 0x18, 0x80, 0x00, 0x7E, 0x4C, 0x00,
  0x00, 0x1F, 0x84, 0x00, 0x00, 0x0F, 0x80, 0x00, 0x00, 0x07, 0xC0, 0x00,
  0x00, 0x00, 0x30, 0x00, 0x00, 0x00, 0x0C, 0x00, 0x00, 0x00, 0x09, 0x00,
  0x00, 0x00, 0x00, 0x00, 0x00, 0x01, 0xC0, 0x00, 0x00, 0x00, 0x00, 0x00,
  0x00, 0x00, 0x00, 0x00, 0x00, 0x00, 0x00, 0x00, 0x00, 0x00, 0x00, 0x00,
  0x00, 0x00, 0x00, 0x00, 0x00, 0x00, 0x00, 0x00,
};

const uint8_t bitmap_nhl_utah_layer_2[] PROGMEM = {
  0x00, 0x00, 0x00, 0x00, 0x00, 0x00, 0x00, 0x00, 0x00, 0x00, 0x00, 0x00,
  0x00, 0x00, 0x00, 0x00, 0x00, 0x00, 0x00, 0x00, 0x00, 0x00, 0x00, 0x00,
  0x00, 0x08, 0x40, 0x00, 0x00, 0x60, 0x10, 0x00, 0x00, 0x07, 0x84, 0x00,
  0x02, 0x00, 0xC2, 0x00, 0x00, 0x60, 0x39, 0x00, 0x10, 0x60, 0x18, 0x00,
  0x00, 0x21, 0x1C, 0x00, 0x00, 0x03, 0x06, 0x00, 0x00, 0x01, 0x82, 0x00,
  0x00, 0x07, 0xE2, 0x02, 0x00, 0x01, 0xC2, 0x00, 0x00, 0x00, 0x01, 0x00,
  0x00, 0x00, 0x31, 0x20, 0x00, 0x00, 0x18, 0x00, 0x00, 0x00, 0x0E, 0x08,
  0x00, 0x00, 0x03, 0xF2, 0x00, 0x01, 0x40, 0x00, 0x00, 0x02, 0x80, 0x08,
  0x00, 0x00, 0x00, 0x80, 0x00, 0x00, 0x01, 0x00, 0x00, 0x02, 0x00, 0x00,
  0x00, 0x00, 0x00, 0x00, 0x00, 0x00, 0x00, 0x00, 0x00, 0x00, 0x00, 0x00,
  0x00, 0x00, 0x00, 0x00, 0x00, 0x00, 0x00, 0x00,
};

const uint8_t bitmap_nhl_utah_layer_3[] PROGMEM = {
  0x00, 0x00, 0x00, 0x00, 0x00, 0x00, 0x00, 0x00, 0x00, 0x00, 0x00, 0x00,
  0x00, 0x00, 0x00, 0x00, 0x00, 0x00, 0x00, 0x00, 0x00, 0x00, 0x00, 0x00,
  0x00, 0x00, 0x00, 0x00, 0x00, 0x08, 0x40, 0x00, 0x00, 0x48, 0x48, 0x00,
  0x00, 0x20, 0x14, 0x00, 0x02, 0x80, 0x00, 0x00, 0x00, 0x00, 0x00, 0x00,
  0x00, 0x14, 0x00, 0x00, 0x00, 0x40, 0x80, 0x10, 0x00, 0x04, 0x10, 0x10,
  0x02, 0x00, 0x01, 0x0C, 0x00, 0x04, 0x00, 0x0C, 0x00, 0x01, 0x80, 0xCA,
  0x00, 0x00, 0x02, 0x8A, 0x00, 0x10, 0x00, 0x82, 0x00, 0x00, 0x01, 0xA4,
  0x00, 0x03, 0x08, 0x0C, 0x00, 0x00, 0x11, 0xA8, 0x00, 0x00, 0x16, 0x60,
  0x00, 0x02, 0x03, 0x00, 0x00, 0x00, 0x12, 0x00, 0x00, 0x00, 0x70, 0x00,
  0x00, 0x00, 0x00, 0x00, 0x00, 0x00, 0x00, 0x00, 0x00, 0x00, 0x00, 0x00,
  0x00, 0x00, 0x00, 0x00, 0x00, 0x00, 0x00, 0x00,
};

const uint8_t bitmap_nhl_utah_layer_4[] PROGMEM = {
  0x00, 0x00, 0x00, 0x00, 0x00, 0x00, 0x00, 0x00, 0x00, 0x00, 0x00, 0x00,
  0x00, 0x00, 0x00, 0x00, 0x00, 0x00, 0x00, 0x00, 0x00, 0x00, 0x00, 0x00,
  0x00, 0x01, 0x00, 0x00, 0x00, 0x00, 0x00, 0x00, 0x00, 0x30, 0x30, 0x00,
  0x00, 0xD0, 0x00, 0x00, 0x01, 0x00, 0x00, 0x00, 0x06, 0x01, 0x00, 0x00,
  0x17, 0x88, 0x01, 0x00, 0x10, 0x08, 0x10, 0x00, 0x04, 0x08, 0x00, 0x08,
  0x00, 0x10, 0x00, 0x80, 0x01, 0x00, 0x04, 0x00, 0x00, 0x80, 0x20, 0x00,
  0x00, 0x20, 0x00, 0x40, 0x00, 0x00, 0x42, 0x50, 0x00, 0x08, 0x20, 0x40,
  0x00, 0x00, 0xC0, 0x00, 0x00, 0x00, 0x02, 0x10, 0x00, 0x00, 0x00, 0x80,
  0x00, 0x01, 0xF0, 0x00, 0x00, 0x02, 0x2C, 0x00, 0x00, 0x00, 0x00, 0x00,
  0x00, 0x00, 0x00, 0x00, 0x00, 0x00, 0x00, 0x00, 0x00, 0x00, 0x00, 0x00,
  0x00, 0x00, 0x00, 0x00, 0x00, 0x00, 0x00, 0x00,
};

const SportsLogoLayerDef layers_nhl_utah[] = {
  { bitmap_nhl_utah_layer_0, 123, 155, 182 },
  { bitmap_nhl_utah_layer_1, 0, 0, 0 },
  { bitmap_nhl_utah_layer_2, 219, 234, 243 },
  { bitmap_nhl_utah_layer_3, 72, 91, 107 },
  { bitmap_nhl_utah_layer_4, 33, 47, 58 },
};

const uint8_t bitmap_nhl_van_layer_0[] PROGMEM = {
  0x00, 0x00, 0x00, 0x00, 0x00, 0x01, 0xC0, 0x00, 0x00, 0x02, 0x20, 0x00,
  0x00, 0x02, 0x00, 0x00, 0x00, 0x02, 0x10, 0x00, 0x00, 0x02, 0x10, 0x00,
  0x00, 0x02, 0xC0, 0x00, 0x00, 0xC0, 0x80, 0x00, 0x00, 0x28, 0x01, 0x00,
  0x00, 0x80, 0x00, 0x40, 0x01, 0xE0, 0x00, 0x10, 0x07, 0x00, 0x00, 0x08,
  0x0E, 0x40, 0x00, 0x08, 0x0C, 0x02, 0x00, 0x92, 0x18, 0x00, 0x02, 0x02,
  0x30, 0x14, 0x07, 0x86, 0x24, 0x40, 0x10, 0xEC, 0x64, 0x40, 0x40, 0x18,
  0x64, 0x5F, 0x00, 0x00, 0x60, 0x20, 0x00, 0x00, 0x21, 0x30, 0x00, 0x00,
  0x30, 0x9C, 0x00, 0x70, 0x18, 0x8F, 0xFF, 0xF0, 0x18, 0x23, 0xFE, 0x18,
  0x0C, 0x20, 0x00, 0x18, 0x06, 0x08, 0x00, 0x18, 0x03, 0x80, 0x00, 0x38,
  0x00, 0xE0, 0x01, 0xE0, 0x00, 0x3F, 0xFF, 0x80, 0x00, 0x07, 0xFC, 0x00,
  0x00, 0x00, 0x00, 0x00, 0x00, 0x00, 0x00, 0x00,
};

const uint8_t bitmap_nhl_van_layer_1[] PROGMEM = {
  0x00, 0x00, 0x00, 0x00, 0x00, 0x00, 0x00, 0x00, 0x00, 0x00, 0xC0, 0x00,
  0x00, 0x01, 0xC0, 0x00, 0x00, 0x01, 0xE0, 0x00, 0x00, 0x01, 0x20, 0x00,
  0x00, 0x01, 0x20, 0x00, 0x00, 0x01, 0x30, 0x00, 0x00, 0x03, 0xF8, 0x00,
  0x00, 0x0B, 0xFF, 0x00, 0x00, 0x07, 0xFE, 0x00, 0x00, 0x07, 0xFE, 0x20,
  0x00, 0x33, 0xFF, 0x90, 0x00, 0x18, 0x7E, 0x08, 0x00, 0x10, 0xFC, 0x00,
  0x01, 0x23, 0xF0, 0x00, 0x02, 0x07, 0xC0, 0x00, 0x00, 0x0F, 0x00, 0x00,
  0x00, 0x00, 0x00, 0x00, 0x00, 0x00, 0x00, 0x00, 0x00, 0x00, 0x00, 0x00,
  0x00, 0x00, 0x00, 0x00, 0x00, 0x00, 0x00, 0x00, 0x00, 0x00, 0x00, 0x00,
  0x00, 0x00, 0x00, 0x00, 0x00, 0x00, 0x00, 0x00, 0x00, 0x00, 0x00, 0x00,
  0x00, 0x00, 0x00, 0x00, 0x00, 0x00, 0x00, 0x00, 0x00, 0x00, 0x00, 0x00,
  0x00, 0x00, 0x00, 0x00, 0x00, 0x00, 0x00, 0x00,
};

const uint8_t bitmap_nhl_van_layer_2[] PROGMEM = {
  0x00, 0x00, 0x00, 0x00, 0x00, 0x00, 0x00, 0x00, 0x00, 0x01, 0x00, 0x00,
  0x00, 0x00, 0x20, 0x00, 0x00, 0x00, 0x00, 0x00, 0x00, 0x00, 0x00, 0x00,
  0x00, 0x00, 0x00, 0x00, 0x00, 0x00, 0x00, 0x00, 0x00, 0x44, 0x04, 0x00,
  0x00, 0x60, 0x00, 0x80, 0x00, 0x00, 0x00, 0x40, 0x00, 0x00, 0x00, 0x10,
  0x01, 0x00, 0x00, 0x00, 0x02, 0x40, 0x00, 0x00, 0x06, 0x00, 0x00, 0x00,
  0x04, 0x00, 0x00, 0x00, 0x08, 0x08, 0x00, 0x00, 0x18, 0x90, 0x00, 0x00,
  0x11, 0x80, 0x00, 0x00, 0x0C, 0x80, 0x00, 0x00, 0x0C, 0x40, 0x00, 0x00,
  0x0E, 0x60, 0x00, 0x00, 0x07, 0x30, 0x00, 0x00, 0x03, 0x98, 0x00, 0x40,
  0x01, 0xCF, 0x8F, 0xE0, 0x00, 0xE1, 0xFF, 0xE0, 0x00, 0x3C, 0x0F, 0x80,
  0x00, 0x07, 0xF8, 0x00, 0x00, 0x00, 0x00, 0x00, 0x00, 0x00, 0x00, 0x00,
  0x00, 0x00, 0x00, 0x00, 0x00, 0x00, 0x00, 0x00,
};

const uint8_t bitmap_nhl_van_layer_3[] PROGMEM = {
  0x00, 0x00, 0x00, 0x00, 0x00, 0x00, 0x00, 0x00, 0x00, 0x00, 0x00, 0x00,
  0x00, 0x00, 0x00, 0x00, 0x00, 0x00, 0x00, 0x00, 0x00, 0x00, 0xC0, 0x00,
  0x00, 0x00, 0x10, 0x00, 0x00, 0x02, 0x08, 0x00, 0x00, 0x80, 0x02, 0x00,
  0x00, 0x14, 0x00, 0x00, 0x00, 0x18, 0x00, 0x20, 0x00, 0xF8, 0x00, 0x40,
  0x00, 0x8C, 0x00, 0x60, 0x01, 0xA4, 0x01, 0x04, 0x01, 0xE8, 0x00, 0x04,
  0x0A, 0xC0, 0x08, 0x00, 0x11, 0xA0, 0x20, 0x00, 0x03, 0x20, 0x80, 0x00,
  0x0A, 0x20, 0x00, 0x00, 0x13, 0x40, 0x00, 0x00, 0x12, 0x80, 0x00, 0x00,
  0x01, 0x00, 0x00, 0x00, 0x00, 0x40, 0x00, 0x00, 0x04, 0x44, 0x01, 0xA0,
  0x02, 0x10, 0x70, 0x00, 0x01, 0x16, 0x00, 0x00, 0x00, 0x43, 0xF0, 0x40,
  0x00, 0x18, 0x06, 0x00, 0x00, 0x00, 0x00, 0x00, 0x00, 0x00, 0x00, 0x00,
  0x00, 0x00, 0x00, 0x00, 0x00, 0x00, 0x00, 0x00,
};

const uint8_t bitmap_nhl_van_layer_4[] PROGMEM = {
  0x00, 0x00, 0x00, 0x00, 0x00, 0x02, 0x20, 0x00, 0x00, 0x00, 0x10, 0x00,
  0x00, 0x00, 0x10, 0x00, 0x00, 0x00, 0x00, 0x00, 0x00, 0x00, 0x08, 0x00,
  0x01, 0x80, 0x08, 0x00, 0x01, 0x0C, 0x46, 0x00, 0x00, 0x10, 0x00, 0xC0,
  0x01, 0x00, 0x00, 0x20, 0x02, 0x00, 0x01, 0x88, 0x00, 0x00, 0x01, 0x80,
  0x00, 0x00, 0x00, 0x04, 0x10, 0x01, 0x80, 0x60, 0x20, 0x07, 0x01, 0xF8,
  0x00, 0x08, 0x00, 0x78, 0x40, 0x10, 0x0D, 0x10, 0x00, 0x00, 0x30, 0x20,
  0x00, 0x00, 0xC0, 0x18, 0x00, 0x14, 0x00, 0x00, 0x40, 0x08, 0x00, 0x20,
  0x00, 0x02, 0x00, 0x80, 0x20, 0x00, 0x00, 0x00, 0x00, 0x00, 0x00, 0x00,
  0x00, 0x00, 0x00, 0x00, 0x08, 0x00, 0x00, 0x04, 0x00, 0x00, 0x00, 0x04,
  0x01, 0x00, 0x00, 0x10, 0x00, 0x40, 0x00, 0x40, 0x00, 0x18, 0x03, 0x00,
  0x00, 0x00, 0x00, 0x00, 0x00, 0x00, 0x00, 0x00,
};

const SportsLogoLayerDef layers_nhl_van[] = {
  { bitmap_nhl_van_layer_0, 87, 98, 125 },
  { bitmap_nhl_van_layer_1, 5, 21, 41 },
  { bitmap_nhl_van_layer_2, 8, 28, 91 },
  { bitmap_nhl_van_layer_3, 45, 61, 97 },
  { bitmap_nhl_van_layer_4, 152, 156, 166 },
};

const uint8_t bitmap_nhl_vgk_layer_0[] PROGMEM = {
  0x00, 0x00, 0x00, 0x00, 0x00, 0x00, 0x00, 0x00, 0x00, 0x00, 0x00, 0x00,
  0x00, 0x00, 0x00, 0x00, 0x03, 0xE0, 0x07, 0xC0, 0x01, 0xC0, 0x03, 0x80,
  0x01, 0x80, 0x01, 0x80, 0x01, 0x80, 0x01, 0x80, 0x01, 0x00, 0x01, 0x80,
  0x01, 0x00, 0x00, 0x80, 0x01, 0x00, 0x00, 0x80, 0x01, 0x00, 0x00, 0x80,
  0x01, 0x00, 0x00, 0x80, 0x01, 0x10, 0x08, 0x80, 0x01, 0x1C, 0x38, 0x80,
  0x01, 0x0C, 0x30, 0x80, 0x01, 0x0C, 0x30, 0x80, 0x01, 0x0C, 0x30, 0x80,
  0x01, 0x06, 0x60, 0x80, 0x01, 0x06, 0x60, 0x80, 0x01, 0x06, 0x60, 0x80,
  0x01, 0x03, 0xC0, 0x80, 0x01, 0x83, 0xC1, 0x80, 0x01, 0xC3, 0xC3, 0x80,
  0x00, 0xE1, 0x87, 0x00, 0x00, 0x31, 0x8C, 0x00, 0x00, 0x1D, 0xB8, 0x00,
  0x00, 0x0F, 0xF0, 0x00, 0x00, 0x03, 0xC0, 0x00, 0x00, 0x00, 0x00, 0x00,
  0x00, 0x00, 0x00, 0x00, 0x00, 0x00, 0x00, 0x00,
};

const uint8_t bitmap_nhl_vgk_layer_1[] PROGMEM = {
  0x00, 0x00, 0x00, 0x00, 0x00, 0x00, 0x00, 0x00, 0x00, 0x01, 0x00, 0x00,
  0x03, 0xF9, 0x1F, 0xC0, 0x00, 0x07, 0x10, 0x00, 0x00, 0x0F, 0x08, 0x00,
  0x00, 0x1F, 0x04, 0x00, 0x00, 0x7F, 0x00, 0x00, 0x00, 0x3F, 0x02, 0x00,
  0x00, 0x7F, 0x00, 0x00, 0x00, 0x7F, 0x02, 0x00, 0x00, 0x7D, 0x0E, 0x00,
  0x00, 0x4D, 0x30, 0x00, 0x00, 0x43, 0x40, 0x00, 0x00, 0x63, 0x06, 0x00,
  0x00, 0x63, 0x80, 0x00, 0x00, 0x61, 0x84, 0x00, 0x00, 0x70, 0x88, 0x00,
  0x00, 0x51, 0x80, 0x00, 0x00, 0x71, 0x08, 0x00, 0x00, 0x78, 0x10, 0x00,
  0x00, 0x78, 0x00, 0x00, 0x00, 0x38, 0x10, 0x00, 0x02, 0x1C, 0x20, 0x40,
  0x01, 0x0C, 0x00, 0x80, 0x00, 0x84, 0x61, 0x00, 0x00, 0x00, 0x00, 0x00,
  0x00, 0x10, 0x08, 0x00, 0x00, 0x00, 0x00, 0x00, 0x00, 0x02, 0x40, 0x00,
  0x00, 0x00, 0x00, 0x00, 0x00, 0x00, 0x00, 0x00,
};

const uint8_t bitmap_nhl_vgk_layer_2[] PROGMEM = {
  0x00, 0x00, 0x00, 0x00, 0x00, 0x00, 0x00, 0x00, 0x00, 0x00, 0x00, 0x00,
  0x00, 0x00, 0x80, 0x00, 0x00, 0x10, 0xC8, 0x00, 0x02, 0x00, 0xF4, 0x40,
  0x02, 0x40, 0xFA, 0x40, 0x02, 0x00, 0xF8, 0x40, 0x02, 0x80, 0xFC, 0x40,
  0x02, 0x00, 0xFD, 0x40, 0x02, 0x00, 0xF8, 0x40, 0x02, 0x00, 0xE0, 0x40,
  0x02, 0x20, 0x80, 0x40, 0x02, 0x28, 0x10, 0x40, 0x02, 0x00, 0x00, 0x40,
  0x02, 0x10, 0x08, 0x40, 0x02, 0x00, 0x00, 0x40, 0x02, 0x02, 0x40, 0x40,
  0x02, 0x08, 0x10, 0x40, 0x02, 0x00, 0x04, 0x40, 0x02, 0x01, 0x84, 0x40,
  0x02, 0x04, 0x24, 0x40, 0x02, 0x00, 0x08, 0x40, 0x00, 0x00, 0x00, 0x00,
  0x00, 0x02, 0x40, 0x00, 0x00, 0x48, 0x12, 0x00, 0x00, 0x22, 0x44, 0x00,
  0x00, 0x00, 0x00, 0x00, 0x00, 0x00, 0x00, 0x00, 0x00, 0x00, 0x00, 0x00,
  0x00, 0x00, 0x00, 0x00, 0x00, 0x00, 0x00, 0x00,
};

const uint8_t bitmap_nhl_vgk_layer_3[] PROGMEM = {
  0x00, 0x00, 0x00, 0x00, 0x00, 0x01, 0x80, 0x00, 0x07, 0xFE, 0x7F, 0xE0,
  0x04, 0x06, 0x20, 0x20, 0x04, 0x08, 0x00, 0x20, 0x04, 0x10, 0x00, 0x20,
  0x04, 0x20, 0x00, 0x20, 0x04, 0x00, 0x00, 0x20, 0x04, 0x40, 0x00, 0x20,
  0x04, 0x00, 0x00, 0x20, 0x04, 0x00, 0x00, 0x20, 0x04, 0x00, 0x00, 0x20,
  0x04, 0x00, 0x02, 0x20, 0x04, 0x00, 0x02, 0x20, 0x04, 0x00, 0x00, 0x20,
  0x04, 0x00, 0x04, 0x20, 0x04, 0x00, 0x00, 0x20, 0x04, 0x01, 0x00, 0x20,
  0x04, 0x00, 0x08, 0x20, 0x04, 0x00, 0x00, 0x20, 0x04, 0x00, 0x00, 0x20,
  0x04, 0x00, 0x10, 0x20, 0x04, 0x00, 0x00, 0x20, 0x04, 0x00, 0x00, 0x20,
  0x02, 0x00, 0x20, 0x40, 0x01, 0x00, 0x00, 0x80, 0x00, 0xC0, 0x03, 0x00,
  0x00, 0x60, 0x06, 0x00, 0x00, 0x18, 0x18, 0x00, 0x00, 0x0C, 0x30, 0x00,
  0x00, 0x03, 0xC0, 0x00, 0x00, 0x00, 0x00, 0x00,
};

const uint8_t bitmap_nhl_vgk_layer_4[] PROGMEM = {
  0x00, 0x00, 0x00, 0x00, 0x00, 0x00, 0x00, 0x00, 0x00, 0x00, 0x80, 0x00,
  0x00, 0x00, 0x40, 0x00, 0x00, 0x00, 0x20, 0x00, 0x00, 0x20, 0x00, 0x00,
  0x00, 0x00, 0x00, 0x00, 0x00, 0x00, 0x06, 0x00, 0x00, 0x00, 0x00, 0x00,
  0x00, 0x80, 0x02, 0x00, 0x00, 0x80, 0x05, 0x00, 0x00, 0x82, 0x11, 0x00,
  0x00, 0x92, 0x4D, 0x00, 0x00, 0x84, 0xA5, 0x00, 0x00, 0x80, 0xC1, 0x00,
  0x00, 0x80, 0x43, 0x00, 0x00, 0x92, 0x4B, 0x00, 0x00, 0x80, 0x07, 0x00,
  0x00, 0xA0, 0x07, 0x00, 0x00, 0x88, 0x93, 0x00, 0x00, 0x80, 0x0B, 0x00,
  0x00, 0x80, 0x0B, 0x00, 0x00, 0x44, 0x26, 0x00, 0x00, 0x20, 0x1C, 0x00,
  0x00, 0x10, 0x18, 0x00, 0x00, 0x02, 0x00, 0x00, 0x00, 0x00, 0x00, 0x00,
  0x00, 0x00, 0x00, 0x00, 0x00, 0x04, 0x20, 0x00, 0x00, 0x01, 0x80, 0x00,
  0x00, 0x00, 0x00, 0x00, 0x00, 0x00, 0x00, 0x00,
};

const SportsLogoLayerDef layers_nhl_vgk[] = {
  { bitmap_nhl_vgk_layer_0, 0, 0, 0 },
  { bitmap_nhl_vgk_layer_1, 187, 148, 92 },
  { bitmap_nhl_vgk_layer_2, 45, 45, 39 },
  { bitmap_nhl_vgk_layer_3, 230, 204, 165 },
  { bitmap_nhl_vgk_layer_4, 111, 97, 72 },
};

const uint8_t bitmap_nhl_wpg_layer_0[] PROGMEM = {
  0x00, 0x00, 0x00, 0x00, 0x00, 0x00, 0x00, 0x00, 0x00, 0x00, 0x00, 0x00,
  0x00, 0x1E, 0x78, 0x00, 0x00, 0x7E, 0x7E, 0x00, 0x01, 0xFC, 0x3F, 0x80,
  0x03, 0xE0, 0x07, 0xC0, 0x07, 0xC0, 0x03, 0xE0, 0x07, 0x00, 0x01, 0xE0,
  0x0F, 0x00, 0x00, 0xF0, 0x0E, 0x00, 0x00, 0x70, 0x1C, 0x00, 0x00, 0x38,
  0x1C, 0x00, 0x00, 0x38, 0x1C, 0x00, 0x00, 0x38, 0x18, 0x00, 0x00, 0x18,
  0x38, 0x00, 0x00, 0x1C, 0x38, 0x00, 0x00, 0x1C, 0x18, 0x00, 0x00, 0x18,
  0x1C, 0x00, 0x00, 0x38, 0x1C, 0x00, 0x00, 0x38, 0x1C, 0x00, 0x00, 0x38,
  0x0E, 0x00, 0x00, 0x70, 0x0F, 0x00, 0x00, 0xF0, 0x07, 0x00, 0x00, 0xE0,
  0x07, 0x80, 0x03, 0xE0, 0x03, 0xE0, 0x07, 0xC0, 0x01, 0xFC, 0x3F, 0x80,
  0x00, 0x7F, 0xFE, 0x00, 0x00, 0x1F, 0xF8, 0x00, 0x00, 0x03, 0xC0, 0x00,
  0x00, 0x00, 0x00, 0x00, 0x00, 0x00, 0x00, 0x00,
};

const uint8_t bitmap_nhl_wpg_layer_1[] PROGMEM = {
  0x00, 0x00, 0x00, 0x00, 0x00, 0x1F, 0xF8, 0x00, 0x00, 0x70, 0x0E, 0x00,
  0x01, 0xC1, 0x83, 0x80, 0x03, 0x00, 0x00, 0xC0, 0x06, 0x00, 0x00, 0x60,
  0x0C, 0x08, 0x10, 0x30, 0x18, 0x21, 0x84, 0x18, 0x10, 0x01, 0x80, 0x08,
  0x30, 0x05, 0x20, 0x0C, 0x21, 0x01, 0x00, 0x84, 0x60, 0x01, 0x00, 0x06,
  0x42, 0x5D, 0x3A, 0x42, 0x40, 0x01, 0x00, 0x02, 0x40, 0x41, 0x02, 0x02,
  0x40, 0x87, 0x01, 0x02, 0x40, 0x3F, 0x00, 0x02, 0x40, 0x3F, 0x02, 0x02,
  0x40, 0x33, 0x0C, 0x02, 0x42, 0x03, 0x00, 0x42, 0x60, 0x0B, 0x10, 0x06,
  0x21, 0x07, 0x00, 0x84, 0x30, 0x0F, 0xD0, 0x0C, 0x10, 0x01, 0x80, 0x08,
  0x18, 0x21, 0x84, 0x18, 0x0C, 0x08, 0x10, 0x30, 0x06, 0x00, 0x00, 0x60,
  0x03, 0x00, 0x00, 0xC0, 0x01, 0xC0, 0x03, 0x80, 0x00, 0x70, 0x0E, 0x00,
  0x00, 0x1F, 0xF8, 0x00, 0x00, 0x00, 0x00, 0x00,
};

const uint8_t bitmap_nhl_wpg_layer_2[] PROGMEM = {
  0x00, 0x00, 0x00, 0x00, 0x00, 0x00, 0x00, 0x00, 0x00, 0x00, 0x00, 0x00,
  0x00, 0x00, 0x00, 0x00, 0x00, 0x01, 0x80, 0x00, 0x00, 0x01, 0x80, 0x00,
  0x00, 0x07, 0xE0, 0x00, 0x00, 0x1E, 0x78, 0x00, 0x00, 0x7E, 0x7E, 0x00,
  0x00, 0xFA, 0x5F, 0x00, 0x00, 0xF8, 0x1F, 0x00, 0x01, 0xF8, 0x1F, 0x80,
  0x01, 0xA0, 0x05, 0x80, 0x03, 0x80, 0x01, 0xC0, 0x03, 0x80, 0x01, 0xC0,
  0x03, 0x00, 0x00, 0xC0, 0x03, 0x80, 0x01, 0xC0, 0x03, 0xC0, 0x01, 0xC0,
  0x03, 0xC0, 0x03, 0xC0, 0x01, 0xF0, 0x0F, 0x80, 0x01, 0xF0, 0x0F, 0x80,
  0x00, 0xF8, 0x1F, 0x00, 0x00, 0xF0, 0x0F, 0x00, 0x00, 0x7E, 0x7E, 0x00,
  0x00, 0x1E, 0x78, 0x00, 0x00, 0x07, 0xE0, 0x00, 0x00, 0x00, 0x00, 0x00,
  0x00, 0x00, 0x00, 0x00, 0x00, 0x00, 0x00, 0x00, 0x00, 0x00, 0x00, 0x00,
  0x00, 0x00, 0x00, 0x00, 0x00, 0x00, 0x00, 0x00,
};

const uint8_t bitmap_nhl_wpg_layer_3[] PROGMEM = {
  0x00, 0x00, 0x00, 0x00, 0x00, 0x00, 0x00, 0x00, 0x00, 0x0F, 0xF0, 0x00,
  0x00, 0x20, 0x04, 0x00, 0x00, 0x80, 0x01, 0x00, 0x00, 0x02, 0x40, 0x00,
  0x00, 0x10, 0x08, 0x00, 0x00, 0x00, 0x00, 0x00, 0x08, 0x80, 0x00, 0x10,
  0x00, 0x00, 0x80, 0x00, 0x10, 0x00, 0x80, 0x08, 0x02, 0x00, 0x80, 0x40,
  0x20, 0x00, 0x80, 0x04, 0x20, 0x00, 0x80, 0x04, 0x24, 0x02, 0xC0, 0x24,
  0x04, 0x00, 0xF0, 0x20, 0x04, 0x00, 0xFC, 0x20, 0x24, 0x00, 0xFC, 0x24,
  0x20, 0x00, 0xE0, 0x04, 0x20, 0x00, 0xC0, 0x04, 0x02, 0x00, 0xE0, 0x40,
  0x10, 0x00, 0xE0, 0x08, 0x00, 0x00, 0x20, 0x00, 0x08, 0x80, 0x01, 0x10,
  0x00, 0x40, 0x00, 0x00, 0x00, 0x10, 0x08, 0x00, 0x00, 0x03, 0xC0, 0x00,
  0x00, 0x80, 0x01, 0x00, 0x00, 0x20, 0x04, 0x00, 0x00, 0x0C, 0x30, 0x00,
  0x00, 0x00, 0x00, 0x00, 0x00, 0x00, 0x00, 0x00,
};

const uint8_t bitmap_nhl_wpg_layer_4[] PROGMEM = {
  0x00, 0x00, 0x00, 0x00, 0x00, 0x00, 0x00, 0x00, 0x00, 0x00, 0x00, 0x00,
  0x00, 0x00, 0x00, 0x00, 0x00, 0x00, 0x00, 0x00, 0x00, 0x00, 0x00, 0x00,
  0x00, 0x00, 0x00, 0x00, 0x00, 0x00, 0x00, 0x00, 0x00, 0x00, 0x00, 0x00,
  0x00, 0x00, 0x00, 0x00, 0x00, 0x06, 0x60, 0x00, 0x00, 0x06, 0x60, 0x00,
  0x00, 0x02, 0x40, 0x00, 0x00, 0x7E, 0x7E, 0x00, 0x00, 0x3C, 0x3C, 0x00,
  0x00, 0x78, 0x0E, 0x00, 0x00, 0x40, 0x02, 0x00, 0x00, 0x00, 0x00, 0x00,
  0x00, 0x0C, 0x10, 0x00, 0x00, 0x0C, 0x30, 0x00, 0x00, 0x04, 0x00, 0x00,
  0x00, 0x00, 0x00, 0x00, 0x00, 0x00, 0x00, 0x00, 0x00, 0x00, 0x00, 0x00,
  0x00, 0x00, 0x00, 0x00, 0x00, 0x00, 0x00, 0x00, 0x00, 0x00, 0x00, 0x00,
  0x00, 0x00, 0x00, 0x00, 0x00, 0x00, 0x00, 0x00, 0x00, 0x00, 0x00, 0x00,
  0x00, 0x00, 0x00, 0x00, 0x00, 0x00, 0x00, 0x00,
};

const SportsLogoLayerDef layers_nhl_wpg[] = {
  { bitmap_nhl_wpg_layer_0, 4, 21, 63 },
  { bitmap_nhl_wpg_layer_1, 165, 168, 174 },
  { bitmap_nhl_wpg_layer_2, 255, 255, 255 },
  { bitmap_nhl_wpg_layer_3, 67, 80, 102 },
  { bitmap_nhl_wpg_layer_4, 153, 47, 67 },
};

const uint8_t bitmap_nhl_wsh_layer_0[] PROGMEM = {
  0x00, 0x00, 0x00, 0x00, 0x00, 0x00, 0x00, 0x00, 0x00, 0x00, 0x00, 0x00,
  0x00, 0x00, 0x00, 0x00, 0x00, 0x00, 0x00, 0x00, 0x00, 0x00, 0x00, 0x00,
  0x00, 0x00, 0x03, 0x00, 0x00, 0x00, 0x02, 0x00, 0x00, 0x00, 0x06, 0x00,
  0x00, 0x00, 0x06, 0x00, 0x00, 0x00, 0x04, 0x00, 0x00, 0x00, 0x0C, 0x30,
  0x00, 0x00, 0x08, 0x30, 0x00, 0x00, 0x18, 0x60, 0x00, 0x00, 0x18, 0x60,
  0x3F, 0xCF, 0xFF, 0x7E, 0x63, 0xFB, 0xBF, 0xFC, 0x7F, 0xFF, 0xBF, 0xFE,
  0x7B, 0xFF, 0x6F, 0xFC, 0x00, 0x60, 0x60, 0x00, 0x00, 0x40, 0x40, 0x00,
  0x00, 0x00, 0x60, 0x00, 0x00, 0x00, 0x70, 0x00, 0x00, 0x00, 0x30, 0x00,
  0x00, 0x00, 0x30, 0x00, 0x00, 0x00, 0x00, 0x00, 0x00, 0x00, 0x00, 0x00,
  0x00, 0x00, 0x00, 0x00, 0x00, 0x00, 0x00, 0x00, 0x00, 0x00, 0x00, 0x00,
  0x00, 0x00, 0x00, 0x00, 0x00, 0x00, 0x00, 0x00,
};

const uint8_t bitmap_nhl_wsh_layer_1[] PROGMEM = {
  0x00, 0x00, 0x00, 0x00, 0x00, 0x00, 0x00, 0x00, 0x00, 0x00, 0x00, 0x00,
  0x00, 0x00, 0x00, 0x00, 0x00, 0x00, 0x00, 0x00, 0x00, 0x00, 0x00, 0x00,
  0x00, 0x00, 0x00, 0x00, 0x00, 0x00, 0x00, 0x00, 0x00, 0x00, 0x00, 0x00,
  0x00, 0x00, 0x00, 0x00, 0x00, 0x44, 0x20, 0x00, 0x00, 0xC6, 0x60, 0x00,
  0x00, 0x00, 0x00, 0x00, 0x03, 0xFF, 0xC0, 0x00, 0x00, 0x00, 0x00, 0x00,
  0x00, 0x00, 0x00, 0x00, 0x00, 0x00, 0x00, 0x00, 0x00, 0x00, 0x00, 0x00,
  0x00, 0x00, 0x00, 0x00, 0x00, 0x00, 0x00, 0x00, 0x00, 0x00, 0x00, 0x00,
  0x00, 0x00, 0x03, 0x00, 0x00, 0x00, 0x07, 0x00, 0x00, 0x00, 0x00, 0x00,
  0x00, 0x00, 0x00, 0x00, 0x00, 0x00, 0x00, 0x00, 0x00, 0x00, 0x00, 0x00,
  0x00, 0x00, 0x00, 0x00, 0x00, 0x00, 0x00, 0x00, 0x00, 0x00, 0x00, 0x00,
  0x00, 0x00, 0x00, 0x00, 0x00, 0x00, 0x00, 0x00,
};

const SportsLogoLayerDef layers_nhl_wsh[] = {
  { bitmap_nhl_wsh_layer_0, 3, 30, 66 },
  { bitmap_nhl_wsh_layer_1, 201, 16, 46 },
};

const uint8_t bitmap_nfl_ari_layer_0[] PROGMEM = {
  0x00, 0x00, 0x00, 0x00, 0x00, 0x00, 0x00, 0x00, 0x00, 0x00, 0x00, 0x00,
  0x00, 0x00, 0x00, 0x00, 0x00, 0x00, 0x00, 0x00, 0x00, 0x00, 0x00, 0x00,
  0x00, 0x00, 0x00, 0x00, 0x06, 0x00, 0x00, 0x00, 0x01, 0xC0, 0x00, 0x00,
  0x00, 0xFE, 0x00, 0x00, 0x01, 0xFF, 0xF0, 0x00, 0x00, 0xFF, 0xFC, 0x00,
  0x00, 0xFF, 0x7F, 0x00, 0x00, 0xFF, 0x0F, 0x80, 0x00, 0x7F, 0x87, 0xC0,
  0x00, 0x1F, 0xC1, 0xC0, 0x00, 0x3F, 0xC0, 0xE0, 0x00, 0x3F, 0xE0, 0x00,
  0x00, 0x1F, 0xE0, 0x00, 0x00, 0x0F, 0xF0, 0x00, 0x00, 0x07, 0xF0, 0x00,
  0x00, 0x07, 0xF0, 0x00, 0x00, 0x03, 0xF0, 0x00, 0x00, 0x00, 0xF0, 0x00,
  0x00, 0x00, 0x20, 0x00, 0x00, 0x00, 0x00, 0x00, 0x00, 0x00, 0x00, 0x00,
  0x00, 0x00, 0x00, 0x00, 0x00, 0x00, 0x00, 0x00, 0x00, 0x00, 0x00, 0x00,
  0x00, 0x00, 0x00, 0x00, 0x00, 0x00, 0x00, 0x00,
};

const uint8_t bitmap_nfl_ari_layer_1[] PROGMEM = {
  0x00, 0x00, 0x00, 0x00, 0x00, 0x00, 0x00, 0x00, 0x00, 0x00, 0x00, 0x00,
  0x00, 0x00, 0x00, 0x00, 0x00, 0x00, 0x00, 0x00, 0x18, 0x00, 0x00, 0x00,
  0x0E, 0x00, 0x00, 0x00, 0x09, 0xC0, 0x00, 0x00, 0x0E, 0x3C, 0x00, 0x00,
  0x07, 0x01, 0xE0, 0x00, 0x06, 0x00, 0x0C, 0x00, 0x07, 0x00, 0x02, 0x00,
  0x03, 0x00, 0x80, 0x80, 0x01, 0x00, 0xF0, 0x40, 0x00, 0x80, 0x78, 0x00,
  0x00, 0xE0, 0x36, 0x20, 0x00, 0x40, 0x33, 0x00, 0x00, 0x40, 0x13, 0xE0,
  0x00, 0x20, 0x19, 0x70, 0x00, 0x30, 0x0C, 0xC8, 0x00, 0x18, 0x0F, 0x80,
  0x00, 0x08, 0x0F, 0xE0, 0x00, 0x0C, 0x0F, 0x00, 0x00, 0x03, 0x0F, 0x04,
  0x00, 0x00, 0xDF, 0xC0, 0x00, 0x00, 0x3F, 0x00, 0x00, 0x00, 0x1E, 0x00,
  0x00, 0x00, 0x04, 0x00, 0x00, 0x00, 0x00, 0x00, 0x00, 0x00, 0x00, 0x00,
  0x00, 0x00, 0x00, 0x00, 0x00, 0x00, 0x00, 0x00,
};

const uint8_t bitmap_nfl_ari_layer_2[] PROGMEM = {
  0x00, 0x00, 0x00, 0x00, 0x00, 0x00, 0x00, 0x00, 0x40, 0x00, 0x00, 0x00,
  0x70, 0x00, 0x00, 0x00, 0x4C, 0x00, 0x00, 0x00, 0x23, 0x00, 0x00, 0x00,
  0x60, 0xE0, 0x00, 0x00, 0x20, 0x1F, 0x00, 0x00, 0x30, 0x00, 0x70, 0x00,
  0x10, 0x00, 0x04, 0x00, 0x18, 0x00, 0x01, 0x00, 0x18, 0x00, 0x00, 0x80,
  0x0C, 0x00, 0x00, 0x40, 0x04, 0x00, 0x00, 0x20, 0x02, 0x00, 0x00, 0x10,
  0x01, 0x00, 0x00, 0x10, 0x01, 0x00, 0x08, 0x00, 0x01, 0x80, 0x04, 0x08,
  0x00, 0x80, 0x04, 0x08, 0x00, 0xC0, 0x00, 0x04, 0x00, 0x60, 0x00, 0x00,
  0x00, 0x30, 0x00, 0x02, 0x00, 0x10, 0x00, 0x00, 0x00, 0x18, 0x00, 0x00,
  0x00, 0x0E, 0x00, 0x0E, 0x00, 0x01, 0x80, 0x40, 0x00, 0x00, 0x60, 0x80,
  0x00, 0x00, 0x11, 0x00, 0x00, 0x00, 0x0A, 0x00, 0x00, 0x00, 0x04, 0x00,
  0x00, 0x00, 0x00, 0x00, 0x00, 0x00, 0x00, 0x00,
};

const uint8_t bitmap_nfl_ari_layer_3[] PROGMEM = {
  0x00, 0x00, 0x00, 0x00, 0x00, 0x00, 0x00, 0x00, 0x00, 0x00, 0x00, 0x00,
  0x00, 0x00, 0x00, 0x00, 0x30, 0x00, 0x00, 0x00, 0x04, 0x00, 0x00, 0x00,
  0x11, 0x00, 0x00, 0x00, 0x10, 0x20, 0x00, 0x00, 0x00, 0x03, 0x80, 0x00,
  0x08, 0x00, 0x18, 0x00, 0x00, 0x00, 0x02, 0x00, 0x00, 0x00, 0x01, 0x00,
  0x00, 0x00, 0x00, 0x00, 0x02, 0x00, 0x00, 0x00, 0x01, 0x00, 0x00, 0x20,
  0x00, 0x00, 0x08, 0x00, 0x00, 0x80, 0x04, 0x10, 0x00, 0x00, 0x08, 0x10,
  0x00, 0x40, 0x02, 0x80, 0x00, 0x00, 0x03, 0x00, 0x00, 0x00, 0x00, 0x04,
  0x00, 0x00, 0x00, 0x00, 0x00, 0x00, 0x00, 0x02, 0x00, 0x04, 0x00, 0x02,
  0x00, 0x01, 0x00, 0x30, 0x00, 0x00, 0x40, 0x80, 0x00, 0x00, 0x01, 0x00,
  0x00, 0x00, 0x0A, 0x00, 0x00, 0x00, 0x04, 0x00, 0x00, 0x00, 0x00, 0x00,
  0x00, 0x00, 0x00, 0x00, 0x00, 0x00, 0x00, 0x00,
};

const uint8_t bitmap_nfl_ari_layer_4[] PROGMEM = {
  0x00, 0x00, 0x00, 0x00, 0x00, 0x00, 0x00, 0x00, 0x00, 0x00, 0x00, 0x00,
  0x00, 0x00, 0x00, 0x00, 0x00, 0x00, 0x00, 0x00, 0x00, 0x00, 0x00, 0x00,
  0x00, 0x00, 0x00, 0x00, 0x00, 0x00, 0x00, 0x00, 0x00, 0x00, 0x00, 0x00,
  0x00, 0x00, 0x00, 0x00, 0x00, 0x00, 0x00, 0x00, 0x00, 0x00, 0x00, 0x00,
  0x00, 0x00, 0x00, 0x00, 0x00, 0x00, 0x00, 0x00, 0x00, 0x00, 0x00, 0x00,
  0x00, 0x00, 0x00, 0x00, 0x00, 0x00, 0x00, 0x00, 0x00, 0x00, 0x00, 0x00,
  0x00, 0x00, 0x00, 0x00, 0x00, 0x00, 0x00, 0x30, 0x00, 0x00, 0x00, 0x78,
  0x00, 0x00, 0x00, 0x1C, 0x00, 0x00, 0x00, 0xFC, 0x00, 0x00, 0x00, 0xF8,
  0x00, 0x00, 0x00, 0x00, 0x00, 0x00, 0x00, 0x00, 0x00, 0x00, 0x00, 0x00,
  0x00, 0x00, 0x00, 0x00, 0x00, 0x00, 0x00, 0x00, 0x00, 0x00, 0x00, 0x00,
  0x00, 0x00, 0x00, 0x00, 0x00, 0x00, 0x00, 0x00,
};

const SportsLogoLayerDef layers_nfl_ari[] = {
  { bitmap_nfl_ari_layer_0, 168, 28, 59 },
  { bitmap_nfl_ari_layer_1, 31, 14, 14 },
  { bitmap_nfl_ari_layer_2, 231, 232, 233 },
  { bitmap_nfl_ari_layer_3, 122, 125, 126 },
  { bitmap_nfl_ari_layer_4, 193, 144, 4 },
};

const uint8_t bitmap_nfl_atl_layer_0[] PROGMEM = {
  0x00, 0x00, 0x00, 0x00, 0x00, 0x00, 0x00, 0x00, 0x00, 0x00, 0x00, 0x00,
  0x00, 0x00, 0x00, 0x00, 0x00, 0x00, 0x00, 0x00, 0x00, 0x7E, 0x00, 0x00,
  0x00, 0xC3, 0xF0, 0x00, 0x01, 0xF8, 0x1F, 0x00, 0x00, 0x07, 0xE1, 0xE0,
  0x00, 0x00, 0x7F, 0xE8, 0x00, 0x1F, 0xFF, 0xC0, 0x00, 0x21, 0xE0, 0x00,
  0x00, 0x07, 0xC0, 0x00, 0x00, 0x3D, 0xCC, 0x00, 0x00, 0x53, 0x9F, 0x00,
  0x00, 0x47, 0x85, 0x80, 0x00, 0x0D, 0x00, 0x00, 0x00, 0x2B, 0x00, 0x00,
  0x00, 0x52, 0x00, 0x00, 0x00, 0xA6, 0x00, 0x00, 0x00, 0x4C, 0x00, 0x00,
  0x00, 0xD4, 0x00, 0x00, 0x00, 0x10, 0x00, 0x00, 0x00, 0x28, 0x00, 0x00,
  0x00, 0x40, 0x00, 0x00, 0x00, 0x30, 0x00, 0x00, 0x00, 0x30, 0x00, 0x00,
  0x00, 0x00, 0x00, 0x00, 0x00, 0x00, 0x00, 0x00, 0x00, 0x00, 0x00, 0x00,
  0x00, 0x00, 0x00, 0x00, 0x00, 0x00, 0x00, 0x00,
};

const uint8_t bitmap_nfl_atl_layer_1[] PROGMEM = {
  0x00, 0x00, 0x00, 0x00, 0x00, 0x00, 0x00, 0x00, 0x00, 0xC0, 0x00, 0x00,
  0x01, 0x8E, 0x00, 0x00, 0x03, 0x0C, 0x30, 0x00, 0x06, 0x00, 0x23, 0x00,
  0x0C, 0x00, 0x02, 0x20, 0x18, 0x00, 0x00, 0x28, 0x32, 0x00, 0x00, 0x0C,
  0x70, 0x20, 0x00, 0x06, 0x70, 0x80, 0x00, 0x02, 0x00, 0x40, 0x13, 0xFE,
  0x03, 0x20, 0x03, 0x0A, 0x00, 0x00, 0x21, 0x80, 0x00, 0x00, 0x00, 0x40,
  0x02, 0x00, 0x40, 0x60, 0x02, 0x20, 0x31, 0x40, 0x02, 0x00, 0xCB, 0x00,
  0x02, 0x00, 0x00, 0x00, 0x03, 0x01, 0x80, 0x00, 0x02, 0x10, 0x00, 0x00,
  0x02, 0x03, 0x00, 0x00, 0x00, 0x00, 0x00, 0x00, 0x01, 0x06, 0x00, 0x00,
  0x01, 0x00, 0x00, 0x00, 0x00, 0x0C, 0x00, 0x00, 0x00, 0x80, 0x00, 0x00,
  0x00, 0x68, 0x00, 0x00, 0x00, 0x38, 0x00, 0x00, 0x00, 0x1C, 0x00, 0x00,
  0x00, 0x00, 0x00, 0x00, 0x00, 0x00, 0x00, 0x00,
};

const uint8_t bitmap_nfl_atl_layer_2[] PROGMEM = {
  0x00, 0x00, 0x00, 0x00, 0x00, 0x00, 0x00, 0x00, 0x00, 0x00, 0x00, 0x00,
  0x00, 0x00, 0x00, 0x00, 0x00, 0x20, 0x00, 0x00, 0x00, 0x01, 0x80, 0x00,
  0x00, 0x3C, 0x08, 0x00, 0x00, 0x07, 0xE0, 0x80, 0x00, 0x78, 0x1E, 0x00,
  0x00, 0x07, 0x80, 0x10, 0x00, 0x20, 0x00, 0x30, 0x00, 0x12, 0x00, 0x00,
  0x00, 0x08, 0x28, 0x00, 0x00, 0x42, 0x12, 0x00, 0x00, 0x2C, 0x40, 0x00,
  0x00, 0xA8, 0x3A, 0x00, 0x00, 0x92, 0x80, 0x00, 0x00, 0x14, 0x00, 0x00,
  0x00, 0xA5, 0x00, 0x00, 0x00, 0x40, 0x00, 0x00, 0x00, 0xA2, 0x00, 0x00,
  0x00, 0x08, 0x00, 0x00, 0x00, 0x2C, 0x00, 0x00, 0x00, 0x10, 0x00, 0x00,
  0x00, 0x38, 0x00, 0x00, 0x00, 0x00, 0x00, 0x00, 0x00, 0x00, 0x00, 0x00,
  0x00, 0x10, 0x00, 0x00, 0x00, 0x00, 0x00, 0x00, 0x00, 0x00, 0x00, 0x00,
  0x00, 0x00, 0x00, 0x00, 0x00, 0x00, 0x00, 0x00,
};

const uint8_t bitmap_nfl_atl_layer_3[] PROGMEM = {
  0x00, 0x00, 0x00, 0x00, 0x00, 0x00, 0x00, 0x00, 0x00, 0x00, 0x00, 0x00,
  0x00, 0x70, 0x00, 0x00, 0x00, 0x83, 0xC0, 0x00, 0x01, 0x80, 0x1C, 0x00,
  0x03, 0x00, 0x01, 0xC0, 0x06, 0x00, 0x00, 0x10, 0x0C, 0x00, 0x00, 0x00,
  0x0F, 0xC0, 0x00, 0x00, 0x00, 0x40, 0x00, 0x00, 0x00, 0x80, 0x0C, 0x00,
  0x00, 0xC0, 0x00, 0x04, 0x01, 0x00, 0x00, 0x00, 0x01, 0x00, 0x00, 0x00,
  0x01, 0x00, 0x00, 0x00, 0x01, 0x00, 0x4A, 0x00, 0x01, 0x80, 0x04, 0x80,
  0x01, 0x00, 0x80, 0x00, 0x00, 0x00, 0x00, 0x00, 0x01, 0x01, 0x00, 0x00,
  0x01, 0x20, 0x00, 0x00, 0x01, 0x42, 0x00, 0x00, 0x00, 0x80, 0x00, 0x00,
  0x00, 0x84, 0x00, 0x00, 0x00, 0x80, 0x00, 0x00, 0x00, 0x48, 0x00, 0x00,
  0x00, 0x00, 0x00, 0x00, 0x00, 0x00, 0x00, 0x00, 0x00, 0x00, 0x00, 0x00,
  0x00, 0x00, 0x00, 0x00, 0x00, 0x00, 0x00, 0x00,
};

const uint8_t bitmap_nfl_atl_layer_4[] PROGMEM = {
  0x00, 0x00, 0x00, 0x00, 0x00, 0x00, 0x00, 0x00, 0x00, 0x30, 0x00, 0x00,
  0x00, 0x01, 0x80, 0x00, 0x00, 0x50, 0x08, 0x00, 0x00, 0x00, 0x40, 0x00,
  0x00, 0x00, 0x04, 0x00, 0x00, 0x00, 0x00, 0x40, 0x01, 0x80, 0x00, 0x10,
  0x00, 0x18, 0x00, 0x00, 0x0F, 0x00, 0x00, 0x0C, 0x01, 0x0C, 0x00, 0x00,
  0x00, 0x10, 0x14, 0x00, 0x02, 0x80, 0x00, 0x00, 0x02, 0x80, 0x20, 0x80,
  0x00, 0x10, 0x00, 0x00, 0x00, 0x40, 0x04, 0x80, 0x00, 0x40, 0x00, 0x00,
  0x00, 0x08, 0x40, 0x00, 0x00, 0x18, 0x00, 0x00, 0x00, 0x00, 0x80, 0x00,
  0x00, 0x00, 0x00, 0x00, 0x02, 0x81, 0x00, 0x00, 0x02, 0x40, 0x00, 0x00,
  0x00, 0x00, 0x00, 0x00, 0x01, 0x40, 0x00, 0x00, 0x00, 0x00, 0x00, 0x00,
  0x00, 0x00, 0x00, 0x00, 0x00, 0x00, 0x00, 0x00, 0x00, 0x00, 0x00, 0x00,
  0x00, 0x00, 0x00, 0x00, 0x00, 0x00, 0x00, 0x00,
};

const SportsLogoLayerDef layers_nfl_atl[] = {
  { bitmap_nfl_atl_layer_0, 25, 9, 10 },
  { bitmap_nfl_atl_layer_1, 185, 190, 191 },
  { bitmap_nfl_atl_layer_2, 94, 54, 60 },
  { bitmap_nfl_atl_layer_3, 229, 232, 233 },
  { bitmap_nfl_atl_layer_4, 134, 139, 139 },
};

const uint8_t bitmap_nfl_bal_layer_0[] PROGMEM = {
  0x00, 0x00, 0x00, 0x00, 0x00, 0x00, 0x00, 0x00, 0x00, 0x00, 0x00, 0x00,
  0x00, 0x00, 0x00, 0x00, 0x00, 0x00, 0x00, 0x00, 0x00, 0x00, 0x00, 0x00,
  0x00, 0x00, 0x00, 0x00, 0x00, 0x00, 0x00, 0x00, 0x00, 0x00, 0x00, 0x00,
  0x00, 0x0F, 0xC0, 0x00, 0x00, 0x40, 0x10, 0x00, 0x01, 0x1F, 0x84, 0x00,
  0x00, 0x0C, 0x80, 0x00, 0x00, 0x0F, 0x00, 0xC0, 0x1B, 0x99, 0x00, 0x10,
  0x10, 0x9C, 0x11, 0x08, 0x00, 0x00, 0x03, 0x84, 0x01, 0xE0, 0x00, 0x12,
  0x00, 0x19, 0x00, 0xF2, 0x00, 0x00, 0x10, 0x70, 0x00, 0x00, 0x80, 0x00,
  0x00, 0x00, 0x40, 0x00, 0x00, 0x00, 0x00, 0x00, 0x00, 0x00, 0x00, 0x00,
  0x00, 0x00, 0x00, 0x00, 0x00, 0x00, 0x00, 0x00, 0x00, 0x00, 0x00, 0x00,
  0x00, 0x00, 0x00, 0x00, 0x00, 0x00, 0x00, 0x00, 0x00, 0x00, 0x00, 0x00,
  0x00, 0x00, 0x00, 0x00, 0x00, 0x00, 0x00, 0x00,
};

const uint8_t bitmap_nfl_bal_layer_1[] PROGMEM = {
  0x00, 0x00, 0x00, 0x00, 0x00, 0x00, 0x00, 0x00, 0x00, 0x00, 0x00, 0x00,
  0x00, 0x00, 0x00, 0x00, 0x00, 0x00, 0x00, 0x00, 0x00, 0x00, 0x00, 0x00,
  0x00, 0x00, 0x00, 0x00, 0x00, 0x00, 0x00, 0x00, 0x00, 0x00, 0x00, 0x00,
  0x00, 0x30, 0x30, 0x00, 0x00, 0x80, 0x0C, 0x00, 0x02, 0x00, 0x03, 0x00,
  0x04, 0x00, 0x01, 0x00, 0x08, 0x00, 0x00, 0x20, 0x00, 0x00, 0x00, 0x08,
  0x2D, 0x00, 0x0E, 0xE4, 0x61, 0x00, 0x08, 0x7A, 0x02, 0x00, 0x07, 0xE8,
  0x03, 0x66, 0x00, 0x00, 0x00, 0x61, 0x07, 0x8E, 0x00, 0x01, 0x30, 0x00,
  0x00, 0x00, 0x80, 0x00, 0x00, 0x00, 0x40, 0x00, 0x00, 0x00, 0x00, 0x00,
  0x00, 0x00, 0x00, 0x00, 0x00, 0x00, 0x00, 0x00, 0x00, 0x00, 0x00, 0x00,
  0x00, 0x00, 0x00, 0x00, 0x00, 0x00, 0x00, 0x00, 0x00, 0x00, 0x00, 0x00,
  0x00, 0x00, 0x00, 0x00, 0x00, 0x00, 0x00, 0x00,
};

const uint8_t bitmap_nfl_bal_layer_2[] PROGMEM = {
  0x00, 0x00, 0x00, 0x00, 0x00, 0x00, 0x00, 0x00, 0x00, 0x00, 0x00, 0x00,
  0x00, 0x00, 0x00, 0x00, 0x00, 0x00, 0x00, 0x00, 0x00, 0x00, 0x00, 0x00,
  0x00, 0x00, 0x00, 0x00, 0x00, 0x00, 0x00, 0x00, 0x00, 0x00, 0x00, 0x00,
  0x00, 0x00, 0x00, 0x00, 0x00, 0x0C, 0xC0, 0x00, 0x00, 0x40, 0x38, 0x00,
  0x01, 0x80, 0x3C, 0x00, 0x03, 0xE0, 0x76, 0x00, 0x00, 0x60, 0x77, 0x00,
  0x00, 0x40, 0x00, 0x00, 0x00, 0x4F, 0x00, 0x00, 0x00, 0x09, 0xF0, 0x00,
  0x00, 0x00, 0xF8, 0x00, 0x00, 0x00, 0x40, 0x00, 0x00, 0x00, 0x00, 0x00,
  0x00, 0x00, 0x00, 0x00, 0x00, 0x00, 0x00, 0x00, 0x00, 0x00, 0x00, 0x00,
  0x00, 0x00, 0x00, 0x00, 0x00, 0x00, 0x00, 0x00, 0x00, 0x00, 0x00, 0x00,
  0x00, 0x00, 0x00, 0x00, 0x00, 0x00, 0x00, 0x00, 0x00, 0x00, 0x00, 0x00,
  0x00, 0x00, 0x00, 0x00, 0x00, 0x00, 0x00, 0x00,
};

const uint8_t bitmap_nfl_bal_layer_3[] PROGMEM = {
  0x00, 0x00, 0x00, 0x00, 0x00, 0x00, 0x00, 0x00, 0x00, 0x00, 0x00, 0x00,
  0x00, 0x00, 0x00, 0x00, 0x00, 0x00, 0x00, 0x00, 0x00, 0x00, 0x00, 0x00,
  0x00, 0x00, 0x00, 0x00, 0x00, 0x00, 0x00, 0x00, 0x00, 0x00, 0x00, 0x00,
  0x00, 0x00, 0x00, 0x00, 0x00, 0x33, 0x20, 0x00, 0x00, 0x80, 0x00, 0x00,
  0x02, 0x00, 0x02, 0x00, 0x04, 0x00, 0x09, 0x00, 0x04, 0x02, 0x08, 0xE0,
  0x00, 0x00, 0x00, 0x00, 0x00, 0xB0, 0x00, 0x00, 0x00, 0x16, 0x00, 0x00,
  0x00, 0x00, 0x07, 0x0C, 0x00, 0x00, 0xA8, 0x00, 0x00, 0x00, 0x40, 0x00,
  0x00, 0x00, 0x00, 0x00, 0x00, 0x00, 0x00, 0x00, 0x00, 0x00, 0x00, 0x00,
  0x00, 0x00, 0x00, 0x00, 0x00, 0x00, 0x00, 0x00, 0x00, 0x00, 0x00, 0x00,
  0x00, 0x00, 0x00, 0x00, 0x00, 0x00, 0x00, 0x00, 0x00, 0x00, 0x00, 0x00,
  0x00, 0x00, 0x00, 0x00, 0x00, 0x00, 0x00, 0x00,
};

const uint8_t bitmap_nfl_bal_layer_4[] PROGMEM = {
  0x00, 0x00, 0x00, 0x00, 0x00, 0x00, 0x00, 0x00, 0x00, 0x00, 0x00, 0x00,
  0x00, 0x00, 0x00, 0x00, 0x00, 0x00, 0x00, 0x00, 0x00, 0x00, 0x00, 0x00,
  0x00, 0x00, 0x00, 0x00, 0x00, 0x00, 0x00, 0x00, 0x00, 0x00, 0x00, 0x00,
  0x00, 0x00, 0x00, 0x00, 0x00, 0x00, 0x00, 0x00, 0x00, 0x20, 0x40, 0x00,
  0x00, 0x73, 0x40, 0x00, 0x00, 0x10, 0x80, 0x00, 0x00, 0x04, 0x80, 0x00,
  0x00, 0x23, 0xE0, 0x10, 0x00, 0x00, 0xF4, 0x00, 0x00, 0x00, 0x08, 0x04,
  0x00, 0x00, 0x00, 0x00, 0x00, 0x00, 0x00, 0x00, 0x00, 0x00, 0x00, 0x00,
  0x00, 0x00, 0x00, 0x00, 0x00, 0x00, 0x00, 0x00, 0x00, 0x00, 0x00, 0x00,
  0x00, 0x00, 0x00, 0x00, 0x00, 0x00, 0x00, 0x00, 0x00, 0x00, 0x00, 0x00,
  0x00, 0x00, 0x00, 0x00, 0x00, 0x00, 0x00, 0x00, 0x00, 0x00, 0x00, 0x00,
  0x00, 0x00, 0x00, 0x00, 0x00, 0x00, 0x00, 0x00,
};

const SportsLogoLayerDef layers_nfl_bal[] = {
  { bitmap_nfl_bal_layer_0, 177, 152, 94 },
  { bitmap_nfl_bal_layer_1, 221, 213, 194 },
  { bitmap_nfl_bal_layer_2, 24, 12, 48 },
  { bitmap_nfl_bal_layer_3, 94, 71, 36 },
  { bitmap_nfl_bal_layer_4, 92, 75, 118 },
};

const uint8_t bitmap_nfl_buf_layer_0[] PROGMEM = {
  0x00, 0x00, 0x00, 0x00, 0x00, 0x00, 0x00, 0x00, 0x00, 0x00, 0x00, 0x00,
  0x00, 0x00, 0x00, 0x00, 0x00, 0x00, 0x00, 0x00, 0x00, 0x00, 0x00, 0x00,
  0x00, 0x00, 0x00, 0x00, 0x00, 0x00, 0x03, 0x80, 0x00, 0x00, 0x1F, 0xC0,
  0x00, 0x00, 0xFF, 0xE0, 0x00, 0x01, 0xFF, 0xFC, 0x00, 0x07, 0xFF, 0xC4,
  0x00, 0x0C, 0x00, 0x04, 0x00, 0x00, 0x00, 0x0C, 0x00, 0x00, 0x00, 0x08,
  0x00, 0x00, 0x03, 0xE8, 0x00, 0x01, 0xFF, 0xF0, 0x00, 0xFE, 0x1C, 0x60,
  0x01, 0x80, 0x38, 0x00, 0x02, 0x00, 0x62, 0x00, 0x04, 0x80, 0x00, 0x00,
  0x09, 0x00, 0x00, 0x00, 0x02, 0x00, 0x00, 0x00, 0x00, 0x00, 0x00, 0x00,
  0x00, 0x00, 0x00, 0x00, 0x00, 0x00, 0x00, 0x00, 0x00, 0x00, 0x00, 0x00,
  0x00, 0x00, 0x00, 0x00, 0x00, 0x00, 0x00, 0x00, 0x00, 0x00, 0x00, 0x00,
  0x00, 0x00, 0x00, 0x00, 0x00, 0x00, 0x00, 0x00,
};

const uint8_t bitmap_nfl_buf_layer_1[] PROGMEM = {
  0x00, 0x00, 0x00, 0x00, 0x00, 0x00, 0x00, 0x00, 0x00, 0x00, 0x00, 0x00,
  0x00, 0x00, 0x00, 0x00, 0x00, 0x00, 0x00, 0x00, 0x00, 0x00, 0x00, 0x00,
  0x00, 0x00, 0x0C, 0xC0, 0x00, 0x00, 0x20, 0x20, 0x00, 0x00, 0x80, 0x10,
  0x00, 0x02, 0x00, 0x02, 0x00, 0x0C, 0x00, 0x00, 0x00, 0x10, 0x00, 0x00,
  0x00, 0x40, 0x00, 0x10, 0x0F, 0xC0, 0x00, 0x12, 0x10, 0x00, 0x00, 0x12,
  0x20, 0x00, 0x00, 0x04, 0x00, 0x00, 0x00, 0x00, 0x4E, 0x00, 0x00, 0x08,
  0x42, 0x0F, 0x80, 0x90, 0x04, 0x10, 0x00, 0xE0, 0x10, 0x21, 0x41, 0x80,
  0x12, 0x41, 0x06, 0x00, 0x24, 0x00, 0x60, 0x00, 0x09, 0x00, 0x00, 0x00,
  0x06, 0x00, 0x00, 0x00, 0x10, 0x00, 0x00, 0x00, 0x00, 0x00, 0x00, 0x00,
  0x00, 0x00, 0x00, 0x00, 0x00, 0x00, 0x00, 0x00, 0x00, 0x00, 0x00, 0x00,
  0x00, 0x00, 0x00, 0x00, 0x00, 0x00, 0x00, 0x00,
};

const uint8_t bitmap_nfl_buf_layer_2[] PROGMEM = {
  0x00, 0x00, 0x00, 0x00, 0x00, 0x00, 0x00, 0x00, 0x00, 0x00, 0x00, 0x00,
  0x00, 0x00, 0x00, 0x00, 0x00, 0x00, 0x00, 0x00, 0x00, 0x00, 0x00, 0x00,
  0x00, 0x00, 0x03, 0x00, 0x00, 0x00, 0x18, 0x00, 0x00, 0x00, 0x40, 0x00,
  0x00, 0x01, 0x00, 0x04, 0x00, 0x00, 0x00, 0x02, 0x00, 0x08, 0x00, 0x02,
  0x00, 0x20, 0x1F, 0x0A, 0x00, 0x38, 0x00, 0x00, 0x00, 0x00, 0x01, 0xC0,
  0x00, 0x00, 0xE0, 0x00, 0x00, 0x38, 0x00, 0x08, 0x31, 0x00, 0x00, 0x10,
  0x00, 0x70, 0x43, 0x20, 0x00, 0xA0, 0x85, 0x00, 0x0B, 0x40, 0xA2, 0x00,
  0x00, 0x80, 0x38, 0x00, 0x09, 0x00, 0x00, 0x00, 0x24, 0x00, 0x00, 0x00,
  0x30, 0x00, 0x00, 0x00, 0x00, 0x00, 0x00, 0x00, 0x00, 0x00, 0x00, 0x00,
  0x00, 0x00, 0x00, 0x00, 0x00, 0x00, 0x00, 0x00, 0x00, 0x00, 0x00, 0x00,
  0x00, 0x00, 0x00, 0x00, 0x00, 0x00, 0x00, 0x00,
};

const uint8_t bitmap_nfl_buf_layer_3[] PROGMEM = {
  0x00, 0x00, 0x00, 0x00, 0x00, 0x00, 0x00, 0x00, 0x00, 0x00, 0x00, 0x00,
  0x00, 0x00, 0x00, 0x00, 0x00, 0x00, 0x00, 0x00, 0x00, 0x00, 0x00, 0x00,
  0x00, 0x00, 0x00, 0x00, 0x00, 0x00, 0x00, 0x00, 0x00, 0x00, 0x00, 0x00,
  0x00, 0x00, 0x00, 0x00, 0x00, 0x00, 0x00, 0x00, 0x00, 0x00, 0x00, 0x00,
  0x00, 0x00, 0x00, 0xE0, 0x00, 0x07, 0xFF, 0xE0, 0x0F, 0xFF, 0xFE, 0x00,
  0x1F, 0xFF, 0x00, 0x00, 0x3F, 0xC0, 0x00, 0x00, 0x00, 0x00, 0x00, 0x00,
  0x00, 0x00, 0x00, 0x00, 0x00, 0x00, 0x00, 0x00, 0x00, 0x00, 0x00, 0x00,
  0x00, 0x00, 0x00, 0x00, 0x00, 0x00, 0x00, 0x00, 0x00, 0x00, 0x00, 0x00,
  0x00, 0x00, 0x00, 0x00, 0x00, 0x00, 0x00, 0x00, 0x00, 0x00, 0x00, 0x00,
  0x00, 0x00, 0x00, 0x00, 0x00, 0x00, 0x00, 0x00, 0x00, 0x00, 0x00, 0x00,
  0x00, 0x00, 0x00, 0x00, 0x00, 0x00, 0x00, 0x00,
};

const uint8_t bitmap_nfl_buf_layer_4[] PROGMEM = {
  0x00, 0x00, 0x00, 0x00, 0x00, 0x00, 0x00, 0x00, 0x00, 0x00, 0x00, 0x00,
  0x00, 0x00, 0x00, 0x00, 0x00, 0x00, 0x00, 0x00, 0x00, 0x00, 0x00, 0x00,
  0x00, 0x00, 0x00, 0x00, 0x00, 0x00, 0x04, 0x40, 0x00, 0x00, 0x20, 0x20,
  0x00, 0x00, 0x00, 0x18, 0x00, 0x02, 0x00, 0x00, 0x00, 0x00, 0x00, 0x38,
  0x00, 0x13, 0xE0, 0x00, 0x00, 0x00, 0x00, 0x00, 0x00, 0x00, 0x00, 0x24,
  0x00, 0x00, 0x1C, 0x10, 0x00, 0x06, 0x00, 0x00, 0x00, 0x01, 0xE3, 0x80,
  0x00, 0x00, 0x04, 0x40, 0x01, 0x40, 0x18, 0x00, 0x00, 0x00, 0x1C, 0x00,
  0x04, 0x00, 0x00, 0x00, 0x10, 0x00, 0x00, 0x00, 0x12, 0x00, 0x00, 0x00,
  0x00, 0x00, 0x00, 0x00, 0x00, 0x00, 0x00, 0x00, 0x00, 0x00, 0x00, 0x00,
  0x00, 0x00, 0x00, 0x00, 0x00, 0x00, 0x00, 0x00, 0x00, 0x00, 0x00, 0x00,
  0x00, 0x00, 0x00, 0x00, 0x00, 0x00, 0x00, 0x00,
};

const SportsLogoLayerDef layers_nfl_buf[] = {
  { bitmap_nfl_buf_layer_0, 4, 47, 147 },
  { bitmap_nfl_buf_layer_1, 225, 220, 233 },
  { bitmap_nfl_buf_layer_2, 137, 133, 183 },
  { bitmap_nfl_buf_layer_3, 238, 32, 63 },
  { bitmap_nfl_buf_layer_4, 55, 89, 169 },
};

const uint8_t bitmap_nfl_car_layer_0[] PROGMEM = {
  0x00, 0x00, 0x00, 0x00, 0x00, 0x00, 0x00, 0x00, 0x00, 0x00, 0x00, 0x00,
  0x00, 0x00, 0x00, 0x00, 0x00, 0x00, 0x00, 0x00, 0x00, 0x00, 0x00, 0x00,
  0x00, 0x00, 0x00, 0x00, 0x00, 0x00, 0x00, 0x00, 0x00, 0x00, 0x00, 0x00,
  0x00, 0x00, 0xE3, 0x00, 0x00, 0x07, 0xE3, 0x80, 0x00, 0x03, 0x06, 0x00,
  0x00, 0x07, 0x0F, 0xC0, 0x00, 0x1F, 0xF8, 0x00, 0x00, 0x7D, 0xF8, 0x00,
  0x00, 0xFC, 0xFA, 0x40, 0x01, 0xE4, 0xF6, 0x00, 0x03, 0xCE, 0x37, 0x00,
  0x07, 0x9F, 0xB0, 0x00, 0x0F, 0x1F, 0xF0, 0x00, 0x08, 0x1F, 0xF8, 0x80,
  0x00, 0x07, 0xFC, 0x00, 0x00, 0x00, 0xFC, 0x00, 0x00, 0x00, 0x3E, 0x00,
  0x00, 0x00, 0x00, 0x00, 0x00, 0x00, 0x00, 0x00, 0x00, 0x00, 0x00, 0x00,
  0x00, 0x00, 0x00, 0x00, 0x00, 0x00, 0x00, 0x00, 0x00, 0x00, 0x00, 0x00,
  0x00, 0x00, 0x00, 0x00, 0x00, 0x00, 0x00, 0x00,
};

const uint8_t bitmap_nfl_car_layer_1[] PROGMEM = {
  0x00, 0x00, 0x00, 0x00, 0x00, 0x00, 0x00, 0x00, 0x00, 0x00, 0x00, 0x00,
  0x00, 0x00, 0x00, 0x00, 0x00, 0x00, 0x00, 0x00, 0x00, 0x00, 0x00, 0x00,
  0x00, 0x00, 0x00, 0x00, 0x00, 0x00, 0x00, 0x00, 0x00, 0x00, 0x30, 0x00,
  0x00, 0x00, 0x14, 0x88, 0x00, 0x08, 0x14, 0x18, 0x00, 0x04, 0xC8, 0x40,
  0x00, 0x08, 0xC0, 0x00, 0x00, 0x20, 0x04, 0x60, 0x00, 0x02, 0x01, 0x60,
  0x00, 0x01, 0x01, 0x80, 0x00, 0x1A, 0x09, 0xC0, 0x00, 0x01, 0x48, 0x00,
  0x00, 0x40, 0x4C, 0x00, 0x00, 0x80, 0x08, 0x00, 0x00, 0x20, 0x04, 0x00,
  0x00, 0x00, 0x00, 0x00, 0x00, 0x00, 0x02, 0x00, 0x00, 0x00, 0x01, 0x00,
  0x00, 0x00, 0x00, 0x00, 0x00, 0x00, 0x00, 0x00, 0x00, 0x00, 0x00, 0x00,
  0x00, 0x00, 0x00, 0x00, 0x00, 0x00, 0x00, 0x00, 0x00, 0x00, 0x00, 0x00,
  0x00, 0x00, 0x00, 0x00, 0x00, 0x00, 0x00, 0x00,
};

const uint8_t bitmap_nfl_car_layer_2[] PROGMEM = {
  0x00, 0x00, 0x00, 0x00, 0x00, 0x00, 0x00, 0x00, 0x00, 0x00, 0x00, 0x00,
  0x00, 0x00, 0x00, 0x00, 0x00, 0x00, 0x00, 0x00, 0x00, 0x00, 0x00, 0x00,
  0x00, 0x00, 0x00, 0x00, 0x00, 0x00, 0x00, 0x00, 0x00, 0x01, 0x81, 0xC0,
  0x00, 0x00, 0x00, 0x60, 0x00, 0x00, 0x00, 0x00, 0x00, 0x08, 0x01, 0x30,
  0x00, 0x20, 0x00, 0x1C, 0x00, 0xC0, 0x00, 0x14, 0x01, 0x80, 0x00, 0x00,
  0x02, 0x00, 0x00, 0x00, 0x04, 0x01, 0x00, 0x00, 0x08, 0x00, 0x00, 0x00,
  0x18, 0x20, 0x00, 0x80, 0x30, 0x40, 0x07, 0x80, 0x60, 0x40, 0x00, 0x00,
  0x00, 0x00, 0x00, 0x00, 0x00, 0x00, 0x01, 0x00, 0x00, 0x00, 0x00, 0x00,
  0x00, 0x00, 0x00, 0x00, 0x00, 0x00, 0x00, 0x00, 0x00, 0x00, 0x00, 0x00,
  0x00, 0x00, 0x00, 0x00, 0x00, 0x00, 0x00, 0x00, 0x00, 0x00, 0x00, 0x00,
  0x00, 0x00, 0x00, 0x00, 0x00, 0x00, 0x00, 0x00,
};

const uint8_t bitmap_nfl_car_layer_3[] PROGMEM = {
  0x00, 0x00, 0x00, 0x00, 0x00, 0x00, 0x00, 0x00, 0x00, 0x00, 0x00, 0x00,
  0x00, 0x00, 0x00, 0x00, 0x00, 0x00, 0x00, 0x00, 0x00, 0x00, 0x00, 0x00,
  0x00, 0x00, 0x00, 0x00, 0x00, 0x00, 0x00, 0x00, 0x00, 0x00, 0x4E, 0x00,
  0x00, 0x0F, 0x00, 0x10, 0x00, 0x00, 0x00, 0x20, 0x00, 0x00, 0x30, 0x80,
  0x00, 0x10, 0x30, 0x20, 0x00, 0x00, 0x00, 0x00, 0x00, 0x00, 0x00, 0x00,
  0x01, 0x02, 0x00, 0x20, 0x02, 0x00, 0x00, 0x00, 0x04, 0x30, 0x80, 0x80,
  0x00, 0x00, 0x00, 0x00, 0x00, 0x20, 0x00, 0x00, 0x10, 0x80, 0x03, 0x00,
  0x00, 0x00, 0x03, 0x00, 0x00, 0x00, 0x00, 0x00, 0x00, 0x00, 0x00, 0x00,
  0x00, 0x00, 0x00, 0x00, 0x00, 0x00, 0x00, 0x00, 0x00, 0x00, 0x00, 0x00,
  0x00, 0x00, 0x00, 0x00, 0x00, 0x00, 0x00, 0x00, 0x00, 0x00, 0x00, 0x00,
  0x00, 0x00, 0x00, 0x00, 0x00, 0x00, 0x00, 0x00,
};

const uint8_t bitmap_nfl_car_layer_4[] PROGMEM = {
  0x00, 0x00, 0x00, 0x00, 0x00, 0x00, 0x00, 0x00, 0x00, 0x00, 0x00, 0x00,
  0x00, 0x00, 0x00, 0x00, 0x00, 0x00, 0x00, 0x00, 0x00, 0x00, 0x00, 0x00,
  0x00, 0x00, 0x00, 0x00, 0x00, 0x00, 0x00, 0x00, 0x00, 0x00, 0x00, 0x00,
  0x00, 0x00, 0x08, 0x00, 0x00, 0x00, 0x08, 0x40, 0x00, 0x00, 0x00, 0x00,
  0x00, 0x00, 0x00, 0x00, 0x00, 0x00, 0x03, 0x80, 0x00, 0x00, 0x06, 0x80,
  0x00, 0x00, 0x04, 0x00, 0x00, 0x00, 0x00, 0x00, 0x00, 0x00, 0x00, 0x00,
  0x00, 0x00, 0x03, 0x00, 0x00, 0x00, 0x00, 0x00, 0x00, 0x00, 0x00, 0x00,
  0x00, 0x00, 0x00, 0x00, 0x00, 0x00, 0x00, 0x00, 0x00, 0x00, 0x00, 0x00,
  0x00, 0x00, 0x00, 0x00, 0x00, 0x00, 0x00, 0x00, 0x00, 0x00, 0x00, 0x00,
  0x00, 0x00, 0x00, 0x00, 0x00, 0x00, 0x00, 0x00, 0x00, 0x00, 0x00, 0x00,
  0x00, 0x00, 0x00, 0x00, 0x00, 0x00, 0x00, 0x00,
};

const SportsLogoLayerDef layers_nfl_car[] = {
  { bitmap_nfl_car_layer_0, 0, 0, 0 },
  { bitmap_nfl_car_layer_1, 6, 32, 48 },
  { bitmap_nfl_car_layer_2, 4, 125, 195 },
  { bitmap_nfl_car_layer_3, 2, 67, 105 },
  { bitmap_nfl_car_layer_4, 86, 86, 89 },
};

const uint8_t bitmap_nfl_chi_layer_0[] PROGMEM = {
  0x00, 0x00, 0x00, 0x00, 0x00, 0x00, 0x00, 0x00, 0x00, 0x60, 0x42, 0x00,
  0x00, 0x00, 0x81, 0x80, 0x00, 0x00, 0x00, 0x40, 0x08, 0x00, 0xB0, 0x00,
  0x0C, 0x32, 0x00, 0x28, 0x08, 0x62, 0x01, 0xB8, 0x0A, 0x79, 0x70, 0x80,
  0x02, 0xFC, 0x77, 0xC0, 0x13, 0xE0, 0x01, 0xC0, 0x03, 0xC0, 0x01, 0xC0,
  0x02, 0x70, 0x02, 0xC0, 0x12, 0x60, 0x00, 0x80, 0x00, 0x04, 0x01, 0x80,
  0x01, 0x14, 0x03, 0xA0, 0x01, 0x97, 0xCF, 0xE0, 0x09, 0xD3, 0xC3, 0x80,
  0x00, 0xD0, 0x03, 0x00, 0x04, 0xF3, 0xC8, 0x20, 0x02, 0x30, 0x08, 0xC0,
  0x00, 0x1C, 0x32, 0x00, 0x00, 0xCC, 0x30, 0x00, 0x00, 0x3C, 0x24, 0x00,
  0x00, 0x0C, 0x18, 0x00, 0x00, 0x00, 0x10, 0x00, 0x00, 0x00, 0x00, 0x00,
  0x00, 0x03, 0xE0, 0x00, 0x00, 0x00, 0x00, 0x00, 0x00, 0x00, 0x00, 0x00,
  0x00, 0x00, 0x00, 0x00, 0x00, 0x00, 0x00, 0x00,
};

const uint8_t bitmap_nfl_chi_layer_1[] PROGMEM = {
  0x00, 0x00, 0x00, 0x00, 0x00, 0x00, 0x00, 0x00, 0x00, 0x90, 0xBD, 0x00,
  0x0F, 0x00, 0x60, 0x00, 0x00, 0x00, 0x8C, 0x8C, 0x04, 0x02, 0x48, 0x00,
  0x31, 0x40, 0x20, 0x14, 0x10, 0x10, 0x62, 0x00, 0x00, 0x86, 0x09, 0x50,
  0x18, 0x00, 0x88, 0x00, 0x08, 0x10, 0x68, 0x00, 0x18, 0x08, 0x02, 0x00,
  0x19, 0x80, 0x05, 0x08, 0x00, 0x16, 0x40, 0x48, 0x0B, 0x32, 0x40, 0x28,
  0x02, 0x8A, 0x60, 0x48, 0x12, 0x40, 0x20, 0x08, 0x00, 0x04, 0x04, 0x48,
  0x09, 0x28, 0x00, 0x00, 0x00, 0x04, 0x00, 0x10, 0x04, 0x4D, 0xD1, 0x20,
  0x01, 0x00, 0x09, 0x80, 0x00, 0x10, 0x06, 0x00, 0x00, 0x40, 0x10, 0x00,
  0x00, 0x00, 0x20, 0x00, 0x00, 0x0A, 0x00, 0x00, 0x00, 0x04, 0x30, 0x00,
  0x00, 0x04, 0x00, 0x00, 0x00, 0x03, 0xE0, 0x00, 0x00, 0x00, 0x00, 0x00,
  0x00, 0x00, 0x00, 0x00, 0x00, 0x00, 0x00, 0x00,
};

const uint8_t bitmap_nfl_chi_layer_2[] PROGMEM = {
  0x00, 0x00, 0x00, 0x00, 0x00, 0x00, 0x00, 0x00, 0x00, 0x00, 0x00, 0x00,
  0x00, 0x7E, 0x0E, 0x00, 0x1C, 0xFC, 0x63, 0x00, 0x03, 0xDC, 0x01, 0xF8,
  0x00, 0x89, 0x48, 0x80, 0x04, 0x00, 0x80, 0x00, 0x05, 0x00, 0x02, 0x20,
  0x05, 0x01, 0x00, 0x30, 0x00, 0x01, 0x80, 0x10, 0x00, 0x17, 0xB8, 0x10,
  0x00, 0x07, 0xF8, 0x30, 0x04, 0x89, 0x3E, 0x30, 0x04, 0xC1, 0x9E, 0x00,
  0x04, 0x40, 0x90, 0x00, 0x04, 0x00, 0x10, 0x10, 0x04, 0x00, 0x10, 0x10,
  0x02, 0x04, 0x24, 0x60, 0x01, 0x00, 0x01, 0x80, 0x00, 0x80, 0x02, 0x00,
  0x00, 0x43, 0x84, 0x00, 0x00, 0x03, 0xC8, 0x00, 0x00, 0x01, 0xC0, 0x00,
  0x00, 0x01, 0x80, 0x00, 0x00, 0x00, 0x40, 0x00, 0x00, 0x00, 0x00, 0x00,
  0x00, 0x00, 0x00, 0x00, 0x00, 0x00, 0x00, 0x00, 0x00, 0x00, 0x00, 0x00,
  0x00, 0x00, 0x00, 0x00, 0x00, 0x00, 0x00, 0x00,
};

const uint8_t bitmap_nfl_chi_layer_3[] PROGMEM = {
  0x00, 0x00, 0x00, 0x00, 0x00, 0x00, 0x00, 0x00, 0x00, 0x0E, 0x00, 0x00,
  0x00, 0x81, 0x10, 0x00, 0x23, 0x03, 0x10, 0x30, 0x30, 0x21, 0x06, 0x04,
  0x02, 0x04, 0x97, 0x40, 0x03, 0x8D, 0x1C, 0x40, 0x00, 0x00, 0x84, 0x00,
  0x00, 0x02, 0x00, 0x00, 0x04, 0x0E, 0x16, 0x28, 0x04, 0x20, 0x44, 0x28,
  0x04, 0x08, 0x00, 0x00, 0x09, 0x00, 0x81, 0x00, 0x10, 0x08, 0x20, 0x50,
  0x08, 0x21, 0x0C, 0x10, 0x08, 0x28, 0x00, 0x00, 0x02, 0x28, 0x28, 0x20,
  0x04, 0x03, 0xD8, 0x90, 0x02, 0x08, 0x36, 0x40, 0x01, 0x02, 0x24, 0x00,
  0x00, 0xA0, 0x40, 0x00, 0x00, 0x20, 0x00, 0x00, 0x00, 0x02, 0x08, 0x00,
  0x00, 0x02, 0x40, 0x00, 0x00, 0x05, 0xA0, 0x00, 0x00, 0x03, 0xC0, 0x00,
  0x00, 0x00, 0x00, 0x00, 0x00, 0x00, 0x00, 0x00, 0x00, 0x00, 0x00, 0x00,
  0x00, 0x00, 0x00, 0x00, 0x00, 0x00, 0x00, 0x00,
};

const uint8_t bitmap_nfl_chi_layer_4[] PROGMEM = {
  0x00, 0x00, 0x00, 0x00, 0x01, 0xFE, 0xFF, 0x00, 0x0F, 0x01, 0x00, 0xC0,
  0x30, 0x00, 0x00, 0x7C, 0x40, 0x00, 0x00, 0x02, 0x40, 0x00, 0x00, 0x02,
  0x40, 0x00, 0x00, 0x02, 0x60, 0x00, 0x00, 0x06, 0x10, 0x00, 0x00, 0x0C,
  0x20, 0x00, 0x00, 0x08, 0x20, 0x00, 0x00, 0x04, 0x20, 0x00, 0x00, 0x04,
  0x20, 0x00, 0x00, 0x04, 0x20, 0x00, 0x00, 0x04, 0x20, 0x00, 0x00, 0x04,
  0x10, 0x00, 0x00, 0x04, 0x20, 0x00, 0x00, 0x04, 0x10, 0x00, 0x00, 0x04,
  0x10, 0x00, 0x00, 0x08, 0x08, 0x00, 0x00, 0x08, 0x08, 0x00, 0x00, 0x10,
  0x06, 0x00, 0x00, 0x60, 0x01, 0x00, 0x01, 0x00, 0x00, 0x80, 0x02, 0x00,
  0x00, 0x70, 0x04, 0x00, 0x00, 0x10, 0x08, 0x00, 0x00, 0x08, 0x08, 0x00,
  0x00, 0x08, 0x10, 0x00, 0x00, 0x04, 0x10, 0x00, 0x00, 0x07, 0xE0, 0x00,
  0x00, 0x00, 0x00, 0x00, 0x00, 0x00, 0x00, 0x00,
};

const SportsLogoLayerDef layers_nfl_chi[] = {
  { bitmap_nfl_chi_layer_0, 16, 17, 38 },
  { bitmap_nfl_chi_layer_1, 88, 44, 42 },
  { bitmap_nfl_chi_layer_2, 244, 62, 2 },
  { bitmap_nfl_chi_layer_3, 173, 50, 16 },
  { bitmap_nfl_chi_layer_4, 192, 193, 197 },
};

const uint8_t bitmap_nfl_cin_layer_0[] PROGMEM = {
  0x00, 0x00, 0x00, 0x00, 0x00, 0x00, 0x00, 0x00, 0x00, 0x00, 0x00, 0x00,
  0x00, 0x00, 0x00, 0x00, 0x00, 0x00, 0x00, 0x00, 0x00, 0x00, 0x00, 0x00,
  0x00, 0x7C, 0x0F, 0x00, 0x00, 0x78, 0x1F, 0x80, 0x00, 0x78, 0x1F, 0x00,
  0x00, 0x78, 0x1E, 0x00, 0x00, 0x78, 0x3E, 0x00, 0x00, 0x78, 0x0E, 0x00,
  0x00, 0x78, 0x0C, 0x10, 0x00, 0x78, 0x0C, 0x30, 0x00, 0x78, 0x3C, 0x40,
  0x00, 0x78, 0x38, 0x40, 0x00, 0x78, 0x78, 0xF0, 0x00, 0x78, 0x09, 0xF8,
  0x00, 0x38, 0x09, 0xF8, 0x02, 0x38, 0x0B, 0xF8, 0x0F, 0x3C, 0x7B, 0xF8,
  0x0F, 0x9C, 0x7B, 0xF8, 0x07, 0xDC, 0x7F, 0xF0, 0x07, 0xFE, 0x7F, 0xE0,
  0x03, 0xFE, 0x3F, 0x80, 0x00, 0x00, 0x00, 0x00, 0x00, 0x00, 0x00, 0x00,
  0x00, 0x00, 0x00, 0x00, 0x00, 0x00, 0x00, 0x00, 0x00, 0x00, 0x00, 0x00,
  0x00, 0x00, 0x00, 0x00, 0x00, 0x00, 0x00, 0x00,
};

const uint8_t bitmap_nfl_cin_layer_1[] PROGMEM = {
  0x00, 0x00, 0x00, 0x00, 0x00, 0x00, 0x00, 0x00, 0x00, 0x00, 0x00, 0x00,
  0x00, 0x00, 0x00, 0x00, 0x00, 0x00, 0x00, 0x00, 0x0F, 0xFF, 0xFF, 0xE0,
  0x0C, 0x00, 0x00, 0x30, 0x18, 0x00, 0x00, 0x18, 0x10, 0x00, 0x00, 0x0C,
  0x30, 0x00, 0x00, 0x04, 0x60, 0x00, 0x00, 0x06, 0x7C, 0x01, 0xE0, 0x04,
  0x0C, 0x01, 0xF0, 0x04, 0x0C, 0x01, 0xE0, 0x0C, 0x0C, 0x00, 0x00, 0x18,
  0x0C, 0x00, 0x00, 0x18, 0x0C, 0x00, 0x00, 0x0C, 0x0C, 0x00, 0xE0, 0x06,
  0x0C, 0x01, 0xF0, 0x06, 0x7C, 0x01, 0xE0, 0x02, 0x60, 0x00, 0x00, 0x02,
  0x30, 0x00, 0x00, 0x06, 0x30, 0x00, 0x00, 0x06, 0x18, 0x00, 0x00, 0x0C,
  0x0C, 0x00, 0x00, 0x38, 0x0F, 0xFF, 0xFF, 0xE0, 0x00, 0x00, 0x00, 0x00,
  0x00, 0x00, 0x00, 0x00, 0x00, 0x00, 0x00, 0x00, 0x00, 0x00, 0x00, 0x00,
  0x00, 0x00, 0x00, 0x00, 0x00, 0x00, 0x00, 0x00,
};

const uint8_t bitmap_nfl_cin_layer_2[] PROGMEM = {
  0x00, 0x00, 0x00, 0x00, 0x00, 0x00, 0x00, 0x00, 0x00, 0x00, 0x00, 0x00,
  0x00, 0x00, 0x00, 0x00, 0x00, 0x00, 0x00, 0x00, 0x00, 0x00, 0x00, 0x00,
  0x03, 0x03, 0xE0, 0x00, 0x03, 0x03, 0xE0, 0x60, 0x07, 0x03, 0xE0, 0xF0,
  0x0F, 0x07, 0xC0, 0xF0, 0x0F, 0x07, 0xC1, 0xF0, 0x03, 0x06, 0x01, 0xF0,
  0x03, 0x06, 0x01, 0xE0, 0x03, 0x06, 0x03, 0xC0, 0x03, 0x07, 0x83, 0x80,
  0x03, 0x07, 0x83, 0x00, 0x03, 0x87, 0x83, 0x00, 0x03, 0x86, 0x06, 0x00,
  0x01, 0x82, 0x04, 0x00, 0x00, 0x82, 0x04, 0x00, 0x00, 0xC3, 0x04, 0x00,
  0x00, 0x43, 0x80, 0x00, 0x00, 0x01, 0x80, 0x00, 0x00, 0x01, 0x80, 0x00,
  0x00, 0x00, 0x80, 0x00, 0x00, 0x00, 0x00, 0x00, 0x00, 0x00, 0x00, 0x00,
  0x00, 0x00, 0x00, 0x00, 0x00, 0x00, 0x00, 0x00, 0x00, 0x00, 0x00, 0x00,
  0x00, 0x00, 0x00, 0x00, 0x00, 0x00, 0x00, 0x00,
};

const uint8_t bitmap_nfl_cin_layer_3[] PROGMEM = {
  0x00, 0x00, 0x00, 0x00, 0x00, 0x00, 0x00, 0x00, 0x00, 0x00, 0x00, 0x00,
  0x00, 0x00, 0x00, 0x00, 0x00, 0x00, 0x00, 0x00, 0x00, 0x00, 0x00, 0x00,
  0x00, 0x80, 0x10, 0x00, 0x04, 0x84, 0x00, 0x00, 0x00, 0x84, 0x00, 0x00,
  0x00, 0x80, 0x21, 0x00, 0x00, 0x80, 0x00, 0x08, 0x00, 0x80, 0x00, 0x00,
  0x00, 0x80, 0x02, 0x00, 0x00, 0x80, 0x00, 0x00, 0x00, 0x80, 0x40, 0x00,
  0x00, 0x80, 0x44, 0x80, 0x00, 0x00, 0x04, 0x00, 0x00, 0x00, 0x00, 0x00,
  0x02, 0x44, 0x02, 0x00, 0x01, 0x44, 0x00, 0x00, 0x00, 0x00, 0x80, 0x00,
  0x00, 0x20, 0x04, 0x00, 0x00, 0x22, 0x00, 0x00, 0x00, 0x00, 0x00, 0x00,
  0x00, 0x01, 0x40, 0x00, 0x00, 0x00, 0x00, 0x00, 0x00, 0x00, 0x00, 0x00,
  0x00, 0x00, 0x00, 0x00, 0x00, 0x00, 0x00, 0x00, 0x00, 0x00, 0x00, 0x00,
  0x00, 0x00, 0x00, 0x00, 0x00, 0x00, 0x00, 0x00,
};

const uint8_t bitmap_nfl_cin_layer_4[] PROGMEM = {
  0x00, 0x00, 0x00, 0x00, 0x00, 0x00, 0x00, 0x00, 0x00, 0x00, 0x00, 0x00,
  0x00, 0x00, 0x00, 0x00, 0x00, 0x00, 0x00, 0x00, 0x00, 0x00, 0x00, 0x00,
  0x00, 0x00, 0x00, 0xC0, 0x00, 0x00, 0x00, 0x00, 0x08, 0x00, 0x00, 0x00,
  0x00, 0x00, 0x00, 0x08, 0x10, 0x00, 0x00, 0x00, 0x00, 0x00, 0x10, 0x08,
  0x00, 0x00, 0x00, 0x08, 0x00, 0x00, 0x10, 0x00, 0x00, 0x00, 0x00, 0x20,
  0x00, 0x00, 0x00, 0x20, 0x00, 0x00, 0x00, 0x00, 0x00, 0x01, 0x10, 0x00,
  0x00, 0x00, 0x00, 0x00, 0x00, 0x00, 0x10, 0x04, 0x10, 0x00, 0x00, 0x04,
  0x00, 0x00, 0x00, 0x00, 0x08, 0x00, 0x00, 0x08, 0x00, 0x00, 0x00, 0x10,
  0x00, 0x00, 0x00, 0x40, 0x00, 0x00, 0x00, 0x00, 0x00, 0x00, 0x00, 0x00,
  0x00, 0x00, 0x00, 0x00, 0x00, 0x00, 0x00, 0x00, 0x00, 0x00, 0x00, 0x00,
  0x00, 0x00, 0x00, 0x00, 0x00, 0x00, 0x00, 0x00,
};

const SportsLogoLayerDef layers_nfl_cin[] = {
  { bitmap_nfl_cin_layer_0, 246, 78, 6 },
  { bitmap_nfl_cin_layer_1, 255, 255, 255 },
  { bitmap_nfl_cin_layer_2, 0, 0, 0 },
  { bitmap_nfl_cin_layer_3, 109, 39, 8 },
  { bitmap_nfl_cin_layer_4, 232, 165, 136 },
};

const uint8_t bitmap_nfl_cle_layer_0[] PROGMEM = {
  0x00, 0x00, 0x00, 0x00, 0x00, 0x00, 0x00, 0x00, 0x00, 0x00, 0x00, 0x00,
  0x00, 0x00, 0x00, 0x00, 0x00, 0x00, 0x00, 0x00, 0x00, 0x3C, 0x00, 0x00,
  0x01, 0xFF, 0x00, 0x00, 0x03, 0xFF, 0xC0, 0x00, 0x07, 0xFF, 0xE0, 0x00,
  0x0F, 0xFF, 0xF0, 0x00, 0x1F, 0xFF, 0xF0, 0x00, 0x1F, 0xFF, 0xF0, 0x00,
  0x1F, 0xFF, 0xC0, 0x00, 0x3F, 0xFF, 0x00, 0x00, 0x3F, 0xFE, 0x00, 0x00,
  0x3F, 0xFC, 0x00, 0x00, 0x3F, 0xFD, 0x00, 0x00, 0x3F, 0xF8, 0x00, 0x00,
  0x1F, 0xF2, 0x00, 0x00, 0x1F, 0x91, 0x00, 0x00, 0x1F, 0x81, 0x80, 0x00,
  0x0F, 0xE0, 0x00, 0x00, 0x0F, 0xFD, 0x00, 0x00, 0x07, 0xFF, 0x80, 0x00,
  0x00, 0x7F, 0x00, 0x00, 0x00, 0x1C, 0x00, 0x00, 0x00, 0x00, 0x00, 0x00,
  0x00, 0x00, 0x00, 0x00, 0x00, 0x00, 0x00, 0x00, 0x00, 0x00, 0x00, 0x00,
  0x00, 0x00, 0x00, 0x00, 0x00, 0x00, 0x00, 0x00,
};

const uint8_t bitmap_nfl_cle_layer_1[] PROGMEM = {
  0x00, 0x00, 0x00, 0x00, 0x00, 0x00, 0x00, 0x00, 0x00, 0x00, 0x00, 0x00,
  0x00, 0x00, 0x00, 0x00, 0x00, 0xE3, 0xC0, 0x00, 0x03, 0x00, 0x70, 0x00,
  0x04, 0x00, 0x18, 0x00, 0x08, 0x00, 0x0C, 0x00, 0x10, 0x00, 0x06, 0x00,
  0x20, 0x00, 0x01, 0x00, 0x20, 0x00, 0x00, 0x80, 0x40, 0x00, 0x00, 0x40,
  0x40, 0x00, 0x00, 0x40, 0x40, 0x00, 0x00, 0x80, 0x00, 0x00, 0x01, 0x00,
  0x00, 0x00, 0x03, 0x00, 0x40, 0x00, 0x01, 0x80, 0x40, 0x00, 0x00, 0xF8,
  0x40, 0x00, 0x10, 0x04, 0x40, 0x00, 0x00, 0x14, 0x20, 0x00, 0x08, 0x02,
  0x20, 0x00, 0x20, 0x02, 0x20, 0x00, 0x00, 0x8A, 0x10, 0x00, 0x07, 0xC2,
  0x10, 0x00, 0x09, 0xE2, 0x1B, 0x80, 0xEC, 0x0E, 0x04, 0x7F, 0x03, 0xF8,
  0x00, 0x00, 0x00, 0x00, 0x00, 0x00, 0x00, 0x00, 0x00, 0x00, 0x00, 0x00,
  0x00, 0x00, 0x00, 0x00, 0x00, 0x00, 0x00, 0x00,
};

const uint8_t bitmap_nfl_cle_layer_2[] PROGMEM = {
  0x00, 0x00, 0x00, 0x00, 0x00, 0x00, 0x00, 0x00, 0x00, 0x00, 0x00, 0x00,
  0x00, 0x00, 0x00, 0x00, 0x00, 0x1C, 0x00, 0x00, 0x00, 0x80, 0x80, 0x00,
  0x02, 0x00, 0x20, 0x00, 0x00, 0x00, 0x00, 0x00, 0x00, 0x00, 0x00, 0x00,
  0x10, 0x00, 0x02, 0x00, 0x00, 0x00, 0x01, 0x00, 0x20, 0x00, 0x05, 0x80,
  0x00, 0x00, 0x00, 0x80, 0x00, 0x00, 0x07, 0x00, 0x40, 0x00, 0x80, 0x00,
  0x40, 0x00, 0x04, 0x00, 0x00, 0x00, 0x06, 0x00, 0x00, 0x00, 0x13, 0x00,
  0x00, 0x00, 0x2E, 0xF8, 0x20, 0x0C, 0x1F, 0xE8, 0x00, 0x00, 0x13, 0xFC,
  0x00, 0x00, 0x1B, 0x7C, 0x10, 0x00, 0x77, 0x74, 0x00, 0x00, 0x60, 0x3C,
  0x08, 0x00, 0x76, 0x14, 0x04, 0x41, 0x03, 0xF0, 0x00, 0x00, 0x00, 0x00,
  0x00, 0x00, 0x00, 0x00, 0x00, 0x00, 0x00, 0x00, 0x00, 0x00, 0x00, 0x00,
  0x00, 0x00, 0x00, 0x00, 0x00, 0x00, 0x00, 0x00,
};

const uint8_t bitmap_nfl_cle_layer_3[] PROGMEM = {
  0x00, 0x00, 0x00, 0x00, 0x00, 0x00, 0x00, 0x00, 0x00, 0x00, 0x00, 0x00,
  0x00, 0x00, 0x00, 0x00, 0x00, 0x00, 0x00, 0x00, 0x00, 0x41, 0x00, 0x00,
  0x00, 0x00, 0x00, 0x00, 0x04, 0x00, 0x10, 0x00, 0x08, 0x00, 0x08, 0x00,
  0x00, 0x00, 0x04, 0x00, 0x00, 0x00, 0x0E, 0x00, 0x00, 0x00, 0x0A, 0x00,
  0x20, 0x00, 0x3F, 0x00, 0x00, 0x00, 0xE8, 0x00, 0x00, 0x01, 0x02, 0x00,
  0x00, 0x03, 0x80, 0x00, 0x00, 0x02, 0xC0, 0x00, 0x00, 0x07, 0x6C, 0x00,
  0x20, 0x0D, 0x81, 0x00, 0x00, 0x02, 0xE0, 0x00, 0x00, 0x1E, 0x24, 0x00,
  0x10, 0x1F, 0xC4, 0x80, 0x00, 0x02, 0x88, 0x00, 0x08, 0x00, 0x18, 0x00,
  0x01, 0x80, 0x80, 0x08, 0x00, 0x22, 0x00, 0x00, 0x00, 0x00, 0x00, 0x00,
  0x00, 0x00, 0x00, 0x00, 0x00, 0x00, 0x00, 0x00, 0x00, 0x00, 0x00, 0x00,
  0x00, 0x00, 0x00, 0x00, 0x00, 0x00, 0x00, 0x00,
};

const uint8_t bitmap_nfl_cle_layer_4[] PROGMEM = {
  0x00, 0x00, 0x00, 0x00, 0x00, 0x00, 0x00, 0x00, 0x00, 0x00, 0x00, 0x00,
  0x00, 0x00, 0x00, 0x00, 0x00, 0x00, 0x00, 0x00, 0x00, 0x02, 0x00, 0x00,
  0x00, 0x00, 0xC0, 0x00, 0x00, 0x00, 0x20, 0x00, 0x00, 0x00, 0x10, 0x00,
  0x00, 0x00, 0x08, 0x00, 0x00, 0x00, 0x00, 0x00, 0x00, 0x00, 0x00, 0x00,
  0x00, 0x00, 0x00, 0x00, 0x00, 0x00, 0x10, 0x00, 0x00, 0x00, 0x7C, 0x00,
  0x00, 0x00, 0x78, 0x00, 0x00, 0x00, 0x38, 0x00, 0x00, 0x00, 0x80, 0x00,
  0x00, 0x00, 0x40, 0x00, 0x00, 0x60, 0x00, 0x00, 0x00, 0x60, 0x40, 0x00,
  0x00, 0x00, 0x00, 0x00, 0x00, 0x00, 0x00, 0x00, 0x00, 0x00, 0x00, 0x00,
  0x06, 0x00, 0x00, 0x00, 0x00, 0x00, 0x00, 0x00, 0x00, 0x00, 0x00, 0x00,
  0x00, 0x00, 0x00, 0x00, 0x00, 0x00, 0x00, 0x00, 0x00, 0x00, 0x00, 0x00,
  0x00, 0x00, 0x00, 0x00, 0x00, 0x00, 0x00, 0x00,
};

const SportsLogoLayerDef layers_nfl_cle[] = {
  { bitmap_nfl_cle_layer_0, 245, 56, 4 },
  { bitmap_nfl_cle_layer_1, 255, 255, 255 },
  { bitmap_nfl_cle_layer_2, 204, 197, 194 },
  { bitmap_nfl_cle_layer_3, 179, 141, 128 },
  { bitmap_nfl_cle_layer_4, 80, 42, 24 },
};

const uint8_t bitmap_nfl_dal_layer_0[] PROGMEM = {
  0x00, 0x00, 0x00, 0x00, 0x00, 0x00, 0x00, 0x00, 0x00, 0x01, 0x80, 0x00,
  0x00, 0x01, 0x80, 0x00, 0x00, 0x01, 0x80, 0x00, 0x00, 0x00, 0x00, 0x00,
  0x00, 0x00, 0x00, 0x00, 0x00, 0x02, 0x40, 0x00, 0x00, 0x00, 0x00, 0x00,
  0x00, 0x00, 0x00, 0x00, 0x00, 0x05, 0xA0, 0x00, 0x00, 0x01, 0x80, 0x00,
  0x70, 0x00, 0x00, 0x0E, 0x70, 0x03, 0xC0, 0x0E, 0x10, 0x03, 0xC0, 0x08,
  0x00, 0x07, 0xE0, 0x00, 0x00, 0x3F, 0xFC, 0x00, 0x00, 0x8F, 0xF1, 0x00,
  0x00, 0x07, 0xE0, 0x00, 0x00, 0x07, 0xE0, 0x00, 0x00, 0x0E, 0x70, 0x00,
  0x00, 0x04, 0x20, 0x00, 0x00, 0x44, 0x22, 0x00, 0x00, 0x00, 0x00, 0x00,
  0x00, 0x00, 0x00, 0x00, 0x00, 0x08, 0x10, 0x00, 0x00, 0x00, 0x00, 0x00,
  0x01, 0x40, 0x02, 0x80, 0x01, 0x80, 0x01, 0x80, 0x01, 0x00, 0x00, 0x80,
  0x00, 0x00, 0x00, 0x00, 0x00, 0x00, 0x00, 0x00,
};

const uint8_t bitmap_nfl_dal_layer_1[] PROGMEM = {
  0x00, 0x00, 0x00, 0x00, 0x00, 0x00, 0x00, 0x00, 0x00, 0x00, 0x00, 0x00,
  0x00, 0x00, 0x00, 0x00, 0x00, 0x00, 0x00, 0x00, 0x00, 0x02, 0x40, 0x00,
  0x00, 0x02, 0x40, 0x00, 0x00, 0x00, 0x00, 0x00, 0x00, 0x04, 0x20, 0x00,
  0x00, 0x04, 0x20, 0x00, 0x00, 0x00, 0x00, 0x00, 0x00, 0x08, 0x10, 0x00,
  0x0F, 0xF9, 0x9F, 0xF0, 0x00, 0x00, 0x00, 0x00, 0x00, 0x00, 0x00, 0x00,
  0x0C, 0x78, 0x1E, 0x30, 0x02, 0x00, 0x00, 0x40, 0x01, 0x00, 0x00, 0x80,
  0x00, 0x40, 0x02, 0x00, 0x00, 0x20, 0x04, 0x00, 0x00, 0x01, 0x80, 0x00,
  0x00, 0x4A, 0x52, 0x00, 0x00, 0x08, 0x10, 0x00, 0x00, 0x11, 0x88, 0x00,
  0x00, 0x82, 0x41, 0x00, 0x00, 0x84, 0x21, 0x00, 0x00, 0x10, 0x08, 0x00,
  0x00, 0x20, 0x04, 0x00, 0x00, 0x00, 0x00, 0x00, 0x00, 0x00, 0x00, 0x00,
  0x00, 0x00, 0x00, 0x00, 0x00, 0x00, 0x00, 0x00,
};

const uint8_t bitmap_nfl_dal_layer_2[] PROGMEM = {
  0x00, 0x00, 0x00, 0x00, 0x00, 0x00, 0x00, 0x00, 0x00, 0x00, 0x00, 0x00,
  0x00, 0x00, 0x00, 0x00, 0x00, 0x00, 0x00, 0x00, 0x00, 0x00, 0x00, 0x00,
  0x00, 0x01, 0x80, 0x00, 0x00, 0x00, 0x00, 0x00, 0x00, 0x01, 0x80, 0x00,
  0x00, 0x02, 0x40, 0x00, 0x00, 0x00, 0x00, 0x00, 0x00, 0x00, 0x00, 0x00,
  0x00, 0x06, 0x60, 0x00, 0x07, 0xF8, 0x1F, 0xE0, 0x01, 0x78, 0x1E, 0x80,
  0x02, 0x00, 0x00, 0x40, 0x00, 0x40, 0x02, 0x00, 0x00, 0x00, 0x00, 0x00,
  0x00, 0x00, 0x04, 0x00, 0x00, 0x00, 0x00, 0x00, 0x00, 0x00, 0x00, 0x00,
  0x00, 0x31, 0x8C, 0x00, 0x00, 0x00, 0x00, 0x00, 0x00, 0x0A, 0x50, 0x00,
  0x00, 0x70, 0x0E, 0x00, 0x00, 0x10, 0x08, 0x00, 0x00, 0x00, 0x00, 0x00,
  0x00, 0x00, 0x00, 0x00, 0x00, 0x00, 0x00, 0x00, 0x00, 0x00, 0x00, 0x00,
  0x00, 0x00, 0x00, 0x00, 0x00, 0x00, 0x00, 0x00,
};

const uint8_t bitmap_nfl_dal_layer_3[] PROGMEM = {
  0x00, 0x00, 0x00, 0x00, 0x00, 0x00, 0x00, 0x00, 0x00, 0x00, 0x00, 0x00,
  0x00, 0x00, 0x00, 0x00, 0x00, 0x00, 0x00, 0x00, 0x00, 0x00, 0x00, 0x00,
  0x00, 0x00, 0x00, 0x00, 0x00, 0x01, 0x80, 0x00, 0x00, 0x00, 0x00, 0x00,
  0x00, 0x00, 0x00, 0x00, 0x00, 0x02, 0x40, 0x00, 0x00, 0x02, 0x40, 0x00,
  0x00, 0x00, 0x00, 0x00, 0x00, 0x04, 0x20, 0x00, 0x06, 0x00, 0x00, 0x60,
  0x01, 0x00, 0x00, 0x80, 0x00, 0x80, 0x01, 0x00, 0x00, 0x60, 0x06, 0x00,
  0x00, 0x10, 0x08, 0x00, 0x00, 0x10, 0x08, 0x00, 0x00, 0x10, 0x08, 0x00,
  0x00, 0x00, 0x00, 0x00, 0x00, 0x23, 0xC4, 0x00, 0x00, 0x24, 0x24, 0x00,
  0x00, 0x08, 0x10, 0x00, 0x00, 0x60, 0x06, 0x00, 0x00, 0x40, 0x02, 0x00,
  0x00, 0x00, 0x00, 0x00, 0x00, 0x00, 0x00, 0x00, 0x00, 0x00, 0x00, 0x00,
  0x00, 0x00, 0x00, 0x00, 0x00, 0x00, 0x00, 0x00,
};

const uint8_t bitmap_nfl_dal_layer_4[] PROGMEM = {
  0x00, 0x00, 0x00, 0x00, 0x00, 0x00, 0x00, 0x00, 0x00, 0x00, 0x00, 0x00,
  0x00, 0x00, 0x00, 0x00, 0x00, 0x00, 0x00, 0x00, 0x00, 0x01, 0x80, 0x00,
  0x00, 0x00, 0x00, 0x00, 0x00, 0x00, 0x00, 0x00, 0x00, 0x02, 0x40, 0x00,
  0x00, 0x01, 0x80, 0x00, 0x00, 0x00, 0x00, 0x00, 0x00, 0x04, 0x20, 0x00,
  0x00, 0x00, 0x00, 0x00, 0x08, 0x00, 0x00, 0x10, 0x08, 0x84, 0x21, 0x10,
  0x00, 0x80, 0x01, 0x00, 0x01, 0x00, 0x00, 0x80, 0x00, 0x10, 0x08, 0x00,
  0x00, 0x28, 0x10, 0x00, 0x00, 0x08, 0x10, 0x00, 0x00, 0x20, 0x04, 0x00,
  0x00, 0x00, 0x00, 0x00, 0x00, 0x10, 0x08, 0x00, 0x00, 0x40, 0x02, 0x00,
  0x00, 0x04, 0x20, 0x00, 0x00, 0x00, 0x00, 0x00, 0x00, 0xA0, 0x05, 0x00,
  0x00, 0x80, 0x01, 0x00, 0x00, 0x00, 0x00, 0x00, 0x00, 0x00, 0x00, 0x00,
  0x00, 0x00, 0x00, 0x00, 0x00, 0x00, 0x00, 0x00,
};

const SportsLogoLayerDef layers_nfl_dal[] = {
  { bitmap_nfl_dal_layer_0, 3, 28, 66 },
  { bitmap_nfl_dal_layer_1, 0, 6, 42 },
  { bitmap_nfl_dal_layer_2, 122, 135, 156 },
  { bitmap_nfl_dal_layer_3, 203, 208, 216 },
  { bitmap_nfl_dal_layer_4, 59, 79, 109 },
};

const uint8_t bitmap_nfl_den_layer_0[] PROGMEM = {
  0x00, 0x00, 0x00, 0x00, 0x00, 0x00, 0x00, 0x00, 0x00, 0x00, 0x00, 0x00,
  0x00, 0x00, 0x00, 0x00, 0x00, 0x00, 0x00, 0x00, 0x00, 0x00, 0x00, 0x00,
  0x00, 0x00, 0x00, 0x00, 0x08, 0x3F, 0x00, 0x00, 0x0B, 0xC0, 0x80, 0x00,
  0x0E, 0x00, 0x40, 0x00, 0x07, 0x0E, 0x20, 0x00, 0x08, 0x06, 0x34, 0x00,
  0x5C, 0x40, 0x01, 0x00, 0x43, 0x00, 0x00, 0x40, 0x24, 0x00, 0x80, 0x20,
  0x30, 0x04, 0x00, 0x10, 0x10, 0x30, 0x10, 0x04, 0x06, 0xE0, 0x00, 0x02,
  0x00, 0x60, 0x00, 0x02, 0x00, 0x0A, 0x39, 0x90, 0x00, 0x04, 0x40, 0x4E,
  0x00, 0x02, 0x00, 0x28, 0x00, 0x01, 0x80, 0x00, 0x00, 0x01, 0x80, 0x00,
  0x00, 0x01, 0x80, 0x00, 0x00, 0x00, 0x00, 0x00, 0x00, 0x00, 0x00, 0x00,
  0x00, 0x00, 0x00, 0x00, 0x00, 0x00, 0x00, 0x00, 0x00, 0x00, 0x00, 0x00,
  0x00, 0x00, 0x00, 0x00, 0x00, 0x00, 0x00, 0x00,
};

const uint8_t bitmap_nfl_den_layer_1[] PROGMEM = {
  0x00, 0x00, 0x00, 0x00, 0x00, 0x00, 0x00, 0x00, 0x00, 0x00, 0x00, 0x00,
  0x00, 0x00, 0x00, 0x00, 0x00, 0x00, 0x00, 0x00, 0x00, 0x00, 0x00, 0x00,
  0x00, 0x00, 0x00, 0x00, 0x00, 0x00, 0x00, 0x00, 0x00, 0x00, 0x00, 0x00,
  0x00, 0x00, 0x00, 0x00, 0x00, 0x00, 0x00, 0x00, 0x00, 0x00, 0x00, 0x00,
  0x00, 0x07, 0xE8, 0x00, 0x00, 0x7F, 0xFE, 0x00, 0x01, 0xFE, 0x1E, 0x00,
  0x07, 0xE0, 0x0F, 0x00, 0x03, 0x83, 0xEF, 0xF0, 0x00, 0x0F, 0x67, 0xF8,
  0x00, 0x04, 0x60, 0x7C, 0x00, 0x01, 0x80, 0x00, 0x00, 0x01, 0x00, 0x00,
  0x00, 0x00, 0x00, 0x00, 0x00, 0x00, 0x00, 0x00, 0x00, 0x00, 0x00, 0x00,
  0x00, 0x00, 0x00, 0x00, 0x00, 0x00, 0x00, 0x00, 0x00, 0x00, 0x00, 0x00,
  0x00, 0x00, 0x00, 0x00, 0x00, 0x00, 0x00, 0x00, 0x00, 0x00, 0x00, 0x00,
  0x00, 0x00, 0x00, 0x00, 0x00, 0x00, 0x00, 0x00,
};

const uint8_t bitmap_nfl_den_layer_2[] PROGMEM = {
  0x00, 0x00, 0x00, 0x00, 0x00, 0x00, 0x00, 0x00, 0x00, 0x00, 0x00, 0x00,
  0x00, 0x00, 0x00, 0x00, 0x00, 0x00, 0x00, 0x00, 0x00, 0x00, 0x00, 0x00,
  0x00, 0x00, 0x00, 0x00, 0x00, 0x00, 0x00, 0x00, 0x00, 0x3F, 0x00, 0x00,
  0x01, 0xFF, 0x80, 0x00, 0x08, 0xF1, 0xC0, 0x00, 0x07, 0xF8, 0x00, 0x00,
  0x03, 0x80, 0x00, 0x00, 0x3C, 0x00, 0x00, 0x00, 0x18, 0x00, 0x00, 0x00,
  0x00, 0x00, 0x00, 0x00, 0x00, 0x00, 0x00, 0x00, 0x00, 0x00, 0x00, 0x00,
  0x00, 0x00, 0x00, 0x00, 0x00, 0x00, 0x00, 0x00, 0x00, 0x00, 0x00, 0x00,
  0x00, 0x00, 0x00, 0x00, 0x00, 0x00, 0x00, 0x00, 0x00, 0x00, 0x00, 0x00,
  0x00, 0x00, 0x00, 0x00, 0x00, 0x00, 0x00, 0x00, 0x00, 0x00, 0x00, 0x00,
  0x00, 0x00, 0x00, 0x00, 0x00, 0x00, 0x00, 0x00, 0x00, 0x00, 0x00, 0x00,
  0x00, 0x00, 0x00, 0x00, 0x00, 0x00, 0x00, 0x00,
};

const uint8_t bitmap_nfl_den_layer_3[] PROGMEM = {
  0x00, 0x00, 0x00, 0x00, 0x00, 0x00, 0x00, 0x00, 0x00, 0x00, 0x00, 0x00,
  0x00, 0x00, 0x00, 0x00, 0x00, 0x00, 0x00, 0x00, 0x00, 0x00, 0x00, 0x00,
  0x00, 0x00, 0x00, 0x00, 0x00, 0x00, 0x00, 0x00, 0x00, 0x00, 0x00, 0x00,
  0x00, 0x00, 0x00, 0x00, 0x00, 0x00, 0x00, 0x00, 0x00, 0x00, 0x00, 0x00,
  0x00, 0x18, 0x14, 0x00, 0x00, 0x80, 0x01, 0x00, 0x02, 0x01, 0x21, 0x80,
  0x00, 0x10, 0x80, 0xE0, 0x04, 0x44, 0x00, 0x00, 0x00, 0x10, 0x90, 0x00,
  0x00, 0x0A, 0x9A, 0x80, 0x00, 0x00, 0x40, 0x64, 0x00, 0x00, 0x80, 0x30,
  0x00, 0x01, 0x00, 0x00, 0x00, 0x00, 0x00, 0x00, 0x00, 0x00, 0x00, 0x00,
  0x00, 0x00, 0x00, 0x00, 0x00, 0x00, 0x00, 0x00, 0x00, 0x00, 0x00, 0x00,
  0x00, 0x00, 0x00, 0x00, 0x00, 0x00, 0x00, 0x00, 0x00, 0x00, 0x00, 0x00,
  0x00, 0x00, 0x00, 0x00, 0x00, 0x00, 0x00, 0x00,
};

const uint8_t bitmap_nfl_den_layer_4[] PROGMEM = {
  0x00, 0x00, 0x00, 0x00, 0x00, 0x00, 0x00, 0x00, 0x00, 0x00, 0x00, 0x00,
  0x00, 0x00, 0x00, 0x00, 0x00, 0x00, 0x00, 0x00, 0x00, 0x00, 0x00, 0x00,
  0x00, 0x00, 0x00, 0x00, 0x00, 0x00, 0x00, 0x00, 0x00, 0x00, 0x00, 0x00,
  0x00, 0x00, 0x00, 0x00, 0x00, 0x00, 0x00, 0x00, 0x00, 0x01, 0xC8, 0x00,
  0x00, 0x20, 0x02, 0x00, 0x00, 0x00, 0x00, 0x80, 0x00, 0x00, 0x40, 0x40,
  0x08, 0x0B, 0x70, 0x00, 0x08, 0x08, 0x00, 0x08, 0x01, 0x00, 0x08, 0x04,
  0x00, 0x11, 0x05, 0x00, 0x00, 0x04, 0x06, 0x0A, 0x00, 0x02, 0x00, 0x00,
  0x00, 0x00, 0x80, 0x10, 0x00, 0x00, 0x00, 0x00, 0x00, 0x00, 0x00, 0x00,
  0x00, 0x00, 0x00, 0x00, 0x00, 0x00, 0x00, 0x00, 0x00, 0x00, 0x00, 0x00,
  0x00, 0x00, 0x00, 0x00, 0x00, 0x00, 0x00, 0x00, 0x00, 0x00, 0x00, 0x00,
  0x00, 0x00, 0x00, 0x00, 0x00, 0x00, 0x00, 0x00,
};

const SportsLogoLayerDef layers_nfl_den[] = {
  { bitmap_nfl_den_layer_0, 39, 38, 62 },
  { bitmap_nfl_den_layer_1, 255, 255, 255 },
  { bitmap_nfl_den_layer_2, 203, 66, 14 },
  { bitmap_nfl_den_layer_3, 161, 169, 183 },
  { bitmap_nfl_den_layer_4, 84, 95, 118 },
};

const uint8_t bitmap_nfl_det_layer_0[] PROGMEM = {
  0x00, 0x00, 0x00, 0x00, 0x00, 0x00, 0x00, 0x00, 0x00, 0x00, 0x00, 0x00,
  0x00, 0x00, 0x00, 0x00, 0x00, 0x00, 0x00, 0x00, 0x00, 0x00, 0x00, 0x00,
  0x00, 0x00, 0x04, 0x00, 0x00, 0x00, 0x3F, 0x00, 0x00, 0x00, 0x7F, 0x00,
  0x00, 0x00, 0xE7, 0xE0, 0x00, 0x00, 0xC3, 0x80, 0x00, 0x01, 0x83, 0x80,
  0x00, 0x01, 0x10, 0x28, 0x00, 0x01, 0xFC, 0x60, 0x00, 0x03, 0xFF, 0xC0,
  0x00, 0x03, 0xFF, 0x80, 0x00, 0x0F, 0xE2, 0x20, 0x00, 0x1F, 0xC0, 0x30,
  0x00, 0x3C, 0xC0, 0x00, 0x00, 0x39, 0x80, 0x00, 0x00, 0x32, 0x00, 0x00,
  0x00, 0x32, 0x00, 0x00, 0x00, 0x40, 0x00, 0x00, 0x00, 0x00, 0x00, 0x00,
  0x00, 0x00, 0x00, 0x00, 0x00, 0x00, 0x00, 0x00, 0x00, 0x00, 0x00, 0x00,
  0x00, 0x00, 0x00, 0x00, 0x00, 0x00, 0x00, 0x00, 0x00, 0x00, 0x00, 0x00,
  0x00, 0x00, 0x00, 0x00, 0x00, 0x00, 0x00, 0x00,
};

const uint8_t bitmap_nfl_det_layer_1[] PROGMEM = {
  0x00, 0x00, 0x00, 0x00, 0x00, 0x00, 0x00, 0x00, 0x00, 0x00, 0x00, 0x00,
  0x00, 0x00, 0x00, 0x00, 0x00, 0x00, 0x0C, 0x00, 0x00, 0x00, 0x1B, 0x00,
  0x00, 0x00, 0x40, 0xC0, 0x00, 0x01, 0x80, 0x60, 0x00, 0x01, 0x00, 0x10,
  0x00, 0x03, 0x00, 0x08, 0x00, 0x02, 0x00, 0x00, 0x38, 0x04, 0x00, 0x3E,
  0x24, 0x04, 0x00, 0x82, 0x22, 0x04, 0x00, 0x02, 0x09, 0x08, 0x00, 0x1C,
  0x05, 0x18, 0x00, 0x30, 0x04, 0xE0, 0x00, 0x0C, 0x02, 0x00, 0x0D, 0x02,
  0x01, 0x00, 0x33, 0xE2, 0x00, 0x80, 0x20, 0x1C, 0x00, 0x80, 0xC0, 0x00,
  0x00, 0x88, 0x20, 0x00, 0x01, 0x08, 0x20, 0x00, 0x01, 0x27, 0xC0, 0x00,
  0x01, 0x20, 0x00, 0x00, 0x01, 0x20, 0x00, 0x00, 0x01, 0xE0, 0x00, 0x00,
  0x00, 0x00, 0x00, 0x00, 0x00, 0x00, 0x00, 0x00, 0x00, 0x00, 0x00, 0x00,
  0x00, 0x00, 0x00, 0x00, 0x00, 0x00, 0x00, 0x00,
};

const uint8_t bitmap_nfl_det_layer_2[] PROGMEM = {
  0x00, 0x00, 0x00, 0x00, 0x00, 0x00, 0x00, 0x00, 0x00, 0x00, 0x00, 0x00,
  0x00, 0x00, 0x00, 0x00, 0x00, 0x00, 0x00, 0x00, 0x00, 0x00, 0x00, 0x00,
  0x00, 0x00, 0x08, 0x00, 0x00, 0x00, 0x00, 0x00, 0x00, 0x00, 0x00, 0x00,
  0x00, 0x00, 0x00, 0x00, 0x00, 0x01, 0x18, 0x60, 0x00, 0x00, 0x20, 0x40,
  0x18, 0x00, 0xC2, 0x04, 0x08, 0x02, 0x00, 0x04, 0x00, 0x00, 0x00, 0x00,
  0x02, 0x00, 0x00, 0x40, 0x01, 0x10, 0x08, 0x80, 0x01, 0x80, 0x10, 0x84,
  0x00, 0x00, 0x00, 0x14, 0x00, 0x40, 0x40, 0x00, 0x00, 0x49, 0x00, 0x00,
  0x00, 0x05, 0x00, 0x00, 0x00, 0xA7, 0x00, 0x00, 0x00, 0x40, 0x00, 0x00,
  0x00, 0x80, 0x00, 0x00, 0x00, 0x80, 0x00, 0x00, 0x00, 0x00, 0x00, 0x00,
  0x00, 0x00, 0x00, 0x00, 0x00, 0x00, 0x00, 0x00, 0x00, 0x00, 0x00, 0x00,
  0x00, 0x00, 0x00, 0x00, 0x00, 0x00, 0x00, 0x00,
};

const uint8_t bitmap_nfl_det_layer_3[] PROGMEM = {
  0x00, 0x00, 0x00, 0x00, 0x00, 0x00, 0x00, 0x00, 0x00, 0x00, 0x00, 0x00,
  0x00, 0x00, 0x00, 0x00, 0x00, 0x00, 0x00, 0x00, 0x00, 0x00, 0x00, 0x00,
  0x00, 0x00, 0x02, 0x00, 0x00, 0x00, 0x00, 0x80, 0x00, 0x00, 0x80, 0xC0,
  0x00, 0x00, 0x18, 0x00, 0x00, 0x00, 0x24, 0x00, 0x00, 0x00, 0x5C, 0x00,
  0x00, 0x00, 0x2D, 0x50, 0x00, 0x00, 0x02, 0x98, 0x00, 0x00, 0x00, 0x00,
  0x00, 0x04, 0x00, 0x00, 0x00, 0x00, 0x15, 0x40, 0x00, 0x20, 0x20, 0x48,
  0x00, 0x43, 0x00, 0x08, 0x00, 0x02, 0x00, 0x00, 0x00, 0x00, 0x00, 0x00,
  0x00, 0x40, 0x00, 0x00, 0x00, 0x00, 0x80, 0x00, 0x00, 0x80, 0x00, 0x00,
  0x00, 0x00, 0x00, 0x00, 0x00, 0x40, 0x00, 0x00, 0x00, 0x00, 0x00, 0x00,
  0x00, 0x00, 0x00, 0x00, 0x00, 0x00, 0x00, 0x00, 0x00, 0x00, 0x00, 0x00,
  0x00, 0x00, 0x00, 0x00, 0x00, 0x00, 0x00, 0x00,
};

const uint8_t bitmap_nfl_det_layer_4[] PROGMEM = {
  0x00, 0x00, 0x00, 0x00, 0x00, 0x00, 0x00, 0x00, 0x00, 0x00, 0x00, 0x00,
  0x00, 0x00, 0x00, 0x00, 0x00, 0x00, 0x00, 0x00, 0x00, 0x00, 0x04, 0x00,
  0x00, 0x00, 0x31, 0x00, 0x00, 0x00, 0x40, 0x00, 0x00, 0x00, 0x00, 0x20,
  0x00, 0x00, 0x00, 0x10, 0x00, 0x00, 0x00, 0x10, 0x00, 0x02, 0x00, 0x00,
  0x40, 0x02, 0x00, 0x00, 0x14, 0x00, 0x01, 0x00, 0x06, 0x04, 0x00, 0x20,
  0x00, 0x00, 0x00, 0x00, 0x02, 0x00, 0x00, 0x10, 0x00, 0x40, 0x02, 0x00,
  0x00, 0x80, 0x00, 0x00, 0x00, 0x04, 0x00, 0x00, 0x00, 0x04, 0x00, 0x00,
  0x00, 0x00, 0xC0, 0x00, 0x00, 0x10, 0x40, 0x00, 0x00, 0x00, 0x00, 0x00,
  0x00, 0x40, 0x00, 0x00, 0x00, 0x00, 0x00, 0x00, 0x00, 0x00, 0x00, 0x00,
  0x00, 0x00, 0x00, 0x00, 0x00, 0x00, 0x00, 0x00, 0x00, 0x00, 0x00, 0x00,
  0x00, 0x00, 0x00, 0x00, 0x00, 0x00, 0x00, 0x00,
};

const SportsLogoLayerDef layers_nfl_det[] = {
  { bitmap_nfl_det_layer_0, 4, 117, 185 },
  { bitmap_nfl_det_layer_1, 211, 214, 217 },
  { bitmap_nfl_det_layer_2, 100, 173, 217 },
  { bitmap_nfl_det_layer_3, 45, 141, 200 },
  { bitmap_nfl_det_layer_4, 151, 196, 224 },
};

const uint8_t bitmap_nfl_gb_layer_0[] PROGMEM = {
  0x00, 0x00, 0x00, 0x00, 0x00, 0x00, 0x00, 0x00, 0x00, 0x00, 0x00, 0x00,
  0x00, 0x00, 0x00, 0x00, 0x00, 0x00, 0x00, 0x00, 0x00, 0x00, 0x00, 0x00,
  0x00, 0x00, 0x00, 0x00, 0x00, 0x00, 0x00, 0x00, 0x00, 0x0F, 0xF8, 0x00,
  0x00, 0x7F, 0xFF, 0x00, 0x01, 0xF8, 0x1F, 0x80, 0x07, 0xC0, 0x07, 0xE0,
  0x0F, 0x80, 0x03, 0xE0, 0x0F, 0x80, 0x00, 0x00, 0x1F, 0x00, 0x00, 0x00,
  0x1F, 0x03, 0xFF, 0xF8, 0x1F, 0x03, 0xFF, 0xF8, 0x0F, 0x80, 0x03, 0xF0,
  0x0F, 0xC0, 0x07, 0xF0, 0x07, 0xE0, 0x0F, 0xE0, 0x03, 0xFF, 0xFF, 0x80,
  0x00, 0xFF, 0xFE, 0x00, 0x00, 0x1F, 0xF0, 0x00, 0x00, 0x00, 0x00, 0x00,
  0x00, 0x00, 0x00, 0x00, 0x00, 0x00, 0x00, 0x00, 0x00, 0x00, 0x00, 0x00,
  0x00, 0x00, 0x00, 0x00, 0x00, 0x00, 0x00, 0x00, 0x00, 0x00, 0x00, 0x00,
  0x00, 0x00, 0x00, 0x00, 0x00, 0x00, 0x00, 0x00,
};

const uint8_t bitmap_nfl_gb_layer_1[] PROGMEM = {
  0x00, 0x00, 0x00, 0x00, 0x00, 0x00, 0x00, 0x00, 0x00, 0x00, 0x00, 0x00,
  0x00, 0x00, 0x00, 0x00, 0x00, 0x00, 0x00, 0x00, 0x00, 0x00, 0x00, 0x00,
  0x00, 0x00, 0x00, 0x00, 0x00, 0x3E, 0x7C, 0x00, 0x00, 0xC0, 0x03, 0x80,
  0x03, 0x00, 0x00, 0x40, 0x04, 0x00, 0x00, 0x30, 0x08, 0x1F, 0xF0, 0x18,
  0x10, 0x3F, 0xF8, 0x08, 0x20, 0x7F, 0xFF, 0xFC, 0x20, 0x7F, 0xFF, 0xFC,
  0x20, 0x78, 0x00, 0x04, 0x20, 0x78, 0x00, 0x04, 0x20, 0x7C, 0x08, 0x04,
  0x10, 0x3F, 0xF8, 0x08, 0x10, 0x07, 0xC0, 0x10, 0x0C, 0x00, 0x00, 0x20,
  0x06, 0x00, 0x00, 0x40, 0x01, 0xC0, 0x03, 0x00, 0x00, 0x3F, 0xFC, 0x00,
  0x00, 0x00, 0x00, 0x00, 0x00, 0x00, 0x00, 0x00, 0x00, 0x00, 0x00, 0x00,
  0x00, 0x00, 0x00, 0x00, 0x00, 0x00, 0x00, 0x00, 0x00, 0x00, 0x00, 0x00,
  0x00, 0x00, 0x00, 0x00, 0x00, 0x00, 0x00, 0x00,
};

const uint8_t bitmap_nfl_gb_layer_2[] PROGMEM = {
  0x00, 0x00, 0x00, 0x00, 0x00, 0x00, 0x00, 0x00, 0x00, 0x00, 0x00, 0x00,
  0x00, 0x00, 0x00, 0x00, 0x00, 0x00, 0x00, 0x00, 0x00, 0x00, 0x00, 0x00,
  0x00, 0x30, 0x0C, 0x00, 0x01, 0x80, 0x01, 0x80, 0x06, 0x10, 0x00, 0x20,
  0x08, 0x80, 0x00, 0x10, 0x10, 0x00, 0x20, 0x48, 0x20, 0x20, 0x00, 0x04,
  0x00, 0x00, 0x00, 0x12, 0x40, 0x00, 0x00, 0x02, 0x00, 0x00, 0x00, 0x00,
  0x00, 0x00, 0x00, 0x00, 0x00, 0x00, 0x00, 0x00, 0x40, 0x00, 0x00, 0x02,
  0x40, 0x00, 0x00, 0x00, 0x20, 0x10, 0x10, 0x04, 0x10, 0x00, 0x00, 0x48,
  0x08, 0x00, 0x01, 0x10, 0x04, 0x00, 0x08, 0x40, 0x01, 0x00, 0x01, 0x80,
  0x00, 0x70, 0x0C, 0x00, 0x00, 0x00, 0x00, 0x00, 0x00, 0x00, 0x00, 0x00,
  0x00, 0x00, 0x00, 0x00, 0x00, 0x00, 0x00, 0x00, 0x00, 0x00, 0x00, 0x00,
  0x00, 0x00, 0x00, 0x00, 0x00, 0x00, 0x00, 0x00,
};

const uint8_t bitmap_nfl_gb_layer_3[] PROGMEM = {
  0x00, 0x00, 0x00, 0x00, 0x00, 0x00, 0x00, 0x00, 0x00, 0x00, 0x00, 0x00,
  0x00, 0x00, 0x00, 0x00, 0x00, 0x00, 0x00, 0x00, 0x00, 0x00, 0x00, 0x00,
  0x00, 0x0F, 0xF0, 0x00, 0x00, 0x40, 0x02, 0x00, 0x01, 0x00, 0x00, 0x40,
  0x04, 0x00, 0x00, 0x20, 0x08, 0x00, 0x00, 0x00, 0x10, 0x00, 0x00, 0x00,
  0x20, 0x00, 0x00, 0x04, 0x00, 0x00, 0x00, 0x00, 0x40, 0x00, 0x00, 0x02,
  0x40, 0x00, 0x00, 0x02, 0x40, 0x00, 0x00, 0x02, 0x00, 0x00, 0x00, 0x00,
  0x20, 0x00, 0x00, 0x04, 0x00, 0x00, 0x00, 0x08, 0x00, 0x00, 0x00, 0x10,
  0x00, 0x00, 0x00, 0x20, 0x02, 0x00, 0x00, 0x80, 0x00, 0xC0, 0x02, 0x00,
  0x00, 0x0F, 0xF0, 0x00, 0x00, 0x00, 0x00, 0x00, 0x00, 0x00, 0x00, 0x00,
  0x00, 0x00, 0x00, 0x00, 0x00, 0x00, 0x00, 0x00, 0x00, 0x00, 0x00, 0x00,
  0x00, 0x00, 0x00, 0x00, 0x00, 0x00, 0x00, 0x00,
};

const uint8_t bitmap_nfl_gb_layer_4[] PROGMEM = {
  0x00, 0x00, 0x00, 0x00, 0x00, 0x00, 0x00, 0x00, 0x00, 0x00, 0x00, 0x00,
  0x00, 0x00, 0x00, 0x00, 0x00, 0x00, 0x00, 0x00, 0x00, 0x00, 0x00, 0x00,
  0x00, 0x00, 0x00, 0x00, 0x00, 0x01, 0x80, 0x00, 0x00, 0x20, 0x04, 0x00,
  0x00, 0x00, 0x00, 0x80, 0x02, 0x07, 0xC0, 0x00, 0x00, 0x00, 0x08, 0x00,
  0x00, 0x40, 0x04, 0x00, 0x10, 0x00, 0x00, 0x00, 0x00, 0x80, 0x00, 0x00,
  0x00, 0x84, 0x00, 0x00, 0x00, 0x84, 0x00, 0x00, 0x10, 0x03, 0xF4, 0x08,
  0x00, 0x00, 0x00, 0x00, 0x08, 0x08, 0x20, 0x00, 0x00, 0x00, 0x00, 0x00,
  0x01, 0x00, 0x00, 0x80, 0x00, 0x20, 0x04, 0x00, 0x00, 0x00, 0x00, 0x00,
  0x00, 0x00, 0x00, 0x00, 0x00, 0x00, 0x00, 0x00, 0x00, 0x00, 0x00, 0x00,
  0x00, 0x00, 0x00, 0x00, 0x00, 0x00, 0x00, 0x00, 0x00, 0x00, 0x00, 0x00,
  0x00, 0x00, 0x00, 0x00, 0x00, 0x00, 0x00, 0x00,
};

const SportsLogoLayerDef layers_nfl_gb[] = {
  { bitmap_nfl_gb_layer_0, 255, 255, 255 },
  { bitmap_nfl_gb_layer_1, 11, 53, 45 },
  { bitmap_nfl_gb_layer_2, 189, 168, 71 },
  { bitmap_nfl_gb_layer_3, 109, 107, 23 },
  { bitmap_nfl_gb_layer_4, 70, 106, 104 },
};

const uint8_t bitmap_nfl_hou_layer_0[] PROGMEM = {
  0x00, 0x00, 0x00, 0x00, 0x00, 0x00, 0x00, 0x00, 0x00, 0x00, 0x00, 0x00,
  0x03, 0xC0, 0x00, 0x00, 0x0F, 0x00, 0x00, 0x00, 0x1F, 0x00, 0x00, 0x00,
  0x1E, 0x00, 0x00, 0x00, 0x1F, 0x00, 0x00, 0x00, 0x1F, 0x80, 0x00, 0x00,
  0x1F, 0xC0, 0x00, 0x00, 0x0F, 0xE0, 0x00, 0x00, 0x0F, 0xF8, 0x00, 0x00,
  0x07, 0xFE, 0x00, 0x00, 0x01, 0xFF, 0xC0, 0x00, 0x01, 0xFF, 0xC0, 0x00,
  0x03, 0xC9, 0xE0, 0x00, 0x03, 0xE1, 0xE0, 0x00, 0x01, 0xF0, 0xE0, 0x00,
  0x00, 0xE0, 0x40, 0x00, 0x00, 0x7D, 0xC0, 0x00, 0x00, 0x7C, 0xC0, 0x00,
  0x00, 0x3F, 0x80, 0x00, 0x00, 0x3F, 0x80, 0x00, 0x00, 0x3F, 0x00, 0x00,
  0x00, 0x3E, 0x00, 0x00, 0x00, 0x7E, 0x00, 0x00, 0x00, 0x1C, 0x00, 0x00,
  0x00, 0x00, 0x00, 0x00, 0x00, 0x00, 0x00, 0x00, 0x00, 0x00, 0x00, 0x00,
  0x00, 0x00, 0x00, 0x00, 0x00, 0x00, 0x00, 0x00,
};

const uint8_t bitmap_nfl_hou_layer_1[] PROGMEM = {
  0x00, 0x00, 0x00, 0x00, 0x00, 0x00, 0x00, 0x00, 0x0E, 0x0C, 0x00, 0x00,
  0x10, 0x04, 0x00, 0x00, 0x20, 0x20, 0x00, 0x00, 0x40, 0x80, 0x00, 0x00,
  0x40, 0x80, 0x01, 0x80, 0x40, 0x40, 0x00, 0xE0, 0x40, 0x20, 0x00, 0x48,
  0x40, 0x18, 0x00, 0x24, 0x60, 0x06, 0x00, 0x22, 0x30, 0x01, 0x80, 0x42,
  0x18, 0x00, 0x7F, 0x00, 0x0C, 0x00, 0x18, 0x02, 0x0C, 0x00, 0x18, 0x02,
  0x18, 0x00, 0x18, 0x04, 0x18, 0x04, 0x18, 0x08, 0x0C, 0x0E, 0x18, 0x30,
  0x06, 0x0E, 0x18, 0x80, 0x03, 0x02, 0x11, 0x00, 0x01, 0x80, 0x31, 0x00,
  0x00, 0x80, 0x22, 0x00, 0x00, 0x80, 0x64, 0x00, 0x00, 0x80, 0x48, 0x00,
  0x00, 0x80, 0x90, 0x00, 0x03, 0x01, 0x20, 0x00, 0x01, 0x80, 0x60, 0x00,
  0x00, 0x62, 0x80, 0x00, 0x00, 0x1E, 0x00, 0x00, 0x00, 0x00, 0x00, 0x00,
  0x00, 0x00, 0x00, 0x00, 0x00, 0x00, 0x00, 0x00,
};

const uint8_t bitmap_nfl_hou_layer_2[] PROGMEM = {
  0x00, 0x00, 0x00, 0x00, 0x00, 0x00, 0x00, 0x00, 0x00, 0x00, 0x00, 0x00,
  0x00, 0x00, 0x00, 0x00, 0x00, 0x00, 0x00, 0x00, 0x00, 0x00, 0x00, 0x00,
  0x00, 0x00, 0x00, 0x00, 0x00, 0x00, 0x00, 0x00, 0x00, 0x00, 0x00, 0x20,
  0x00, 0x00, 0x00, 0x10, 0x00, 0x00, 0x00, 0x18, 0x00, 0x00, 0x00, 0x1C,
  0x00, 0x00, 0x00, 0x7C, 0x00, 0x00, 0x03, 0xFC, 0x00, 0x00, 0x07, 0xFC,
  0x00, 0x00, 0x07, 0xF8, 0x00, 0x00, 0x07, 0xE0, 0x00, 0x00, 0x07, 0x00,
  0x00, 0x00, 0x07, 0x00, 0x00, 0x00, 0x06, 0x00, 0x00, 0x00, 0x0C, 0x00,
  0x00, 0x00, 0x08, 0x00, 0x00, 0x00, 0x18, 0x00, 0x00, 0x00, 0x30, 0x00,
  0x00, 0x00, 0x60, 0x00, 0x00, 0x00, 0xC0, 0x00, 0x00, 0x00, 0x80, 0x00,
  0x00, 0x00, 0x00, 0x00, 0x00, 0x00, 0x00, 0x00, 0x00, 0x00, 0x00, 0x00,
  0x00, 0x00, 0x00, 0x00, 0x00, 0x00, 0x00, 0x00,
};

const uint8_t bitmap_nfl_hou_layer_3[] PROGMEM = {
  0x00, 0x00, 0x00, 0x00, 0x00, 0x00, 0x00, 0x00, 0x01, 0xF0, 0x00, 0x00,
  0x08, 0x18, 0x00, 0x00, 0x10, 0x40, 0x00, 0x00, 0x20, 0x00, 0x00, 0x00,
  0x00, 0x00, 0x00, 0x00, 0x00, 0x80, 0x00, 0x00, 0x00, 0x40, 0x00, 0x10,
  0x20, 0x20, 0x00, 0x08, 0x00, 0x08, 0x00, 0x04, 0x00, 0x02, 0x00, 0x20,
  0x00, 0x00, 0x80, 0x82, 0x00, 0x00, 0x24, 0x00, 0x02, 0x00, 0x00, 0x00,
  0x00, 0x04, 0x00, 0x00, 0x00, 0x18, 0x00, 0x10, 0x00, 0x00, 0x00, 0xC0,
  0x01, 0x01, 0x00, 0x00, 0x00, 0x00, 0x28, 0x00, 0x00, 0x00, 0x02, 0x00,
  0x00, 0x00, 0x14, 0x00, 0x00, 0x40, 0x00, 0x00, 0x00, 0x40, 0x00, 0x00,
  0x00, 0x00, 0x00, 0x00, 0x00, 0x80, 0x00, 0x00, 0x00, 0x43, 0x00, 0x00,
  0x00, 0x15, 0x00, 0x00, 0x00, 0x00, 0x00, 0x00, 0x00, 0x00, 0x00, 0x00,
  0x00, 0x00, 0x00, 0x00, 0x00, 0x00, 0x00, 0x00,
};

const uint8_t bitmap_nfl_hou_layer_4[] PROGMEM = {
  0x00, 0x00, 0x00, 0x00, 0x00, 0x00, 0x00, 0x00, 0x00, 0x00, 0x00, 0x00,
  0x04, 0x20, 0x00, 0x00, 0x00, 0x80, 0x00, 0x00, 0x00, 0x00, 0x00, 0x00,
  0x21, 0x00, 0x00, 0x00, 0x20, 0x00, 0x00, 0x00, 0x20, 0x00, 0x00, 0x00,
  0x00, 0x00, 0x00, 0x00, 0x10, 0x10, 0x00, 0x00, 0x00, 0x04, 0x00, 0x00,
  0x00, 0x01, 0x00, 0x00, 0x02, 0x00, 0x00, 0x00, 0x00, 0x00, 0x20, 0x00,
  0x04, 0x32, 0x00, 0x00, 0x04, 0x02, 0x00, 0x00, 0x02, 0x01, 0x00, 0x00,
  0x00, 0x10, 0xA0, 0x00, 0x00, 0x80, 0x00, 0x00, 0x00, 0x03, 0x00, 0x00,
  0x00, 0x40, 0x40, 0x00, 0x00, 0x00, 0x00, 0x00, 0x00, 0x00, 0x80, 0x00,
  0x00, 0x41, 0x00, 0x00, 0x00, 0x00, 0x00, 0x00, 0x00, 0x20, 0x00, 0x00,
  0x00, 0x08, 0x00, 0x00, 0x00, 0x00, 0x00, 0x00, 0x00, 0x00, 0x00, 0x00,
  0x00, 0x00, 0x00, 0x00, 0x00, 0x00, 0x00, 0x00,
};

const SportsLogoLayerDef layers_nfl_hou[] = {
  { bitmap_nfl_hou_layer_0, 0, 0, 0 },
  { bitmap_nfl_hou_layer_1, 255, 255, 255 },
  { bitmap_nfl_hou_layer_2, 255, 20, 46 },
  { bitmap_nfl_hou_layer_3, 188, 148, 155 },
  { bitmap_nfl_hou_layer_4, 67, 71, 77 },
};

const uint8_t bitmap_nfl_ind_layer_0[] PROGMEM = {
  0x00, 0x00, 0x00, 0x00, 0x00, 0x00, 0x00, 0x00, 0x03, 0x80, 0x01, 0xC0,
  0x03, 0xE0, 0x07, 0xC0, 0x00, 0xE0, 0x07, 0x00, 0x00, 0x00, 0x00, 0x00,
  0x01, 0x40, 0x02, 0x80, 0x03, 0xC0, 0x03, 0xC0, 0x03, 0x80, 0x01, 0xC0,
  0x07, 0x00, 0x00, 0xE0, 0x07, 0x00, 0x00, 0xE0, 0x0E, 0x00, 0x00, 0x70,
  0x0E, 0x00, 0x00, 0x70, 0x0E, 0x00, 0x00, 0x70, 0x0C, 0x00, 0x00, 0x30,
  0x10, 0x00, 0x00, 0x08, 0x1C, 0x00, 0x00, 0x38, 0x1C, 0x00, 0x00, 0x38,
  0x1C, 0x00, 0x00, 0x38, 0x0E, 0x00, 0x00, 0x70, 0x0E, 0x00, 0x00, 0x70,
  0x0F, 0x00, 0x00, 0xF0, 0x07, 0x80, 0x01, 0xE0, 0x04, 0xC0, 0x03, 0x20,
  0x03, 0xE0, 0x07, 0xC0, 0x01, 0xF8, 0x1F, 0x80, 0x00, 0xFF, 0xFF, 0x00,
  0x00, 0x7E, 0x7E, 0x00, 0x00, 0x1E, 0x78, 0x00, 0x00, 0x03, 0xC0, 0x00,
  0x00, 0x00, 0x00, 0x00, 0x00, 0x00, 0x00, 0x00,
};

const uint8_t bitmap_nfl_ind_layer_1[] PROGMEM = {
  0x00, 0x00, 0x00, 0x00, 0x04, 0x60, 0x06, 0x20, 0x00, 0x10, 0x08, 0x00,
  0x08, 0x10, 0x08, 0x10, 0x08, 0x00, 0x00, 0x10, 0x06, 0x10, 0x08, 0x60,
  0x04, 0x10, 0x08, 0x20, 0x00, 0x20, 0x04, 0x00, 0x08, 0x20, 0x04, 0x10,
  0x00, 0x40, 0x02, 0x00, 0x10, 0x40, 0x02, 0x08, 0x00, 0x80, 0x01, 0x00,
  0x20, 0x80, 0x01, 0x04, 0x20, 0x00, 0x00, 0x04, 0x21, 0x00, 0x00, 0x84,
  0x01, 0x00, 0x00, 0x80, 0x01, 0x00, 0x00, 0x80, 0x01, 0x00, 0x00, 0x80,
  0x21, 0x00, 0x00, 0x84, 0x20, 0x80, 0x01, 0x04, 0x20, 0x80, 0x01, 0x04,
  0x00, 0x40, 0x02, 0x00, 0x10, 0x20, 0x04, 0x08, 0x10, 0x10, 0x08, 0x08,
  0x08, 0x07, 0xE0, 0x10, 0x04, 0x00, 0x00, 0x20, 0x06, 0x00, 0x00, 0x60,
  0x03, 0x00, 0x00, 0xC0, 0x00, 0x80, 0x01, 0x00, 0x00, 0x60, 0x06, 0x00,
  0x00, 0x1C, 0x38, 0x00, 0x00, 0x00, 0x00, 0x00,
};

const uint8_t bitmap_nfl_ind_layer_2[] PROGMEM = {
  0x00, 0x00, 0x00, 0x00, 0x03, 0x80, 0x01, 0xC0, 0x04, 0x20, 0x04, 0x20,
  0x04, 0x00, 0x00, 0x20, 0x04, 0x10, 0x08, 0x20, 0x00, 0x00, 0x00, 0x00,
  0x02, 0x00, 0x00, 0x40, 0x04, 0x00, 0x00, 0x20, 0x00, 0x40, 0x02, 0x00,
  0x08, 0x00, 0x00, 0x10, 0x00, 0x80, 0x01, 0x00, 0x10, 0x00, 0x00, 0x08,
  0x11, 0x00, 0x00, 0x88, 0x01, 0x00, 0x00, 0x80, 0x00, 0x00, 0x00, 0x00,
  0x20, 0x00, 0x00, 0x04, 0x20, 0x00, 0x00, 0x04, 0x20, 0x00, 0x00, 0x04,
  0x00, 0x00, 0x00, 0x00, 0x01, 0x00, 0x00, 0x80, 0x00, 0x00, 0x00, 0x00,
  0x10, 0x80, 0x01, 0x08, 0x00, 0x40, 0x02, 0x00, 0x08, 0x20, 0x04, 0x10,
  0x00, 0x08, 0x10, 0x00, 0x00, 0x00, 0x00, 0x00, 0x00, 0x00, 0x00, 0x00,
  0x00, 0x00, 0x00, 0x00, 0x00, 0x40, 0x02, 0x00, 0x00, 0x10, 0x08, 0x00,
  0x00, 0x03, 0xC0, 0x00, 0x00, 0x00, 0x00, 0x00,
};

const uint8_t bitmap_nfl_ind_layer_3[] PROGMEM = {
  0x00, 0x00, 0x00, 0x00, 0x00, 0x00, 0x00, 0x00, 0x00, 0x40, 0x02, 0x00,
  0x00, 0x00, 0x00, 0x00, 0x03, 0x00, 0x00, 0xC0, 0x01, 0xE0, 0x07, 0x80,
  0x00, 0x80, 0x01, 0x00, 0x00, 0x00, 0x00, 0x00, 0x00, 0x00, 0x00, 0x00,
  0x00, 0x00, 0x00, 0x00, 0x00, 0x00, 0x00, 0x00, 0x01, 0x00, 0x00, 0x80,
  0x00, 0x00, 0x00, 0x00, 0x00, 0x00, 0x00, 0x00, 0x12, 0x00, 0x00, 0x48,
  0x04, 0x00, 0x00, 0x20, 0x00, 0x00, 0x00, 0x00, 0x00, 0x00, 0x00, 0x00,
  0x02, 0x00, 0x00, 0x40, 0x10, 0x00, 0x00, 0x08, 0x01, 0x00, 0x00, 0x80,
  0x00, 0x00, 0x00, 0x00, 0x08, 0x00, 0x00, 0x10, 0x01, 0x00, 0x00, 0x80,
  0x00, 0x00, 0x00, 0x00, 0x02, 0x04, 0x20, 0x40, 0x01, 0x00, 0x00, 0x80,
  0x00, 0x00, 0x00, 0x00, 0x00, 0x21, 0x84, 0x00, 0x00, 0x04, 0x20, 0x00,
  0x00, 0x00, 0x00, 0x00, 0x00, 0x00, 0x00, 0x00,
};

const uint8_t bitmap_nfl_ind_layer_4[] PROGMEM = {
  0x00, 0x00, 0x00, 0x00, 0x00, 0x00, 0x00, 0x00, 0x00, 0x00, 0x00, 0x00,
  0x00, 0x00, 0x00, 0x00, 0x00, 0x00, 0x00, 0x00, 0x00, 0x00, 0x00, 0x00,
  0x00, 0x20, 0x04, 0x00, 0x00, 0x00, 0x00, 0x00, 0x04, 0x00, 0x00, 0x20,
  0x00, 0x80, 0x01, 0x00, 0x08, 0x00, 0x00, 0x10, 0x00, 0x00, 0x00, 0x00,
  0x00, 0x00, 0x00, 0x00, 0x10, 0x00, 0x00, 0x08, 0x00, 0x00, 0x00, 0x00,
  0x0A, 0x00, 0x00, 0x50, 0x02, 0x00, 0x00, 0x40, 0x02, 0x00, 0x00, 0x40,
  0x00, 0x00, 0x00, 0x00, 0x00, 0x00, 0x00, 0x00, 0x10, 0x00, 0x00, 0x08,
  0x00, 0x00, 0x00, 0x00, 0x00, 0x00, 0x00, 0x00, 0x02, 0x00, 0x00, 0x40,
  0x04, 0x10, 0x08, 0x20, 0x00, 0x03, 0xC0, 0x00, 0x00, 0x00, 0x00, 0x00,
  0x00, 0x81, 0x81, 0x00, 0x00, 0x00, 0x00, 0x00, 0x00, 0x08, 0x10, 0x00,
  0x00, 0x00, 0x00, 0x00, 0x00, 0x00, 0x00, 0x00,
};

const SportsLogoLayerDef layers_nfl_ind[] = {
  { bitmap_nfl_ind_layer_0, 2, 43, 103 },
  { bitmap_nfl_ind_layer_1, 255, 255, 255 },
  { bitmap_nfl_ind_layer_2, 159, 176, 200 },
  { bitmap_nfl_ind_layer_3, 29, 69, 124 },
  { bitmap_nfl_ind_layer_4, 67, 102, 150 },
};

const uint8_t bitmap_nfl_jax_layer_0[] PROGMEM = {
  0x00, 0x00, 0x00, 0x00, 0x00, 0x00, 0x00, 0x00, 0x00, 0x00, 0x00, 0x00,
  0x00, 0x00, 0x00, 0x00, 0x00, 0x00, 0x00, 0x00, 0x00, 0x00, 0x00, 0x00,
  0x00, 0x3F, 0xFC, 0x00, 0x03, 0xED, 0xBF, 0x00, 0x03, 0xFF, 0xEF, 0xC0,
  0x00, 0x92, 0x0F, 0xE0, 0x00, 0x9F, 0x06, 0xE0, 0x01, 0x6F, 0x86, 0xF0,
  0x06, 0xED, 0xFF, 0xF8, 0x00, 0xA0, 0x1F, 0x38, 0x01, 0x00, 0x01, 0x00,
  0x00, 0x00, 0x00, 0x00, 0x00, 0x00, 0x00, 0x00, 0x00, 0x00, 0x00, 0x00,
  0x00, 0x00, 0x00, 0x00, 0x00, 0x00, 0x00, 0x00, 0x00, 0x00, 0x00, 0x00,
  0x00, 0x00, 0x00, 0x00, 0x00, 0x00, 0x00, 0x00, 0x00, 0x00, 0x00, 0x00,
  0x00, 0x00, 0x00, 0x00, 0x00, 0x00, 0x00, 0x00, 0x00, 0x00, 0x00, 0x00,
  0x00, 0x00, 0x00, 0x00, 0x00, 0x00, 0x00, 0x00, 0x00, 0x00, 0x00, 0x00,
  0x00, 0x00, 0x00, 0x00, 0x00, 0x00, 0x00, 0x00,
};

const uint8_t bitmap_nfl_jax_layer_1[] PROGMEM = {
  0x00, 0x00, 0x00, 0x00, 0x00, 0x00, 0x00, 0x00, 0x00, 0x00, 0x00, 0x00,
  0x00, 0x00, 0x00, 0x00, 0x00, 0x00, 0x00, 0x00, 0x00, 0x3C, 0xE4, 0x00,
  0x07, 0x80, 0x01, 0x00, 0x60, 0x10, 0x00, 0xC0, 0x40, 0x00, 0x00, 0x30,
  0x42, 0x09, 0x00, 0x08, 0x20, 0x20, 0x20, 0x18, 0x10, 0x90, 0x08, 0x08,
  0x08, 0x10, 0x00, 0x04, 0x09, 0x40, 0x00, 0x04, 0x0C, 0x00, 0x80, 0x10,
  0x0C, 0x01, 0xF0, 0x00, 0x04, 0x81, 0x10, 0x02, 0x02, 0x01, 0x8C, 0x08,
  0x01, 0x09, 0x8C, 0x40, 0x00, 0xC1, 0x8C, 0x20, 0x00, 0x18, 0x8F, 0x80,
  0x00, 0x0C, 0x82, 0x00, 0x00, 0x04, 0x60, 0x80, 0x00, 0x02, 0x20, 0x80,
  0x00, 0x03, 0x01, 0x00, 0x00, 0x01, 0x82, 0x00, 0x00, 0x00, 0x7C, 0x00,
  0x00, 0x00, 0x00, 0x00, 0x00, 0x00, 0x00, 0x00, 0x00, 0x00, 0x00, 0x00,
  0x00, 0x00, 0x00, 0x00, 0x00, 0x00, 0x00, 0x00,
};

const uint8_t bitmap_nfl_jax_layer_2[] PROGMEM = {
  0x00, 0x00, 0x00, 0x00, 0x00, 0x00, 0x00, 0x00, 0x00, 0x00, 0x00, 0x00,
  0x00, 0x00, 0x00, 0x00, 0x00, 0x00, 0x00, 0x00, 0x00, 0x03, 0x18, 0x00,
  0x00, 0x40, 0x02, 0x00, 0x10, 0x02, 0x40, 0x00, 0x0C, 0x00, 0x10, 0x00,
  0x25, 0x64, 0x00, 0x10, 0x10, 0x40, 0x59, 0x00, 0x0C, 0x00, 0x11, 0x00,
  0x01, 0x00, 0x00, 0x00, 0x06, 0x00, 0x00, 0xC2, 0x02, 0x61, 0x42, 0x2A,
  0x02, 0x18, 0x00, 0x02, 0x02, 0x42, 0xE8, 0x64, 0x01, 0x32, 0x72, 0xC0,
  0x00, 0x80, 0x70, 0xB0, 0x00, 0x20, 0x72, 0x00, 0x00, 0x01, 0x70, 0x00,
  0x00, 0x00, 0x74, 0x00, 0x00, 0x02, 0x15, 0x00, 0x00, 0x00, 0x11, 0x00,
  0x00, 0x00, 0x00, 0x00, 0x00, 0x00, 0x44, 0x00, 0x00, 0x00, 0x00, 0x00,
  0x00, 0x00, 0x00, 0x00, 0x00, 0x00, 0x00, 0x00, 0x00, 0x00, 0x00, 0x00,
  0x00, 0x00, 0x00, 0x00, 0x00, 0x00, 0x00, 0x00,
};

const uint8_t bitmap_nfl_jax_layer_3[] PROGMEM = {
  0x00, 0x00, 0x00, 0x00, 0x00, 0x00, 0x00, 0x00, 0x00, 0x00, 0x00, 0x00,
  0x00, 0x00, 0x00, 0x00, 0x00, 0x00, 0x00, 0x00, 0x00, 0x00, 0x00, 0x00,
  0x00, 0x00, 0x00, 0x00, 0x0C, 0x00, 0x00, 0x00, 0x10, 0x00, 0x00, 0x00,
  0x00, 0x00, 0xF0, 0x00, 0x03, 0x00, 0x80, 0x00, 0x02, 0x00, 0x20, 0x00,
  0x00, 0x02, 0x00, 0x00, 0x00, 0x00, 0x60, 0x00, 0x00, 0x80, 0x3C, 0x44,
  0x01, 0x82, 0x0C, 0x30, 0x01, 0x18, 0x04, 0x98, 0x00, 0x88, 0x01, 0x20,
  0x00, 0x72, 0x03, 0x00, 0x00, 0x10, 0x00, 0x00, 0x00, 0x00, 0x00, 0x00,
  0x00, 0x00, 0x09, 0x00, 0x00, 0x00, 0x82, 0x00, 0x00, 0x01, 0x4C, 0x00,
  0x00, 0x00, 0x80, 0x00, 0x00, 0x00, 0x20, 0x00, 0x00, 0x00, 0x00, 0x00,
  0x00, 0x00, 0x00, 0x00, 0x00, 0x00, 0x00, 0x00, 0x00, 0x00, 0x00, 0x00,
  0x00, 0x00, 0x00, 0x00, 0x00, 0x00, 0x00, 0x00,
};

const uint8_t bitmap_nfl_jax_layer_4[] PROGMEM = {
  0x00, 0x00, 0x00, 0x00, 0x00, 0x00, 0x00, 0x00, 0x00, 0x00, 0x00, 0x00,
  0x00, 0x00, 0x00, 0x00, 0x00, 0x00, 0x00, 0x00, 0x00, 0x00, 0x00, 0x00,
  0x00, 0x00, 0x00, 0x00, 0x00, 0x00, 0x00, 0x00, 0x20, 0x00, 0x00, 0x00,
  0x18, 0x00, 0x00, 0x00, 0x0C, 0x00, 0x00, 0x00, 0x00, 0x00, 0x40, 0x00,
  0x00, 0x00, 0x00, 0x00, 0x00, 0x1F, 0x80, 0x00, 0x00, 0x1E, 0x00, 0x80,
  0x00, 0x64, 0x03, 0xCC, 0x00, 0x24, 0x03, 0x00, 0x00, 0x44, 0x00, 0x10,
  0x00, 0x04, 0x00, 0x00, 0x00, 0x0E, 0x00, 0x00, 0x00, 0x06, 0x00, 0x00,
  0x00, 0x03, 0x00, 0x00, 0x00, 0x01, 0x08, 0x00, 0x00, 0x00, 0x82, 0x00,
  0x00, 0x00, 0x7E, 0x00, 0x00, 0x00, 0x18, 0x00, 0x00, 0x00, 0x00, 0x00,
  0x00, 0x00, 0x00, 0x00, 0x00, 0x00, 0x00, 0x00, 0x00, 0x00, 0x00, 0x00,
  0x00, 0x00, 0x00, 0x00, 0x00, 0x00, 0x00, 0x00,
};

const SportsLogoLayerDef layers_nfl_jax[] = {
  { bitmap_nfl_jax_layer_0, 174, 123, 18 },
  { bitmap_nfl_jax_layer_1, 0, 0, 0 },
  { bitmap_nfl_jax_layer_2, 66, 77, 65 },
  { bitmap_nfl_jax_layer_3, 153, 148, 139 },
  { bitmap_nfl_jax_layer_4, 230, 228, 225 },
};

const uint8_t bitmap_nfl_kc_layer_0[] PROGMEM = {
  0x00, 0x00, 0x00, 0x00, 0x00, 0x00, 0x00, 0x00, 0x00, 0x00, 0x00, 0x00,
  0x00, 0x00, 0x00, 0x00, 0x00, 0x00, 0x00, 0x00, 0x00, 0x00, 0x00, 0x00,
  0x00, 0x0E, 0x00, 0x00, 0x04, 0x00, 0xC0, 0x00, 0x00, 0xF0, 0x18, 0x00,
  0x00, 0xFF, 0x02, 0x00, 0x00, 0x8F, 0x40, 0x80, 0x40, 0x06, 0x1C, 0x20,
  0x0F, 0x08, 0x1F, 0x10, 0x0F, 0x00, 0x00, 0x88, 0x4F, 0x00, 0x00, 0xE0,
  0x1F, 0x00, 0x18, 0xF0, 0x1F, 0x00, 0x0C, 0xF0, 0x1F, 0x00, 0x0C, 0xE0,
  0x1F, 0xF0, 0x70, 0xC8, 0x5F, 0xF8, 0x01, 0x10, 0x41, 0xFC, 0x00, 0x60,
  0x40, 0xFF, 0xE0, 0x80, 0x24, 0xFF, 0x04, 0x00, 0x01, 0xF0, 0x18, 0x00,
  0x00, 0x00, 0x80, 0x00, 0x04, 0x08, 0x00, 0x00, 0x00, 0x00, 0x00, 0x00,
  0x00, 0x00, 0x00, 0x00, 0x00, 0x00, 0x00, 0x00, 0x00, 0x00, 0x00, 0x00,
  0x00, 0x00, 0x00, 0x00, 0x00, 0x00, 0x00, 0x00,
};

const uint8_t bitmap_nfl_kc_layer_1[] PROGMEM = {
  0x00, 0x00, 0x00, 0x00, 0x00, 0x00, 0x00, 0x00, 0x00, 0x00, 0x00, 0x00,
  0x00, 0x00, 0x00, 0x00, 0x00, 0x00, 0x00, 0x00, 0x00, 0x00, 0x00, 0x00,
  0x00, 0x00, 0x00, 0x00, 0x03, 0xFE, 0x00, 0x00, 0x02, 0x01, 0xC0, 0x00,
  0x01, 0x00, 0x38, 0x00, 0x01, 0x00, 0x06, 0x00, 0x1E, 0x81, 0x01, 0x80,
  0x00, 0x00, 0x00, 0x60, 0x00, 0x00, 0x80, 0x30, 0x20, 0x04, 0x00, 0x08,
  0x20, 0x04, 0x04, 0x04, 0x20, 0x89, 0x00, 0x04, 0x20, 0xF9, 0xE0, 0x18,
  0x20, 0x00, 0x00, 0x20, 0x20, 0x04, 0x00, 0x40, 0x3E, 0x01, 0x01, 0x00,
  0x02, 0x00, 0x06, 0x00, 0x02, 0x00, 0x38, 0x00, 0x02, 0x01, 0x80, 0x00,
  0x03, 0xFC, 0x00, 0x00, 0x00, 0x00, 0x00, 0x00, 0x00, 0x00, 0x00, 0x00,
  0x00, 0x00, 0x00, 0x00, 0x00, 0x00, 0x00, 0x00, 0x00, 0x00, 0x00, 0x00,
  0x00, 0x00, 0x00, 0x00, 0x00, 0x00, 0x00, 0x00,
};

const uint8_t bitmap_nfl_kc_layer_2[] PROGMEM = {
  0x00, 0x00, 0x00, 0x00, 0x00, 0x00, 0x00, 0x00, 0x00, 0x00, 0x00, 0x00,
  0x00, 0x00, 0x00, 0x00, 0x00, 0x00, 0x00, 0x00, 0x00, 0x00, 0x00, 0x00,
  0x00, 0x00, 0x00, 0x00, 0x00, 0x00, 0x00, 0x00, 0x00, 0x00, 0x00, 0x00,
  0x00, 0x00, 0x00, 0x00, 0x00, 0x00, 0x00, 0x00, 0x00, 0x70, 0xE0, 0x00,
  0x00, 0x73, 0x80, 0x00, 0x00, 0x77, 0x78, 0x00, 0x00, 0x7B, 0xCE, 0x00,
  0x00, 0x73, 0xC2, 0x00, 0x00, 0x76, 0xE0, 0x00, 0x00, 0x06, 0x00, 0x00,
  0x00, 0x06, 0x06, 0x00, 0x00, 0x03, 0xFC, 0x00, 0x00, 0x00, 0xF0, 0x00,
  0x00, 0x00, 0x00, 0x00, 0x00, 0x00, 0x00, 0x00, 0x00, 0x00, 0x00, 0x00,
  0x00, 0x00, 0x00, 0x00, 0x00, 0x00, 0x00, 0x00, 0x00, 0x00, 0x00, 0x00,
  0x00, 0x00, 0x00, 0x00, 0x00, 0x00, 0x00, 0x00, 0x00, 0x00, 0x00, 0x00,
  0x00, 0x00, 0x00, 0x00, 0x00, 0x00, 0x00, 0x00,
};

const uint8_t bitmap_nfl_kc_layer_3[] PROGMEM = {
  0x00, 0x00, 0x00, 0x00, 0x00, 0x00, 0x00, 0x00, 0x00, 0x00, 0x00, 0x00,
  0x00, 0x00, 0x00, 0x00, 0x00, 0x00, 0x00, 0x00, 0x00, 0x00, 0x00, 0x00,
  0x02, 0xF0, 0x00, 0x00, 0x00, 0x01, 0x00, 0x00, 0x01, 0x00, 0x00, 0x00,
  0x00, 0x00, 0x80, 0x00, 0x32, 0x70, 0xB0, 0x00, 0x01, 0x08, 0x00, 0x40,
  0x00, 0x04, 0x20, 0x80, 0x00, 0x80, 0x00, 0x40, 0x10, 0x80, 0x00, 0x04,
  0x00, 0x80, 0x00, 0x0A, 0x00, 0x00, 0x11, 0x0A, 0x00, 0x00, 0x11, 0x04,
  0x40, 0x08, 0x89, 0x00, 0x00, 0x00, 0x02, 0x00, 0x00, 0x00, 0x00, 0x00,
  0x05, 0x00, 0x11, 0x00, 0x01, 0x00, 0x80, 0x00, 0x04, 0x08, 0x00, 0x00,
  0x04, 0x01, 0x00, 0x00, 0x02, 0xF0, 0x00, 0x00, 0x00, 0x00, 0x00, 0x00,
  0x00, 0x00, 0x00, 0x00, 0x00, 0x00, 0x00, 0x00, 0x00, 0x00, 0x00, 0x00,
  0x00, 0x00, 0x00, 0x00, 0x00, 0x00, 0x00, 0x00,
};

const uint8_t bitmap_nfl_kc_layer_4[] PROGMEM = {
  0x00, 0x00, 0x00, 0x00, 0x00, 0x00, 0x00, 0x00, 0x00, 0x00, 0x00, 0x00,
  0x00, 0x00, 0x00, 0x00, 0x00, 0x00, 0x00, 0x00, 0x00, 0x00, 0x00, 0x00,
  0x01, 0x00, 0x00, 0x00, 0x00, 0x00, 0x00, 0x00, 0x00, 0x0E, 0x20, 0x00,
  0x02, 0x00, 0x44, 0x00, 0x0C, 0x00, 0x09, 0x00, 0x20, 0x00, 0x02, 0x00,
  0x30, 0x80, 0x40, 0x00, 0x30, 0x08, 0x07, 0x00, 0x00, 0x00, 0x31, 0x10,
  0x40, 0x08, 0x21, 0x00, 0x40, 0x00, 0x02, 0x00, 0x40, 0x00, 0x02, 0x00,
  0x00, 0x01, 0x00, 0x10, 0x00, 0x00, 0x00, 0xA0, 0x00, 0x02, 0x0E, 0x80,
  0x38, 0x00, 0x08, 0x00, 0x00, 0x00, 0x40, 0x00, 0x00, 0x06, 0x60, 0x00,
  0x00, 0x02, 0x00, 0x00, 0x01, 0x00, 0x00, 0x00, 0x00, 0x00, 0x00, 0x00,
  0x00, 0x00, 0x00, 0x00, 0x00, 0x00, 0x00, 0x00, 0x00, 0x00, 0x00, 0x00,
  0x00, 0x00, 0x00, 0x00, 0x00, 0x00, 0x00, 0x00,
};

const SportsLogoLayerDef layers_nfl_kc[] = {
  { bitmap_nfl_kc_layer_0, 255, 255, 255 },
  { bitmap_nfl_kc_layer_1, 96, 85, 87 },
  { bitmap_nfl_kc_layer_2, 208, 17, 44 },
  { bitmap_nfl_kc_layer_3, 197, 194, 195 },
  { bitmap_nfl_kc_layer_4, 155, 139, 141 },
};

const uint8_t bitmap_nfl_lac_layer_0[] PROGMEM = {
  0x00, 0x00, 0x00, 0x00, 0x00, 0x00, 0x00, 0x00, 0x00, 0x00, 0x00, 0x00,
  0x00, 0x00, 0x00, 0x00, 0x00, 0x00, 0x00, 0x00, 0x00, 0x00, 0x00, 0x00,
  0x00, 0x00, 0x00, 0x00, 0x00, 0x00, 0x00, 0x00, 0x00, 0x00, 0x00, 0x00,
  0x00, 0x00, 0x20, 0x00, 0x00, 0x3F, 0xEC, 0x00, 0x00, 0xC0, 0x03, 0x00,
  0x00, 0x80, 0x00, 0xC0, 0x01, 0x00, 0x00, 0x20, 0x06, 0x0F, 0xE6, 0x10,
  0x08, 0x78, 0x0F, 0x88, 0x11, 0x80, 0x00, 0x68, 0x14, 0x00, 0x00, 0x14,
  0x38, 0x00, 0x00, 0x0C, 0x20, 0x00, 0x00, 0x06, 0x00, 0x00, 0x00, 0x00,
  0x00, 0x00, 0x00, 0x00, 0x00, 0x00, 0x00, 0x00, 0x00, 0x00, 0x00, 0x00,
  0x00, 0x00, 0x00, 0x00, 0x00, 0x00, 0x00, 0x00, 0x00, 0x00, 0x00, 0x00,
  0x00, 0x00, 0x00, 0x00, 0x00, 0x00, 0x00, 0x00, 0x00, 0x00, 0x00, 0x00,
  0x00, 0x00, 0x00, 0x00, 0x00, 0x00, 0x00, 0x00,
};

const uint8_t bitmap_nfl_lac_layer_1[] PROGMEM = {
  0x00, 0x00, 0x00, 0x00, 0x00, 0x00, 0x00, 0x00, 0x00, 0x00, 0x00, 0x00,
  0x00, 0x00, 0x00, 0x00, 0x00, 0x00, 0x00, 0x00, 0x00, 0x00, 0x00, 0x00,
  0x00, 0x00, 0x00, 0x00, 0x00, 0x00, 0x00, 0x00, 0x00, 0x00, 0x00, 0x00,
  0x00, 0x07, 0xD8, 0x00, 0x00, 0x40, 0x02, 0x00, 0x01, 0x00, 0x00, 0x80,
  0x01, 0x00, 0x00, 0x00, 0x02, 0x00, 0x00, 0x10, 0x08, 0x00, 0x00, 0x00,
  0x00, 0x04, 0x30, 0x00, 0x00, 0x40, 0x07, 0x84, 0x23, 0x00, 0x00, 0x20,
  0x04, 0x00, 0x00, 0x12, 0x50, 0x00, 0x00, 0x08, 0x60, 0x00, 0x00, 0x06,
  0x40, 0x00, 0x00, 0x02, 0x00, 0x00, 0x00, 0x00, 0x00, 0x00, 0x00, 0x00,
  0x00, 0x00, 0x00, 0x00, 0x00, 0x00, 0x00, 0x00, 0x00, 0x00, 0x00, 0x00,
  0x00, 0x00, 0x00, 0x00, 0x00, 0x00, 0x00, 0x00, 0x00, 0x00, 0x00, 0x00,
  0x00, 0x00, 0x00, 0x00, 0x00, 0x00, 0x00, 0x00,
};

const uint8_t bitmap_nfl_lac_layer_2[] PROGMEM = {
  0x00, 0x00, 0x00, 0x00, 0x00, 0x00, 0x00, 0x00, 0x00, 0x00, 0x00, 0x00,
  0x00, 0x00, 0x00, 0x00, 0x00, 0x00, 0x00, 0x00, 0x00, 0x00, 0x00, 0x00,
  0x00, 0x00, 0x00, 0x00, 0x00, 0x00, 0x00, 0x00, 0x00, 0x00, 0x00, 0x00,
  0x00, 0x00, 0x00, 0x00, 0x00, 0x00, 0x00, 0x00, 0x00, 0x07, 0x10, 0x00,
  0x00, 0x3F, 0xFE, 0x00, 0x00, 0x60, 0x3B, 0x80, 0x01, 0xC0, 0x00, 0xC0,
  0x02, 0x00, 0x00, 0x20, 0x00, 0x00, 0x00, 0x00, 0x00, 0x00, 0x00, 0x00,
  0x00, 0x00, 0x00, 0x00, 0x00, 0x00, 0x00, 0x00, 0x00, 0x00, 0x00, 0x00,
  0x00, 0x00, 0x00, 0x00, 0x00, 0x00, 0x00, 0x00, 0x00, 0x00, 0x00, 0x00,
  0x00, 0x00, 0x00, 0x00, 0x00, 0x00, 0x00, 0x00, 0x00, 0x00, 0x00, 0x00,
  0x00, 0x00, 0x00, 0x00, 0x00, 0x00, 0x00, 0x00, 0x00, 0x00, 0x00, 0x00,
  0x00, 0x00, 0x00, 0x00, 0x00, 0x00, 0x00, 0x00,
};

const uint8_t bitmap_nfl_lac_layer_3[] PROGMEM = {
  0x00, 0x00, 0x00, 0x00, 0x00, 0x00, 0x00, 0x00, 0x00, 0x00, 0x00, 0x00,
  0x00, 0x00, 0x00, 0x00, 0x00, 0x00, 0x00, 0x00, 0x00, 0x00, 0x00, 0x00,
  0x00, 0x00, 0x00, 0x00, 0x00, 0x00, 0x00, 0x00, 0x00, 0x00, 0x00, 0x00,
  0x00, 0x00, 0x00, 0x00, 0x00, 0x00, 0x10, 0x00, 0x00, 0x20, 0x04, 0x00,
  0x00, 0x00, 0x01, 0x00, 0x00, 0x8F, 0x00, 0x40, 0x00, 0x10, 0x19, 0x20,
  0x04, 0x80, 0x00, 0x50, 0x0A, 0x00, 0x00, 0x00, 0x08, 0x00, 0x00, 0x08,
  0x00, 0x00, 0x00, 0x00, 0x00, 0x00, 0x00, 0x00, 0x00, 0x00, 0x00, 0x00,
  0x00, 0x00, 0x00, 0x00, 0x00, 0x00, 0x00, 0x00, 0x00, 0x00, 0x00, 0x00,
  0x00, 0x00, 0x00, 0x00, 0x00, 0x00, 0x00, 0x00, 0x00, 0x00, 0x00, 0x00,
  0x00, 0x00, 0x00, 0x00, 0x00, 0x00, 0x00, 0x00, 0x00, 0x00, 0x00, 0x00,
  0x00, 0x00, 0x00, 0x00, 0x00, 0x00, 0x00, 0x00,
};

const uint8_t bitmap_nfl_lac_layer_4[] PROGMEM = {
  0x00, 0x00, 0x00, 0x00, 0x00, 0x00, 0x00, 0x00, 0x00, 0x00, 0x00, 0x00,
  0x00, 0x00, 0x00, 0x00, 0x00, 0x00, 0x00, 0x00, 0x00, 0x00, 0x00, 0x00,
  0x00, 0x00, 0x00, 0x00, 0x00, 0x00, 0x00, 0x00, 0x00, 0x00, 0x00, 0x00,
  0x00, 0x00, 0x00, 0x00, 0x00, 0x00, 0x00, 0x00, 0x00, 0x18, 0xE8, 0x00,
  0x00, 0x40, 0x00, 0x00, 0x00, 0x10, 0xC4, 0x00, 0x00, 0x20, 0x00, 0x00,
  0x01, 0x00, 0x00, 0x00, 0x04, 0x00, 0x00, 0x10, 0x00, 0x00, 0x00, 0x00,
  0x00, 0x00, 0x00, 0x00, 0x00, 0x00, 0x00, 0x00, 0x00, 0x00, 0x00, 0x00,
  0x00, 0x00, 0x00, 0x00, 0x00, 0x00, 0x00, 0x00, 0x00, 0x00, 0x00, 0x00,
  0x00, 0x00, 0x00, 0x00, 0x00, 0x00, 0x00, 0x00, 0x00, 0x00, 0x00, 0x00,
  0x00, 0x00, 0x00, 0x00, 0x00, 0x00, 0x00, 0x00, 0x00, 0x00, 0x00, 0x00,
  0x00, 0x00, 0x00, 0x00, 0x00, 0x00, 0x00, 0x00,
};

const SportsLogoLayerDef layers_nfl_lac[] = {
  { bitmap_nfl_lac_layer_0, 82, 169, 216 },
  { bitmap_nfl_lac_layer_1, 193, 226, 249 },
  { bitmap_nfl_lac_layer_2, 250, 197, 2 },
  { bitmap_nfl_lac_layer_3, 129, 165, 105 },
  { bitmap_nfl_lac_layer_4, 207, 181, 31 },
};

const uint8_t bitmap_nfl_lar_layer_0[] PROGMEM = {
  0x00, 0x00, 0x00, 0x00, 0x00, 0x00, 0x00, 0x00, 0x00, 0x00, 0x00, 0x00,
  0x00, 0x00, 0x00, 0x00, 0x00, 0x00, 0x00, 0x00, 0x00, 0x03, 0xDE, 0x00,
  0x00, 0x05, 0xF3, 0x80, 0x00, 0x0F, 0xFD, 0x40, 0x00, 0x33, 0xCE, 0xA0,
  0x00, 0x7E, 0x73, 0x50, 0x01, 0x6F, 0x85, 0xA8, 0x05, 0x6E, 0x07, 0xF4,
  0x0B, 0xF8, 0x0B, 0x54, 0x0A, 0xD8, 0x16, 0x9E, 0x0F, 0xD0, 0x1F, 0x3A,
  0x15, 0x90, 0x2D, 0x2E, 0x1D, 0x90, 0x5B, 0xEE, 0x2A, 0xE0, 0x7F, 0xFE,
  0x2F, 0xFE, 0xB0, 0x3E, 0x7E, 0x03, 0x6F, 0xFE, 0x5F, 0xF7, 0xD0, 0x5A,
  0x01, 0xF8, 0x00, 0x00, 0x01, 0x7C, 0x00, 0x00, 0x00, 0xB6, 0x00, 0x00,
  0x00, 0x4D, 0x86, 0x00, 0x00, 0x32, 0x7C, 0x00, 0x00, 0x0F, 0xF0, 0x00,
  0x00, 0x00, 0x00, 0x00, 0x00, 0x00, 0x00, 0x00, 0x00, 0x00, 0x00, 0x00,
  0x00, 0x00, 0x00, 0x00, 0x00, 0x00, 0x00, 0x00,
};

const uint8_t bitmap_nfl_lar_layer_1[] PROGMEM = {
  0x00, 0x00, 0x00, 0x00, 0x00, 0x00, 0x00, 0x00, 0x00, 0x00, 0x00, 0x00,
  0x00, 0x00, 0x00, 0x00, 0x00, 0x00, 0x00, 0x00, 0x00, 0x00, 0x20, 0x00,
  0x00, 0x02, 0x0C, 0x00, 0x00, 0x00, 0x02, 0x80, 0x00, 0x0C, 0x31, 0x40,
  0x00, 0x01, 0x8C, 0xA0, 0x02, 0x90, 0x02, 0x50, 0x02, 0x90, 0x00, 0x08,
  0x04, 0x00, 0x04, 0x28, 0x05, 0x20, 0x09, 0x20, 0x00, 0x20, 0x00, 0x04,
  0x0A, 0x60, 0x12, 0x10, 0x02, 0x60, 0x24, 0x10, 0x14, 0x00, 0x00, 0x00,
  0x10, 0x00, 0x4F, 0xC0, 0x01, 0xFC, 0x90, 0x00, 0x20, 0x08, 0x20, 0x24,
  0x00, 0x00, 0x00, 0x00, 0x00, 0x80, 0x00, 0x00, 0x00, 0x48, 0x00, 0x00,
  0x00, 0x32, 0x08, 0x00, 0x00, 0x0D, 0x80, 0x00, 0x00, 0x00, 0x00, 0x00,
  0x00, 0x00, 0x00, 0x00, 0x00, 0x00, 0x00, 0x00, 0x00, 0x00, 0x00, 0x00,
  0x00, 0x00, 0x00, 0x00, 0x00, 0x00, 0x00, 0x00,
};

const SportsLogoLayerDef layers_nfl_lar[] = {
  { bitmap_nfl_lar_layer_0, 0, 53, 149 },
  { bitmap_nfl_lar_layer_1, 0, 56, 158 },
};

const uint8_t bitmap_nfl_lv_layer_0[] PROGMEM = {
  0x00, 0x00, 0x00, 0x00, 0x00, 0x00, 0x00, 0x00, 0x00, 0x00, 0x00, 0x00,
  0x00, 0x01, 0x80, 0x00, 0x00, 0x07, 0xE0, 0x00, 0x00, 0x7F, 0xFC, 0x00,
  0x0C, 0x90, 0x01, 0x30, 0x08, 0x80, 0x01, 0x10, 0x08, 0x00, 0x41, 0x30,
  0x0F, 0xFF, 0xFF, 0xF0, 0x0E, 0x79, 0x1E, 0x70, 0x0C, 0x31, 0x0C, 0x70,
  0x0C, 0x01, 0x01, 0x30, 0x0C, 0x01, 0x00, 0x70, 0x0E, 0x01, 0x00, 0xF0,
  0x0F, 0xC0, 0x03, 0xF0, 0x07, 0xC0, 0x07, 0xE0, 0x07, 0xC6, 0x07, 0xE0,
  0x07, 0xE0, 0x07, 0xE0, 0x03, 0xE0, 0x07, 0xC0, 0x03, 0xE0, 0x07, 0xC0,
  0x03, 0xF0, 0x0F, 0x80, 0x01, 0xE0, 0x07, 0x80, 0x00, 0x84, 0x01, 0x00,
  0x00, 0x9B, 0x19, 0x00, 0x00, 0x78, 0x1E, 0x00, 0x00, 0x3F, 0xFC, 0x00,
  0x00, 0x0F, 0xF0, 0x00, 0x00, 0x07, 0xE0, 0x00, 0x00, 0x00, 0x00, 0x00,
  0x00, 0x00, 0x00, 0x00, 0x00, 0x00, 0x00, 0x00,
};

const uint8_t bitmap_nfl_lv_layer_1[] PROGMEM = {
  0x00, 0x00, 0x00, 0x00, 0x00, 0x01, 0x80, 0x00, 0x00, 0x02, 0x40, 0x00,
  0x00, 0x1C, 0x38, 0x00, 0x3F, 0xC0, 0x03, 0xFC, 0x20, 0x00, 0x00, 0x04,
  0x23, 0x21, 0x26, 0x04, 0x23, 0x21, 0xA6, 0x44, 0x20, 0x00, 0x00, 0x04,
  0x20, 0x00, 0x00, 0x04, 0x20, 0x00, 0x00, 0x04, 0x20, 0x80, 0x01, 0x04,
  0x20, 0x40, 0x02, 0x04, 0x20, 0x00, 0x04, 0x04, 0x00, 0x00, 0x00, 0x08,
  0x10, 0x00, 0x00, 0x08, 0x10, 0x07, 0x20, 0x08, 0x10, 0x00, 0xA0, 0x08,
  0x08, 0x00, 0xE0, 0x10, 0x08, 0x06, 0xE0, 0x10, 0x08, 0x07, 0xE0, 0x10,
  0x04, 0x07, 0xC0, 0x20, 0x04, 0x03, 0xC0, 0x20, 0x02, 0x30, 0x0C, 0x40,
  0x01, 0x00, 0x00, 0x80, 0x01, 0x00, 0x01, 0x80, 0x00, 0x80, 0x03, 0x00,
  0x00, 0x60, 0x06, 0x00, 0x00, 0x30, 0x0C, 0x00, 0x00, 0x0C, 0x30, 0x00,
  0x00, 0x03, 0xC0, 0x00, 0x00, 0x00, 0x00, 0x00,
};

const uint8_t bitmap_nfl_lv_layer_2[] PROGMEM = {
  0x00, 0x00, 0x00, 0x00, 0x00, 0x00, 0x00, 0x00, 0x00, 0x05, 0xA0, 0x00,
  0x00, 0x20, 0x04, 0x00, 0x00, 0x30, 0x0C, 0x00, 0x00, 0x00, 0x00, 0x00,
  0x00, 0x04, 0x90, 0xC0, 0x00, 0x44, 0x10, 0x80, 0x02, 0x01, 0x26, 0x40,
  0x00, 0x00, 0x00, 0x00, 0x01, 0x02, 0x41, 0x00, 0x01, 0x06, 0x62, 0x00,
  0x00, 0x0E, 0x60, 0x00, 0x11, 0x6E, 0x72, 0x88, 0x30, 0x3E, 0x7C, 0x04,
  0x00, 0x1E, 0x70, 0x00, 0x00, 0x18, 0xD0, 0x00, 0x00, 0x11, 0x50, 0x10,
  0x10, 0x19, 0x10, 0x08, 0x00, 0x09, 0x10, 0x00, 0x04, 0x00, 0x10, 0x20,
  0x00, 0x00, 0x20, 0x00, 0x02, 0x04, 0x18, 0x40, 0x00, 0x01, 0x80, 0x00,
  0x02, 0x00, 0x00, 0x40, 0x00, 0x80, 0x80, 0x00, 0x00, 0x40, 0x00, 0x00,
  0x00, 0x00, 0x00, 0x00, 0x00, 0x00, 0x10, 0x00, 0x00, 0x12, 0x48, 0x00,
  0x00, 0x04, 0x20, 0x00, 0x00, 0x00, 0x00, 0x00,
};

const uint8_t bitmap_nfl_lv_layer_3[] PROGMEM = {
  0x00, 0x00, 0x00, 0x00, 0x00, 0x00, 0x00, 0x00, 0x00, 0x00, 0x00, 0x00,
  0x00, 0x00, 0x00, 0x00, 0x00, 0x00, 0x10, 0x00, 0x1D, 0x80, 0x03, 0xB0,
  0x10, 0x42, 0x48, 0x08, 0x14, 0x02, 0x48, 0x28, 0x14, 0x8A, 0x08, 0x08,
  0x10, 0x00, 0x00, 0x08, 0x10, 0x00, 0x80, 0x00, 0x02, 0x40, 0x80, 0x00,
  0x01, 0x90, 0x88, 0x40, 0x02, 0x90, 0x88, 0x00, 0x01, 0x40, 0x82, 0x00,
  0x00, 0x20, 0x04, 0x00, 0x08, 0x20, 0x00, 0x10, 0x00, 0x28, 0x00, 0x00,
  0x00, 0x06, 0x00, 0x00, 0x04, 0x00, 0x00, 0x20, 0x00, 0x00, 0x08, 0x00,
  0x00, 0x00, 0x10, 0x40, 0x00, 0x00, 0x00, 0x00, 0x01, 0x00, 0x40, 0x80,
  0x00, 0x04, 0x86, 0x00, 0x00, 0x06, 0x20, 0x00, 0x00, 0x00, 0x00, 0x00,
  0x00, 0x10, 0x08, 0x00, 0x00, 0x00, 0x00, 0x00, 0x00, 0x01, 0x80, 0x00,
  0x00, 0x00, 0x00, 0x00, 0x00, 0x00, 0x00, 0x00,
};

const uint8_t bitmap_nfl_lv_layer_4[] PROGMEM = {
  0x00, 0x00, 0x00, 0x00, 0x00, 0x00, 0x00, 0x00, 0x00, 0x00, 0x00, 0x00,
  0x20, 0x02, 0x40, 0x00, 0x00, 0x08, 0x00, 0x00, 0x02, 0x00, 0x00, 0x48,
  0x00, 0x08, 0x00, 0x00, 0x00, 0x18, 0x00, 0x00, 0x01, 0x74, 0x90, 0x80,
  0x00, 0x00, 0x00, 0x00, 0x00, 0x84, 0x20, 0x88, 0x10, 0x08, 0x10, 0x88,
  0x12, 0x20, 0x14, 0x88, 0x00, 0x00, 0x01, 0x00, 0x00, 0x80, 0x01, 0x00,
  0x00, 0x01, 0x88, 0x00, 0x00, 0x00, 0x08, 0x00, 0x08, 0x00, 0x08, 0x00,
  0x00, 0x00, 0x08, 0x00, 0x00, 0x10, 0x08, 0x00, 0x00, 0x18, 0x00, 0x00,
  0x08, 0x08, 0x00, 0x10, 0x00, 0x18, 0x20, 0x00, 0x00, 0x4A, 0x32, 0x00,
  0x00, 0x60, 0x60, 0x00, 0x00, 0x01, 0x40, 0x00, 0x00, 0x00, 0x00, 0x00,
  0x00, 0x00, 0x00, 0x00, 0x00, 0x08, 0x00, 0x00, 0x00, 0x00, 0x00, 0x00,
  0x00, 0x00, 0x00, 0x00, 0x00, 0x00, 0x00, 0x00,
};

const SportsLogoLayerDef layers_nfl_lv[] = {
  { bitmap_nfl_lv_layer_0, 0, 0, 0 },
  { bitmap_nfl_lv_layer_1, 224, 224, 224 },
  { bitmap_nfl_lv_layer_2, 162, 166, 167 },
  { bitmap_nfl_lv_layer_3, 53, 54, 54 },
  { bitmap_nfl_lv_layer_4, 104, 106, 107 },
};

const uint8_t bitmap_nfl_mia_layer_0[] PROGMEM = {
  0x00, 0x00, 0x00, 0x00, 0x00, 0x00, 0x00, 0x00, 0x00, 0x00, 0x00, 0x00,
  0x00, 0x00, 0x00, 0x00, 0x00, 0x00, 0x08, 0x00, 0x00, 0x01, 0x08, 0x00,
  0x00, 0x00, 0x22, 0x00, 0x00, 0x02, 0x04, 0x00, 0x00, 0x00, 0x00, 0x00,
  0x00, 0x01, 0xF8, 0x00, 0x00, 0x23, 0xF8, 0x00, 0x00, 0x87, 0xE0, 0x60,
  0x00, 0x4F, 0xC0, 0x88, 0x00, 0x5C, 0x01, 0x00, 0x00, 0x58, 0x02, 0x20,
  0x01, 0x1E, 0x04, 0x08, 0x00, 0x1C, 0x00, 0x90, 0x40, 0x18, 0x00, 0x90,
  0x0F, 0x00, 0x05, 0xA0, 0x40, 0x41, 0x1D, 0x00, 0x00, 0x00, 0x3F, 0x48,
  0x02, 0x01, 0xFE, 0x00, 0x00, 0x01, 0xF8, 0x00, 0x00, 0x04, 0x00, 0x00,
  0x00, 0x02, 0x04, 0x00, 0x00, 0x00, 0x20, 0x40, 0x00, 0x00, 0x08, 0x00,
  0x00, 0x01, 0x00, 0x00, 0x00, 0x00, 0x00, 0x00, 0x00, 0x00, 0x00, 0x00,
  0x00, 0x00, 0x00, 0x00, 0x00, 0x00, 0x00, 0x00,
};

const uint8_t bitmap_nfl_mia_layer_1[] PROGMEM = {
  0x00, 0x00, 0x00, 0x00, 0x00, 0x00, 0x00, 0x00, 0x00, 0x00, 0x00, 0x00,
  0x00, 0x00, 0x00, 0x00, 0x00, 0x00, 0x00, 0x00, 0x00, 0x00, 0x00, 0x00,
  0x00, 0x00, 0x00, 0x00, 0x00, 0x00, 0x00, 0x00, 0x00, 0x00, 0x00, 0x00,
  0x00, 0x00, 0x00, 0x00, 0x00, 0x00, 0x03, 0xC0, 0x00, 0x00, 0x0F, 0x18,
  0x00, 0x00, 0x1E, 0x20, 0x00, 0x00, 0x7C, 0x40, 0x00, 0x07, 0xF9, 0x80,
  0x00, 0x01, 0xFB, 0x00, 0x00, 0x01, 0xF7, 0x00, 0x00, 0x03, 0xFF, 0x00,
  0x00, 0x06, 0x72, 0x00, 0x18, 0x1C, 0x60, 0x00, 0x06, 0x21, 0x80, 0x00,
  0x00, 0x04, 0x00, 0x00, 0x00, 0x00, 0x00, 0x00, 0x00, 0x00, 0x00, 0x00,
  0x00, 0x00, 0x00, 0x00, 0x00, 0x00, 0x00, 0x00, 0x00, 0x00, 0x00, 0x00,
  0x00, 0x00, 0x00, 0x00, 0x00, 0x00, 0x00, 0x00, 0x00, 0x00, 0x00, 0x00,
  0x00, 0x00, 0x00, 0x00, 0x00, 0x00, 0x00, 0x00,
};

const uint8_t bitmap_nfl_mia_layer_2[] PROGMEM = {
  0x00, 0x00, 0x00, 0x00, 0x00, 0x00, 0x00, 0x00, 0x00, 0x00, 0x00, 0x00,
  0x00, 0x00, 0x00, 0x00, 0x00, 0x00, 0x00, 0x00, 0x00, 0x00, 0x00, 0x00,
  0x00, 0x00, 0x00, 0x00, 0x00, 0x00, 0x00, 0x00, 0x00, 0x00, 0x00, 0x00,
  0x00, 0x00, 0x01, 0xFE, 0x00, 0x00, 0x04, 0x3E, 0x00, 0x00, 0x10, 0x84,
  0x00, 0x00, 0x21, 0x50, 0x00, 0x03, 0x82, 0xA0, 0x00, 0x00, 0x04, 0x40,
  0x00, 0x00, 0x00, 0x80, 0x00, 0x02, 0x08, 0x00, 0x00, 0x04, 0x00, 0x00,
  0x70, 0x09, 0x88, 0x00, 0x27, 0x22, 0x82, 0x00, 0x19, 0xDE, 0x40, 0x00,
  0x01, 0xFA, 0x00, 0x00, 0x00, 0x20, 0x00, 0x00, 0x00, 0x00, 0x00, 0x00,
  0x00, 0x00, 0x00, 0x00, 0x00, 0x00, 0x00, 0x00, 0x00, 0x00, 0x00, 0x00,
  0x00, 0x00, 0x00, 0x00, 0x00, 0x00, 0x00, 0x00, 0x00, 0x00, 0x00, 0x00,
  0x00, 0x00, 0x00, 0x00, 0x00, 0x00, 0x00, 0x00,
};

const uint8_t bitmap_nfl_mia_layer_3[] PROGMEM = {
  0x00, 0x00, 0x00, 0x00, 0x00, 0x00, 0x00, 0x00, 0x00, 0x00, 0x00, 0x00,
  0x00, 0x00, 0x00, 0x00, 0x00, 0x00, 0x00, 0x00, 0x00, 0x00, 0x00, 0x00,
  0x00, 0x00, 0x00, 0x00, 0x00, 0x01, 0xB8, 0x00, 0x00, 0x0B, 0x8C, 0x00,
  0x00, 0x0C, 0x00, 0x00, 0x00, 0x08, 0x00, 0x00, 0x00, 0x30, 0x00, 0x00,
  0x00, 0x30, 0x00, 0x00, 0x00, 0x20, 0x00, 0x00, 0x00, 0x20, 0x00, 0x00,
  0x00, 0x60, 0x00, 0x20, 0x00, 0x20, 0x00, 0x20, 0x00, 0x20, 0x00, 0x60,
  0x00, 0x20, 0x00, 0x40, 0x00, 0x00, 0x00, 0x60, 0x00, 0x00, 0x00, 0x80,
  0x00, 0x00, 0x01, 0x80, 0x00, 0x0E, 0x03, 0x00, 0x00, 0x03, 0xFD, 0x00,
  0x00, 0x01, 0xA8, 0x00, 0x00, 0x01, 0x00, 0x00, 0x00, 0x00, 0x00, 0x00,
  0x00, 0x00, 0x00, 0x00, 0x00, 0x00, 0x00, 0x00, 0x00, 0x00, 0x00, 0x00,
  0x00, 0x00, 0x00, 0x00, 0x00, 0x00, 0x00, 0x00,
};

const uint8_t bitmap_nfl_mia_layer_4[] PROGMEM = {
  0x00, 0x00, 0x00, 0x00, 0x00, 0x00, 0x00, 0x00, 0x00, 0x00, 0x00, 0x00,
  0x00, 0x00, 0x00, 0x00, 0x00, 0x00, 0x00, 0x00, 0x00, 0x00, 0x00, 0x00,
  0x00, 0x01, 0x98, 0x00, 0x00, 0x18, 0x42, 0x00, 0x00, 0x14, 0x73, 0x00,
  0x00, 0x02, 0x06, 0x00, 0x00, 0x14, 0x00, 0x00, 0x00, 0x48, 0x00, 0x00,
  0x00, 0x00, 0x00, 0x00, 0x00, 0x00, 0x00, 0x00, 0x00, 0x00, 0x00, 0x00,
  0x00, 0x80, 0x00, 0x50, 0x00, 0x40, 0x00, 0x40, 0x00, 0x40, 0x00, 0x00,
  0x00, 0x50, 0x00, 0x00, 0x00, 0x00, 0x00, 0x90, 0x00, 0x00, 0x00, 0x30,
  0x00, 0x00, 0x00, 0x40, 0x00, 0x10, 0x04, 0x00, 0x00, 0x18, 0x02, 0x80,
  0x00, 0x04, 0x50, 0x80, 0x00, 0x00, 0x88, 0x00, 0x00, 0x01, 0x80, 0x00,
  0x00, 0x00, 0x00, 0x00, 0x00, 0x00, 0x00, 0x00, 0x00, 0x00, 0x00, 0x00,
  0x00, 0x00, 0x00, 0x00, 0x00, 0x00, 0x00, 0x00,
};

const SportsLogoLayerDef layers_nfl_mia[] = {
  { bitmap_nfl_mia_layer_0, 255, 255, 255 },
  { bitmap_nfl_mia_layer_1, 12, 128, 146 },
  { bitmap_nfl_mia_layer_2, 101, 168, 182 },
  { bitmap_nfl_mia_layer_3, 254, 122, 71 },
  { bitmap_nfl_mia_layer_4, 252, 184, 159 },
};

const uint8_t bitmap_nfl_min_layer_0[] PROGMEM = {
  0x00, 0x00, 0x00, 0x00, 0x00, 0x00, 0x00, 0x00, 0x00, 0x00, 0x00, 0x00,
  0x00, 0x64, 0x00, 0x00, 0x00, 0x64, 0x00, 0x00, 0x00, 0x00, 0x00, 0x00,
  0x00, 0x00, 0x00, 0x00, 0x00, 0x00, 0x80, 0x00, 0x00, 0x00, 0x00, 0x00,
  0x00, 0x01, 0x00, 0x00, 0x00, 0x00, 0x00, 0x00, 0x00, 0x00, 0x00, 0x00,
  0x00, 0x00, 0x0F, 0x80, 0x00, 0x07, 0x0F, 0xC0, 0x00, 0x07, 0x9F, 0xC0,
  0x00, 0x07, 0xF8, 0x80, 0x00, 0x07, 0x70, 0x00, 0x00, 0x0C, 0x4C, 0x80,
  0x00, 0x40, 0x10, 0x00, 0x00, 0x04, 0x30, 0x60, 0x03, 0x00, 0x10, 0x80,
  0x00, 0x00, 0x87, 0x80, 0x00, 0x01, 0x83, 0x00, 0x00, 0x00, 0xB2, 0x00,
  0x00, 0x00, 0x42, 0x00, 0x00, 0x00, 0xC6, 0x00, 0x00, 0x00, 0x20, 0x00,
  0x00, 0x00, 0x40, 0x00, 0x00, 0x00, 0x40, 0x00, 0x00, 0x00, 0x40, 0x00,
  0x00, 0x00, 0x00, 0x00, 0x00, 0x00, 0x00, 0x00,
};

const uint8_t bitmap_nfl_min_layer_1[] PROGMEM = {
  0x00, 0x00, 0x00, 0x00, 0x00, 0x40, 0x00, 0x00, 0x00, 0x0C, 0x00, 0x00,
  0x00, 0x08, 0x00, 0x00, 0x00, 0x02, 0x00, 0x00, 0x00, 0x26, 0x00, 0x00,
  0x00, 0xE7, 0xB0, 0x00, 0x00, 0xD1, 0x04, 0x00, 0x00, 0x5E, 0x00, 0x00,
  0x00, 0x4C, 0x00, 0x00, 0x00, 0x60, 0x00, 0x00, 0x00, 0x30, 0x00, 0x40,
  0x00, 0x1C, 0x00, 0x00, 0x00, 0x00, 0x10, 0x00, 0x00, 0x00, 0x20, 0x00,
  0x00, 0x08, 0x02, 0x20, 0x00, 0x20, 0x01, 0x60, 0x00, 0x00, 0x02, 0x10,
  0x01, 0x00, 0x0C, 0x10, 0x02, 0x00, 0x0C, 0x00, 0x04, 0x00, 0x04, 0x70,
  0x01, 0x00, 0x00, 0x00, 0x00, 0x02, 0x00, 0xE0, 0x00, 0x00, 0x00, 0x00,
  0x00, 0x00, 0x05, 0x00, 0x00, 0x00, 0x10, 0x00, 0x00, 0x00, 0x18, 0x00,
  0x00, 0x00, 0x90, 0x00, 0x00, 0x00, 0x80, 0x00, 0x00, 0x00, 0x20, 0x00,
  0x00, 0x00, 0xC0, 0x00, 0x00, 0x00, 0x00, 0x00,
};

const uint8_t bitmap_nfl_min_layer_2[] PROGMEM = {
  0x00, 0x00, 0x00, 0x00, 0x00, 0x00, 0x00, 0x00, 0x00, 0x00, 0x00, 0x00,
  0x00, 0x00, 0x00, 0x00, 0x00, 0x00, 0x00, 0x00, 0x00, 0x00, 0x00, 0x00,
  0x00, 0x00, 0x00, 0x00, 0x00, 0x00, 0x70, 0x00, 0x00, 0x00, 0xFC, 0x00,
  0x00, 0x00, 0x1E, 0x00, 0x00, 0x00, 0x0F, 0x00, 0x00, 0x00, 0x07, 0x80,
  0x00, 0x00, 0x00, 0x00, 0x00, 0x00, 0x00, 0x00, 0x00, 0x00, 0x00, 0x00,
  0x00, 0x00, 0x04, 0x00, 0x00, 0x00, 0x88, 0x00, 0x00, 0x13, 0xB0, 0x00,
  0x00, 0x3F, 0xE0, 0xE0, 0x00, 0xFB, 0xC1, 0x80, 0x00, 0x03, 0xE1, 0x00,
  0x00, 0x01, 0x60, 0x00, 0x00, 0x00, 0x60, 0x00, 0x00, 0x00, 0x40, 0x00,
  0x00, 0x00, 0xA0, 0x00, 0x00, 0x00, 0x20, 0x00, 0x00, 0x00, 0x40, 0x00,
  0x00, 0x00, 0x20, 0x00, 0x00, 0x00, 0x00, 0x00, 0x00, 0x00, 0x00, 0x00,
  0x00, 0x00, 0x00, 0x00, 0x00, 0x00, 0x00, 0x00,
};

const uint8_t bitmap_nfl_min_layer_3[] PROGMEM = {
  0x00, 0x00, 0x00, 0x00, 0x00, 0x00, 0x00, 0x00, 0x00, 0x60, 0x00, 0x00,
  0x00, 0x00, 0x00, 0x00, 0x00, 0x00, 0x00, 0x00, 0x00, 0x40, 0x00, 0x00,
  0x00, 0x00, 0x40, 0x00, 0x00, 0x04, 0x08, 0x00, 0x00, 0x01, 0x02, 0x00,
  0x00, 0x02, 0xE1, 0x00, 0x00, 0x00, 0x10, 0x80, 0x00, 0x00, 0x08, 0x00,
  0x00, 0x00, 0x00, 0x40, 0x00, 0x00, 0x80, 0x00, 0x00, 0x00, 0x40, 0x20,
  0x00, 0x00, 0x01, 0x40, 0x00, 0x18, 0x04, 0x80, 0x00, 0x60, 0x01, 0x60,
  0x00, 0x80, 0x03, 0x00, 0x01, 0x00, 0x02, 0x00, 0x00, 0xFC, 0x0A, 0x00,
  0x06, 0x02, 0x18, 0x70, 0x00, 0x00, 0x14, 0x00, 0x00, 0x01, 0x0D, 0x00,
  0x00, 0x01, 0x10, 0x00, 0x00, 0x00, 0x00, 0x00, 0x00, 0x00, 0x84, 0x00,
  0x00, 0x00, 0x00, 0x00, 0x00, 0x00, 0x20, 0x00, 0x00, 0x00, 0x80, 0x00,
  0x00, 0x00, 0x00, 0x00, 0x00, 0x00, 0x00, 0x00,
};

const uint8_t bitmap_nfl_min_layer_4[] PROGMEM = {
  0x00, 0x00, 0x00, 0x00, 0x00, 0x28, 0x00, 0x00, 0x00, 0x00, 0x00, 0x00,
  0x00, 0x02, 0x00, 0x00, 0x00, 0x00, 0x00, 0x00, 0x00, 0x80, 0x00, 0x00,
  0x00, 0x00, 0x00, 0x00, 0x00, 0x22, 0x00, 0x00, 0x00, 0x20, 0x01, 0x00,
  0x00, 0x30, 0x00, 0x00, 0x00, 0x1F, 0xE0, 0x00, 0x00, 0x0F, 0xF0, 0x00,
  0x00, 0x03, 0xF0, 0x00, 0x00, 0x00, 0x60, 0x30, 0x00, 0x00, 0x00, 0x10,
  0x00, 0x00, 0x00, 0x00, 0x00, 0x00, 0x02, 0x10, 0x00, 0x80, 0x00, 0x00,
  0x00, 0x00, 0x00, 0x00, 0x00, 0x00, 0x00, 0x10, 0x00, 0x00, 0x00, 0x00,
  0x08, 0x84, 0x00, 0x00, 0x0C, 0x00, 0x08, 0x10, 0x00, 0x02, 0x00, 0x00,
  0x00, 0x00, 0x00, 0x00, 0x00, 0x01, 0x00, 0x00, 0x00, 0x00, 0x02, 0x00,
  0x00, 0x00, 0x0C, 0x00, 0x00, 0x00, 0x00, 0x00, 0x00, 0x00, 0x00, 0x00,
  0x00, 0x00, 0x00, 0x00, 0x00, 0x00, 0x00, 0x00,
};

const SportsLogoLayerDef layers_nfl_min[] = {
  { bitmap_nfl_min_layer_0, 102, 77, 58 },
  { bitmap_nfl_min_layer_1, 182, 171, 168 },
  { bitmap_nfl_min_layer_2, 221, 175, 38 },
  { bitmap_nfl_min_layer_3, 153, 133, 103 },
  { bitmap_nfl_min_layer_4, 255, 255, 255 },
};

const uint8_t bitmap_nfl_ne_layer_0[] PROGMEM = {
  0x00, 0x00, 0x00, 0x00, 0x00, 0x00, 0x00, 0x00, 0x00, 0x00, 0x00, 0x00,
  0x00, 0x00, 0x00, 0x00, 0x00, 0x00, 0x00, 0x00, 0x00, 0x00, 0x00, 0x00,
  0x00, 0x00, 0x00, 0x00, 0x00, 0x00, 0x00, 0x00, 0x00, 0x00, 0x00, 0x00,
  0x00, 0x0F, 0x03, 0x80, 0x00, 0xE0, 0x00, 0x32, 0x0E, 0x01, 0x00, 0x02,
  0x70, 0x3C, 0x00, 0x02, 0x7F, 0xE0, 0x00, 0x20, 0x00, 0xFF, 0x00, 0x04,
  0x00, 0x02, 0x00, 0x04, 0x00, 0x00, 0xC0, 0x08, 0x00, 0x00, 0x30, 0x10,
  0x00, 0x00, 0x08, 0x90, 0x00, 0x00, 0x04, 0x10, 0x00, 0x00, 0x02, 0x20,
  0x00, 0x00, 0x01, 0x20, 0x00, 0x00, 0x00, 0xC0, 0x00, 0x00, 0x00, 0x00,
  0x00, 0x00, 0x00, 0x00, 0x00, 0x00, 0x00, 0x00, 0x00, 0x00, 0x00, 0x00,
  0x00, 0x00, 0x00, 0x00, 0x00, 0x00, 0x00, 0x00, 0x00, 0x00, 0x00, 0x00,
  0x00, 0x00, 0x00, 0x00, 0x00, 0x00, 0x00, 0x00,
};

const uint8_t bitmap_nfl_ne_layer_1[] PROGMEM = {
  0x00, 0x00, 0x00, 0x00, 0x00, 0x00, 0x00, 0x00, 0x00, 0x00, 0x00, 0x00,
  0x00, 0x00, 0x00, 0x00, 0x00, 0x00, 0x00, 0x00, 0x00, 0x00, 0x00, 0x00,
  0x00, 0x00, 0x00, 0x00, 0x00, 0x00, 0x00, 0x00, 0x00, 0x00, 0x00, 0x00,
  0x00, 0x00, 0x00, 0x00, 0x00, 0x00, 0xFE, 0x00, 0x00, 0x00, 0x1F, 0xE0,
  0x00, 0x00, 0x7F, 0x98, 0x00, 0x00, 0x0F, 0x88, 0x00, 0x00, 0x0F, 0x88,
  0x00, 0x00, 0x7F, 0xF0, 0x00, 0x00, 0x1C, 0xA0, 0x00, 0x00, 0x04, 0x00,
  0x00, 0x00, 0x00, 0x00, 0x00, 0x00, 0x00, 0x00, 0x00, 0x00, 0x00, 0x00,
  0x00, 0x00, 0x00, 0x00, 0x00, 0x00, 0x00, 0x00, 0x00, 0x00, 0x00, 0x00,
  0x00, 0x00, 0x00, 0x00, 0x00, 0x00, 0x00, 0x00, 0x00, 0x00, 0x00, 0x00,
  0x00, 0x00, 0x00, 0x00, 0x00, 0x00, 0x00, 0x00, 0x00, 0x00, 0x00, 0x00,
  0x00, 0x00, 0x00, 0x00, 0x00, 0x00, 0x00, 0x00,
};

const uint8_t bitmap_nfl_ne_layer_2[] PROGMEM = {
  0x00, 0x00, 0x00, 0x00, 0x00, 0x00, 0x00, 0x00, 0x00, 0x00, 0x00, 0x00,
  0x00, 0x00, 0x00, 0x00, 0x00, 0x00, 0x00, 0x00, 0x00, 0x00, 0x00, 0x00,
  0x00, 0x00, 0x00, 0x00, 0x00, 0x00, 0x00, 0x00, 0x00, 0x00, 0x00, 0x00,
  0x00, 0x00, 0xFC, 0x00, 0x00, 0x00, 0x00, 0x40, 0x00, 0x00, 0x80, 0x0C,
  0x00, 0x00, 0x00, 0x00, 0x00, 0x00, 0xE0, 0x54, 0x00, 0x00, 0x80, 0x20,
  0x00, 0x01, 0x00, 0x00, 0x00, 0x00, 0x23, 0x00, 0x00, 0x00, 0x01, 0xE0,
  0x00, 0x00, 0x05, 0x60, 0x00, 0x00, 0x03, 0xA0, 0x00, 0x00, 0x01, 0xC0,
  0x00, 0x00, 0x00, 0xC0, 0x00, 0x00, 0x00, 0x00, 0x00, 0x00, 0x00, 0x00,
  0x00, 0x00, 0x00, 0x00, 0x00, 0x00, 0x00, 0x00, 0x00, 0x00, 0x00, 0x00,
  0x00, 0x00, 0x00, 0x00, 0x00, 0x00, 0x00, 0x00, 0x00, 0x00, 0x00, 0x00,
  0x00, 0x00, 0x00, 0x00, 0x00, 0x00, 0x00, 0x00,
};

const uint8_t bitmap_nfl_ne_layer_3[] PROGMEM = {
  0x00, 0x00, 0x00, 0x00, 0x00, 0x00, 0x00, 0x00, 0x00, 0x00, 0x00, 0x00,
  0x00, 0x00, 0x00, 0x00, 0x00, 0x00, 0x00, 0x00, 0x00, 0x00, 0x00, 0x00,
  0x00, 0x00, 0x00, 0x00, 0x00, 0x00, 0x00, 0x00, 0x00, 0x00, 0x00, 0x00,
  0x00, 0x00, 0x00, 0x00, 0x00, 0x1F, 0x00, 0x00, 0x01, 0xFE, 0x00, 0x00,
  0x0F, 0xC3, 0x00, 0x00, 0x00, 0x1F, 0x00, 0x00, 0x00, 0x00, 0x00, 0x00,
  0x00, 0x00, 0x00, 0x00, 0x00, 0x00, 0x00, 0x00, 0x00, 0x00, 0x00, 0x00,
  0x00, 0x00, 0x00, 0x00, 0x00, 0x00, 0x00, 0x00, 0x00, 0x00, 0x00, 0x00,
  0x00, 0x00, 0x00, 0x00, 0x00, 0x00, 0x00, 0x00, 0x00, 0x00, 0x00, 0x00,
  0x00, 0x00, 0x00, 0x00, 0x00, 0x00, 0x00, 0x00, 0x00, 0x00, 0x00, 0x00,
  0x00, 0x00, 0x00, 0x00, 0x00, 0x00, 0x00, 0x00, 0x00, 0x00, 0x00, 0x00,
  0x00, 0x00, 0x00, 0x00, 0x00, 0x00, 0x00, 0x00,
};

const uint8_t bitmap_nfl_ne_layer_4[] PROGMEM = {
  0x00, 0x00, 0x00, 0x00, 0x00, 0x00, 0x00, 0x00, 0x00, 0x00, 0x00, 0x00,
  0x00, 0x00, 0x00, 0x00, 0x00, 0x00, 0x00, 0x00, 0x00, 0x00, 0x00, 0x00,
  0x00, 0x00, 0x00, 0x00, 0x00, 0x00, 0x00, 0x00, 0x00, 0x00, 0x00, 0x00,
  0x00, 0x00, 0x00, 0x00, 0x00, 0x00, 0x01, 0x80, 0x00, 0x00, 0x60, 0x10,
  0x00, 0x00, 0x80, 0x64, 0x00, 0x00, 0x10, 0x00, 0x00, 0x00, 0x70, 0x50,
  0x00, 0x00, 0x80, 0x08, 0x00, 0x00, 0x00, 0x50, 0x00, 0x00, 0x0A, 0x00,
  0x00, 0x00, 0x02, 0x00, 0x00, 0x00, 0x00, 0x40, 0x00, 0x00, 0x00, 0x00,
  0x00, 0x00, 0x00, 0x00, 0x00, 0x00, 0x00, 0x00, 0x00, 0x00, 0x00, 0x00,
  0x00, 0x00, 0x00, 0x00, 0x00, 0x00, 0x00, 0x00, 0x00, 0x00, 0x00, 0x00,
  0x00, 0x00, 0x00, 0x00, 0x00, 0x00, 0x00, 0x00, 0x00, 0x00, 0x00, 0x00,
  0x00, 0x00, 0x00, 0x00, 0x00, 0x00, 0x00, 0x00,
};

const SportsLogoLayerDef layers_nfl_ne[] = {
  { bitmap_nfl_ne_layer_0, 241, 223, 228 },
  { bitmap_nfl_ne_layer_1, 6, 27, 65 },
  { bitmap_nfl_ne_layer_2, 143, 153, 168 },
  { bitmap_nfl_ne_layer_3, 243, 76, 103 },
  { bitmap_nfl_ne_layer_4, 77, 94, 121 },
};

const uint8_t bitmap_nfl_no_layer_0[] PROGMEM = {
  0x00, 0x00, 0x00, 0x00, 0x00, 0x00, 0x00, 0x00, 0x00, 0x00, 0x00, 0x00,
  0x00, 0x00, 0x00, 0x00, 0x00, 0x00, 0x00, 0x00, 0x00, 0x01, 0x00, 0x00,
  0x00, 0x00, 0x00, 0x00, 0x00, 0x00, 0x00, 0x00, 0x00, 0x00, 0x00, 0x00,
  0x00, 0x01, 0x00, 0x00, 0x00, 0x01, 0x00, 0x00, 0x00, 0x03, 0x80, 0x00,
  0x00, 0x03, 0x80, 0x00, 0x00, 0x03, 0x80, 0x00, 0x01, 0xE3, 0x8F, 0x00,
  0x03, 0xF3, 0x9F, 0x80, 0x07, 0xBB, 0xBB, 0xC0, 0x06, 0x0F, 0xE0, 0xC0,
  0x00, 0x07, 0xC0, 0x00, 0x00, 0x03, 0x80, 0x00, 0x00, 0x03, 0x80, 0x00,
  0x00, 0x03, 0x80, 0x00, 0x00, 0x01, 0x80, 0x00, 0x00, 0x03, 0x80, 0x00,
  0x00, 0x1F, 0xF0, 0x00, 0x00, 0x01, 0x00, 0x00, 0x00, 0x01, 0x00, 0x00,
  0x00, 0x00, 0x00, 0x00, 0x00, 0x00, 0x00, 0x00, 0x00, 0x00, 0x00, 0x00,
  0x00, 0x00, 0x00, 0x00, 0x00, 0x00, 0x00, 0x00,
};

const uint8_t bitmap_nfl_no_layer_1[] PROGMEM = {
  0x00, 0x00, 0x00, 0x00, 0x00, 0x00, 0x00, 0x00, 0x00, 0x00, 0x00, 0x00,
  0x00, 0x00, 0x00, 0x00, 0x00, 0x01, 0x00, 0x00, 0x00, 0x00, 0x00, 0x00,
  0x00, 0x01, 0x00, 0x00, 0x00, 0x02, 0x80, 0x00, 0x00, 0x03, 0x80, 0x00,
  0x00, 0x00, 0x00, 0x00, 0x00, 0x02, 0x80, 0x00, 0x00, 0x00, 0x00, 0x00,
  0x00, 0x00, 0x00, 0x00, 0x03, 0xEC, 0x6F, 0x80, 0x04, 0x0C, 0x60, 0x40,
  0x08, 0x08, 0x20, 0x20, 0x00, 0x44, 0x44, 0x00, 0x01, 0x20, 0x08, 0x00,
  0x0E, 0x00, 0x00, 0xE0, 0x06, 0x00, 0x00, 0xC0, 0x00, 0x04, 0x40, 0x00,
  0x00, 0x04, 0x40, 0x00, 0x00, 0x26, 0x48, 0x00, 0x00, 0x2C, 0x68, 0x00,
  0x00, 0x20, 0x08, 0x00, 0x00, 0x38, 0x38, 0x00, 0x00, 0x04, 0xC0, 0x00,
  0x00, 0x03, 0x80, 0x00, 0x00, 0x00, 0x80, 0x00, 0x00, 0x01, 0x00, 0x00,
  0x00, 0x00, 0x00, 0x00, 0x00, 0x00, 0x00, 0x00,
};

const uint8_t bitmap_nfl_no_layer_2[] PROGMEM = {
  0x00, 0x00, 0x00, 0x00, 0x00, 0x01, 0x00, 0x00, 0x00, 0x01, 0x00, 0x00,
  0x00, 0x03, 0x80, 0x00, 0x00, 0x02, 0x80, 0x00, 0x00, 0x02, 0x80, 0x00,
  0x00, 0x04, 0x40, 0x00, 0x00, 0x04, 0x40, 0x00, 0x00, 0x00, 0x00, 0x00,
  0x00, 0x08, 0x20, 0x00, 0x00, 0x08, 0x20, 0x00, 0x00, 0x00, 0x00, 0x00,
  0x02, 0x10, 0x10, 0x80, 0x08, 0x00, 0x00, 0x20, 0x00, 0x00, 0x00, 0x10,
  0x10, 0x00, 0x00, 0x10, 0x00, 0x00, 0x00, 0x00, 0x00, 0x00, 0x00, 0x00,
  0x10, 0x40, 0x04, 0x10, 0x10, 0x90, 0x12, 0x10, 0x09, 0x10, 0x11, 0x20,
  0x03, 0x30, 0x19, 0x80, 0x00, 0x40, 0x04, 0x00, 0x00, 0x80, 0x02, 0x00,
  0x00, 0x80, 0x02, 0x00, 0x00, 0x80, 0x02, 0x00, 0x00, 0x40, 0x04, 0x00,
  0x00, 0x38, 0x38, 0x00, 0x00, 0x04, 0x40, 0x00, 0x00, 0x02, 0x80, 0x00,
  0x00, 0x01, 0x00, 0x00, 0x00, 0x00, 0x00, 0x00,
};

const uint8_t bitmap_nfl_no_layer_3[] PROGMEM = {
  0x00, 0x00, 0x00, 0x00, 0x00, 0x00, 0x00, 0x00, 0x00, 0x00, 0x00, 0x00,
  0x00, 0x00, 0x00, 0x00, 0x00, 0x00, 0x00, 0x00, 0x00, 0x00, 0x00, 0x00,
  0x00, 0x00, 0x00, 0x00, 0x00, 0x00, 0x00, 0x00, 0x00, 0x00, 0x00, 0x00,
  0x00, 0x06, 0xC0, 0x00, 0x00, 0x04, 0x40, 0x00, 0x00, 0x04, 0x40, 0x00,
  0x00, 0x04, 0x40, 0x00, 0x00, 0x10, 0x10, 0x00, 0x02, 0x10, 0x10, 0x80,
  0x04, 0x00, 0x00, 0x40, 0x08, 0x00, 0x00, 0x20, 0x08, 0xD0, 0x17, 0x20,
  0x01, 0x18, 0x31, 0x00, 0x00, 0x0C, 0x60, 0x00, 0x02, 0x00, 0x00, 0x80,
  0x00, 0x00, 0x00, 0x00, 0x00, 0x10, 0x10, 0x00, 0x00, 0x50, 0x14, 0x00,
  0x00, 0x40, 0x04, 0x00, 0x00, 0x46, 0xC4, 0x00, 0x00, 0x3A, 0x38, 0x00,
  0x00, 0x00, 0x00, 0x00, 0x00, 0x03, 0x00, 0x00, 0x00, 0x00, 0x00, 0x00,
  0x00, 0x00, 0x00, 0x00, 0x00, 0x00, 0x00, 0x00,
};

const uint8_t bitmap_nfl_no_layer_4[] PROGMEM = {
  0x00, 0x00, 0x00, 0x00, 0x00, 0x00, 0x00, 0x00, 0x00, 0x00, 0x00, 0x00,
  0x00, 0x00, 0x00, 0x00, 0x00, 0x00, 0x00, 0x00, 0x00, 0x00, 0x00, 0x00,
  0x00, 0x02, 0x80, 0x00, 0x00, 0x01, 0x00, 0x00, 0x00, 0x04, 0x40, 0x00,
  0x00, 0x00, 0x00, 0x00, 0x00, 0x00, 0x00, 0x00, 0x00, 0x08, 0x20, 0x00,
  0x01, 0xE8, 0x2F, 0x00, 0x04, 0x00, 0x00, 0x40, 0x08, 0x00, 0x00, 0x20,
  0x00, 0x04, 0x40, 0x00, 0x10, 0x00, 0x00, 0x10, 0x10, 0x00, 0x00, 0x10,
  0x00, 0xA0, 0x0A, 0x00, 0x09, 0x00, 0x01, 0x20, 0x04, 0x08, 0x20, 0x40,
  0x00, 0x08, 0x20, 0x00, 0x00, 0x08, 0x20, 0x00, 0x00, 0x00, 0x00, 0x00,
  0x00, 0x00, 0x00, 0x00, 0x00, 0x00, 0x00, 0x00, 0x00, 0x00, 0x00, 0x00,
  0x00, 0x04, 0x40, 0x00, 0x00, 0x00, 0x00, 0x00, 0x00, 0x00, 0x00, 0x00,
  0x00, 0x00, 0x00, 0x00, 0x00, 0x00, 0x00, 0x00,
};

const SportsLogoLayerDef layers_nfl_no[] = {
  { bitmap_nfl_no_layer_0, 214, 183, 135 },
  { bitmap_nfl_no_layer_1, 114, 107, 97 },
  { bitmap_nfl_no_layer_2, 0, 0, 0 },
  { bitmap_nfl_no_layer_3, 88, 86, 82 },
  { bitmap_nfl_no_layer_4, 48, 48, 48 },
};

const uint8_t bitmap_nfl_nyg_layer_0[] PROGMEM = {
  0x00, 0x00, 0x00, 0x00, 0x00, 0x00, 0x00, 0x00, 0x00, 0x00, 0x00, 0x00,
  0x00, 0x00, 0x00, 0x00, 0x7F, 0xFC, 0xFF, 0x3E, 0x7F, 0xFE, 0xFF, 0x3E,
  0x7F, 0xFF, 0xFF, 0x3E, 0x7F, 0xFF, 0xFF, 0x3E, 0x7F, 0xFF, 0x7F, 0x3E,
  0x1F, 0xBF, 0x3F, 0x3E, 0x1F, 0xBF, 0x3F, 0x3E, 0x1F, 0xBF, 0x3F, 0x3E,
  0x1F, 0xBF, 0x3F, 0x3E, 0x1F, 0xBF, 0x3F, 0x3E, 0x1F, 0xBF, 0x3F, 0x3E,
  0x1F, 0xBF, 0x3F, 0x7E, 0x1F, 0xBF, 0xBF, 0xFE, 0x1F, 0xBF, 0xFF, 0xFE,
  0x1F, 0xBF, 0xDF, 0xFE, 0x1F, 0x9F, 0xDF, 0xFE, 0x1F, 0x0F, 0x87, 0xFE,
  0x00, 0x00, 0x00, 0x3E, 0x1F, 0xFF, 0xFF, 0xFE, 0x1F, 0xFF, 0xFF, 0xFE,
  0x1F, 0xFF, 0xFF, 0xFE, 0x1F, 0xFF, 0xFF, 0xFE, 0x1F, 0xFF, 0xFF, 0xFC,
  0x00, 0x00, 0x00, 0x00, 0x00, 0x00, 0x00, 0x00, 0x00, 0x00, 0x00, 0x00,
  0x00, 0x00, 0x00, 0x00, 0x00, 0x00, 0x00, 0x00,
};

const SportsLogoLayerDef layers_nfl_nyg[] = {
  { bitmap_nfl_nyg_layer_0, 0, 29, 105 },
};

const uint8_t bitmap_nfl_nyj_layer_0[] PROGMEM = {
  0x00, 0x00, 0x00, 0x00, 0x00, 0x00, 0x00, 0x00, 0x00, 0x00, 0x00, 0x00,
  0x00, 0x00, 0x00, 0x00, 0x00, 0x00, 0x00, 0x00, 0x00, 0x00, 0x00, 0x00,
  0x00, 0x00, 0x00, 0x00, 0x00, 0x00, 0x00, 0x00, 0x00, 0x00, 0x00, 0x00,
  0x00, 0x00, 0x00, 0x00, 0x00, 0x00, 0x00, 0x00, 0x00, 0x00, 0x80, 0x00,
  0x00, 0x00, 0xB0, 0x00, 0x00, 0x00, 0xCF, 0xF8, 0x01, 0x7F, 0xFF, 0xFE,
  0x01, 0xFE, 0xDD, 0x3E, 0x02, 0x67, 0x65, 0xBC, 0x07, 0xBE, 0x39, 0x78,
  0x3E, 0xDF, 0x69, 0xE8, 0x5F, 0x7D, 0xB7, 0xF0, 0x00, 0x00, 0x00, 0x00,
  0x00, 0x00, 0x00, 0x00, 0x00, 0x00, 0x00, 0x00, 0x00, 0x00, 0x00, 0x00,
  0x00, 0x00, 0x00, 0x00, 0x00, 0x00, 0x00, 0x00, 0x00, 0x00, 0x00, 0x00,
  0x00, 0x00, 0x00, 0x00, 0x00, 0x00, 0x00, 0x00, 0x00, 0x00, 0x00, 0x00,
  0x00, 0x00, 0x00, 0x00, 0x00, 0x00, 0x00, 0x00,
};

const uint8_t bitmap_nfl_nyj_layer_1[] PROGMEM = {
  0x00, 0x00, 0x00, 0x00, 0x00, 0x00, 0x00, 0x00, 0x00, 0x00, 0x00, 0x00,
  0x00, 0x00, 0x00, 0x00, 0x00, 0x00, 0x00, 0x00, 0x00, 0x00, 0x00, 0x00,
  0x00, 0x00, 0x00, 0x00, 0x00, 0x00, 0x00, 0x00, 0x00, 0x00, 0x00, 0x00,
  0x00, 0x00, 0x00, 0x00, 0x00, 0x00, 0x00, 0x00, 0x00, 0x00, 0x00, 0x00,
  0x00, 0x00, 0x40, 0x00, 0x00, 0x00, 0x30, 0x00, 0x00, 0x80, 0x00, 0x00,
  0x00, 0x01, 0x22, 0x40, 0x01, 0x98, 0x1A, 0x40, 0x00, 0x00, 0x00, 0x80,
  0x01, 0x20, 0x12, 0x10, 0x20, 0x02, 0x40, 0x00, 0x00, 0x00, 0x00, 0x00,
  0x00, 0x00, 0x00, 0x00, 0x00, 0x00, 0x00, 0x00, 0x00, 0x00, 0x00, 0x00,
  0x00, 0x00, 0x00, 0x00, 0x00, 0x00, 0x00, 0x00, 0x00, 0x00, 0x00, 0x00,
  0x00, 0x00, 0x00, 0x00, 0x00, 0x00, 0x00, 0x00, 0x00, 0x00, 0x00, 0x00,
  0x00, 0x00, 0x00, 0x00, 0x00, 0x00, 0x00, 0x00,
};

const SportsLogoLayerDef layers_nfl_nyj[] = {
  { bitmap_nfl_nyj_layer_0, 0, 86, 60 },
  { bitmap_nfl_nyj_layer_1, 0, 93, 65 },
};

const uint8_t bitmap_nfl_phi_layer_0[] PROGMEM = {
  0x00, 0x00, 0x00, 0x00, 0x00, 0x00, 0x00, 0x00, 0x00, 0x00, 0x00, 0x00,
  0x00, 0x00, 0x00, 0x00, 0x00, 0x00, 0x00, 0x00, 0x00, 0x00, 0x00, 0x04,
  0x00, 0x00, 0x04, 0x40, 0x00, 0x00, 0x10, 0x04, 0x00, 0x00, 0x80, 0x00,
  0x00, 0x00, 0x48, 0xC0, 0x00, 0x00, 0x06, 0x00, 0x00, 0x48, 0x20, 0x00,
  0x00, 0xA4, 0xFF, 0xC8, 0x01, 0x08, 0x0F, 0x90, 0x00, 0xD0, 0x40, 0x00,
  0x01, 0x11, 0x00, 0x10, 0x13, 0x01, 0xFE, 0x20, 0x10, 0x22, 0x0C, 0x40,
  0x20, 0x20, 0x00, 0x80, 0x0C, 0x00, 0x41, 0x00, 0x18, 0x00, 0x00, 0x00,
  0x13, 0x00, 0x18, 0x00, 0x02, 0x01, 0x40, 0x00, 0x21, 0x00, 0x00, 0x00,
  0x08, 0x00, 0x00, 0x00, 0x00, 0x80, 0x00, 0x00, 0x00, 0x00, 0x00, 0x00,
  0x00, 0x00, 0x00, 0x00, 0x00, 0x00, 0x00, 0x00, 0x00, 0x00, 0x00, 0x00,
  0x00, 0x00, 0x00, 0x00, 0x00, 0x00, 0x00, 0x00,
};

const uint8_t bitmap_nfl_phi_layer_1[] PROGMEM = {
  0x00, 0x00, 0x00, 0x00, 0x00, 0x00, 0x00, 0x00, 0x00, 0x00, 0x00, 0x00,
  0x00, 0x00, 0x00, 0x00, 0x00, 0x00, 0x00, 0x00, 0x00, 0x00, 0x01, 0x1A,
  0x00, 0x00, 0x0B, 0x82, 0x00, 0x00, 0xE0, 0x00, 0x00, 0x02, 0x00, 0x04,
  0x00, 0x08, 0x07, 0x0E, 0x00, 0x21, 0xF8, 0x02, 0x00, 0x07, 0xC0, 0x04,
  0x00, 0x1B, 0x00, 0x00, 0x00, 0x67, 0xF0, 0x00, 0x00, 0x0F, 0x80, 0x10,
  0x08, 0x8E, 0x00, 0x00, 0x00, 0x1E, 0x00, 0x00, 0x00, 0x1C, 0x00, 0x00,
  0x00, 0x00, 0x00, 0x00, 0x40, 0x00, 0x00, 0x00, 0x00, 0x06, 0x02, 0x00,
  0x00, 0x08, 0x04, 0x00, 0x41, 0x00, 0x20, 0x00, 0x00, 0x10, 0x00, 0x00,
  0x15, 0x20, 0x00, 0x00, 0x00, 0x40, 0x00, 0x00, 0x00, 0x00, 0x00, 0x00,
  0x00, 0x00, 0x00, 0x00, 0x00, 0x00, 0x00, 0x00, 0x00, 0x00, 0x00, 0x00,
  0x00, 0x00, 0x00, 0x00, 0x00, 0x00, 0x00, 0x00,
};

const uint8_t bitmap_nfl_phi_layer_2[] PROGMEM = {
  0x00, 0x00, 0x00, 0x00, 0x00, 0x00, 0x00, 0x00, 0x00, 0x00, 0x00, 0x00,
  0x00, 0x00, 0x00, 0x00, 0x00, 0x00, 0x00, 0x00, 0x00, 0x00, 0x00, 0x00,
  0x00, 0x00, 0x00, 0x1C, 0x00, 0x00, 0x0D, 0x00, 0x00, 0x00, 0x27, 0x28,
  0x00, 0x03, 0x00, 0x00, 0x00, 0x08, 0x00, 0x58, 0x00, 0x20, 0x0F, 0x08,
  0x00, 0x40, 0x00, 0x00, 0x00, 0x80, 0x00, 0x00, 0x00, 0x00, 0x1F, 0x80,
  0x00, 0x00, 0x06, 0x20, 0x0C, 0x80, 0x01, 0x00, 0x06, 0x00, 0xC0, 0x00,
  0x18, 0x8D, 0xC0, 0x00, 0x30, 0x72, 0xA0, 0x00, 0x04, 0x38, 0x04, 0x00,
  0x08, 0xB0, 0x20, 0x00, 0x10, 0x60, 0x00, 0x00, 0x1C, 0xE0, 0x00, 0x00,
  0x00, 0xC0, 0x00, 0x00, 0x00, 0x00, 0x00, 0x00, 0x00, 0x00, 0x00, 0x00,
  0x00, 0x00, 0x00, 0x00, 0x00, 0x00, 0x00, 0x00, 0x00, 0x00, 0x00, 0x00,
  0x00, 0x00, 0x00, 0x00, 0x00, 0x00, 0x00, 0x00,
};

const uint8_t bitmap_nfl_phi_layer_3[] PROGMEM = {
  0x00, 0x00, 0x00, 0x00, 0x00, 0x00, 0x00, 0x00, 0x00, 0x00, 0x00, 0x00,
  0x00, 0x00, 0x00, 0x00, 0x00, 0x00, 0x00, 0x00, 0x00, 0x00, 0x00, 0x00,
  0x00, 0x00, 0x00, 0x00, 0x00, 0x00, 0x00, 0xF8, 0x00, 0x00, 0x18, 0x10,
  0x00, 0x00, 0x00, 0x30, 0x00, 0x04, 0x00, 0x20, 0x00, 0x00, 0x00, 0xF0,
  0x00, 0x00, 0x00, 0x30, 0x00, 0x00, 0x00, 0x60, 0x01, 0x20, 0x00, 0x40,
  0x02, 0x60, 0x01, 0xC0, 0x00, 0x40, 0x00, 0xC0, 0x09, 0x80, 0x01, 0x80,
  0x00, 0x02, 0x33, 0x00, 0x00, 0x0D, 0x1E, 0x00, 0x23, 0xC0, 0xF8, 0x00,
  0x24, 0x40, 0xC0, 0x00, 0x24, 0x80, 0x00, 0x00, 0x00, 0x00, 0x00, 0x00,
  0x00, 0x00, 0x00, 0x00, 0x00, 0x00, 0x00, 0x00, 0x00, 0x00, 0x00, 0x00,
  0x00, 0x00, 0x00, 0x00, 0x00, 0x00, 0x00, 0x00, 0x00, 0x00, 0x00, 0x00,
  0x00, 0x00, 0x00, 0x00, 0x00, 0x00, 0x00, 0x00,
};

const uint8_t bitmap_nfl_phi_layer_4[] PROGMEM = {
  0x00, 0x00, 0x00, 0x00, 0x00, 0x00, 0x00, 0x00, 0x00, 0x00, 0x00, 0x00,
  0x00, 0x00, 0x00, 0x00, 0x00, 0x00, 0x00, 0x00, 0x00, 0x00, 0x00, 0x00,
  0x00, 0x00, 0x00, 0x20, 0x00, 0x00, 0x02, 0x00, 0x00, 0x01, 0x40, 0xC0,
  0x00, 0x04, 0xB0, 0x00, 0x00, 0x12, 0x01, 0x84, 0x00, 0x10, 0x10, 0x00,
  0x00, 0x00, 0x00, 0x00, 0x00, 0x10, 0x00, 0x00, 0x02, 0x00, 0x20, 0x20,
  0x04, 0x00, 0xF8, 0x00, 0x00, 0x20, 0x00, 0x00, 0x00, 0x41, 0x32, 0x00,
  0x07, 0x50, 0x0C, 0x00, 0x03, 0x80, 0x00, 0x00, 0x40, 0x01, 0x00, 0x00,
  0x40, 0x01, 0x00, 0x00, 0x08, 0x10, 0x80, 0x00, 0x02, 0x00, 0x00, 0x00,
  0x00, 0x00, 0x00, 0x00, 0x00, 0x00, 0x00, 0x00, 0x00, 0x00, 0x00, 0x00,
  0x00, 0x00, 0x00, 0x00, 0x00, 0x00, 0x00, 0x00, 0x00, 0x00, 0x00, 0x00,
  0x00, 0x00, 0x00, 0x00, 0x00, 0x00, 0x00, 0x00,
};

const SportsLogoLayerDef layers_nfl_phi[] = {
  { bitmap_nfl_phi_layer_0, 186, 197, 199 },
  { bitmap_nfl_phi_layer_1, 255, 255, 255 },
  { bitmap_nfl_phi_layer_2, 72, 89, 92 },
  { bitmap_nfl_phi_layer_3, 16, 25, 26 },
  { bitmap_nfl_phi_layer_4, 128, 142, 145 },
};

const uint8_t bitmap_nfl_pit_layer_0[] PROGMEM = {
  0x00, 0x00, 0x00, 0x00, 0x00, 0x00, 0x00, 0x00, 0x00, 0x00, 0x00, 0x00,
  0x00, 0x00, 0x00, 0x00, 0x00, 0x07, 0xE0, 0x00, 0x00, 0x3E, 0x7C, 0x00,
  0x00, 0x7E, 0x7E, 0x00, 0x00, 0xFE, 0x7F, 0x00, 0x01, 0xFC, 0x3F, 0x80,
  0x03, 0xE0, 0x07, 0xC0, 0x07, 0xE0, 0x07, 0xE0, 0x07, 0xFC, 0x19, 0xE0,
  0x07, 0xFE, 0x39, 0xE0, 0x0F, 0xFE, 0x79, 0xF0, 0x08, 0xCE, 0x70, 0xF0,
  0x08, 0x01, 0x80, 0x10, 0x08, 0x01, 0x80, 0x10, 0x0F, 0xFE, 0x70, 0x70,
  0x0F, 0xFE, 0x78, 0xF0, 0x07, 0xFE, 0x79, 0xE0, 0x07, 0xFC, 0x39, 0xE0,
  0x07, 0xE0, 0x0F, 0xE0, 0x03, 0xE0, 0x07, 0xC0, 0x01, 0xFC, 0x1F, 0x80,
  0x00, 0xFE, 0x3F, 0x00, 0x00, 0x7E, 0x7E, 0x00, 0x00, 0x3E, 0x7C, 0x00,
  0x00, 0x07, 0xE0, 0x00, 0x00, 0x00, 0x00, 0x00, 0x00, 0x00, 0x00, 0x00,
  0x00, 0x00, 0x00, 0x00, 0x00, 0x00, 0x00, 0x00,
};

const uint8_t bitmap_nfl_pit_layer_1[] PROGMEM = {
  0x00, 0x00, 0x00, 0x00, 0x00, 0x00, 0x00, 0x00, 0x00, 0x1F, 0xF8, 0x00,
  0x00, 0x7F, 0xFE, 0x00, 0x01, 0xF0, 0x0F, 0x80, 0x03, 0xC0, 0x03, 0xC0,
  0x07, 0x00, 0x00, 0xE0, 0x0E, 0x00, 0x00, 0x70, 0x0C, 0x00, 0x00, 0x30,
  0x1C, 0x00, 0x00, 0x38, 0x18, 0x00, 0x00, 0x18, 0x38, 0x00, 0x00, 0x1C,
  0x30, 0x00, 0x00, 0x0C, 0x30, 0x00, 0x00, 0x0C, 0x34, 0x20, 0x00, 0x0C,
  0x34, 0x00, 0x00, 0x0C, 0x35, 0x04, 0x00, 0x0C, 0x30, 0x00, 0x00, 0x0C,
  0x30, 0x01, 0x80, 0x0C, 0x30, 0x00, 0x04, 0x0C, 0x30, 0x02, 0x00, 0x0C,
  0x18, 0x08, 0x10, 0x18, 0x18, 0x08, 0x08, 0x18, 0x0C, 0x00, 0x20, 0x30,
  0x0E, 0x00, 0x40, 0x70, 0x07, 0x01, 0x00, 0xE0, 0x03, 0x80, 0x81, 0xC0,
  0x01, 0xE0, 0x07, 0x80, 0x00, 0x7F, 0xFE, 0x00, 0x00, 0x1F, 0xF8, 0x00,
  0x00, 0x00, 0x00, 0x00, 0x00, 0x00, 0x00, 0x00,
};

const uint8_t bitmap_nfl_pit_layer_2[] PROGMEM = {
  0x00, 0x00, 0x00, 0x00, 0x00, 0x1F, 0xF8, 0x00, 0x00, 0x60, 0x06, 0x00,
  0x01, 0x80, 0x01, 0x80, 0x02, 0x00, 0x00, 0x40, 0x04, 0x00, 0x00, 0x20,
  0x08, 0x00, 0x00, 0x10, 0x10, 0x00, 0x00, 0x08, 0x10, 0x00, 0x00, 0x08,
  0x20, 0x00, 0x00, 0x04, 0x20, 0x00, 0x00, 0x04, 0x40, 0x00, 0x00, 0x02,
  0x40, 0x00, 0x00, 0x02, 0x40, 0x00, 0x00, 0x02, 0x42, 0x00, 0x00, 0x02,
  0x43, 0xFE, 0x00, 0x02, 0x42, 0xFA, 0x00, 0x02, 0x40, 0x00, 0x00, 0x02,
  0x40, 0x00, 0x00, 0x02, 0x40, 0x01, 0x80, 0x02, 0x40, 0x01, 0xC0, 0x02,
  0x20, 0x07, 0xE0, 0x04, 0x20, 0x07, 0xF0, 0x04, 0x10, 0x03, 0xC0, 0x08,
  0x10, 0x01, 0x80, 0x08, 0x08, 0x00, 0x80, 0x10, 0x04, 0x00, 0x00, 0x20,
  0x02, 0x00, 0x00, 0x40, 0x01, 0x80, 0x01, 0x80, 0x00, 0x60, 0x06, 0x00,
  0x00, 0x1F, 0xF8, 0x00, 0x00, 0x00, 0x00, 0x00,
};

const uint8_t bitmap_nfl_pit_layer_3[] PROGMEM = {
  0x00, 0x00, 0x00, 0x00, 0x00, 0x00, 0x00, 0x00, 0x00, 0x00, 0x00, 0x00,
  0x00, 0x00, 0x00, 0x00, 0x00, 0x08, 0x10, 0x00, 0x00, 0x01, 0x80, 0x00,
  0x00, 0x81, 0x81, 0x00, 0x01, 0x00, 0x00, 0x80, 0x02, 0x02, 0x00, 0x40,
  0x00, 0x18, 0x18, 0x00, 0x00, 0x18, 0x08, 0x00, 0x00, 0x00, 0x26, 0x00,
  0x08, 0x00, 0x44, 0x10, 0x00, 0x01, 0x00, 0x00, 0x01, 0x11, 0x80, 0x00,
  0x00, 0x00, 0x40, 0x60, 0x00, 0x00, 0x40, 0x20, 0x00, 0x01, 0x80, 0x80,
  0x00, 0x00, 0x01, 0x00, 0x08, 0x00, 0x00, 0x10, 0x08, 0x00, 0x06, 0x10,
  0x00, 0x10, 0x00, 0x00, 0x04, 0x10, 0x00, 0x20, 0x02, 0x00, 0x00, 0x40,
  0x01, 0x00, 0x00, 0x80, 0x00, 0x80, 0x01, 0x00, 0x00, 0x41, 0x02, 0x00,
  0x00, 0x18, 0x18, 0x00, 0x00, 0x00, 0x00, 0x00, 0x00, 0x00, 0x00, 0x00,
  0x00, 0x00, 0x00, 0x00, 0x00, 0x00, 0x00, 0x00,
};

const uint8_t bitmap_nfl_pit_layer_4[] PROGMEM = {
  0x00, 0x00, 0x00, 0x00, 0x00, 0x00, 0x00, 0x00, 0x00, 0x00, 0x00, 0x00,
  0x00, 0x00, 0x00, 0x00, 0x00, 0x00, 0x00, 0x00, 0x00, 0x00, 0x00, 0x00,
  0x00, 0x00, 0x00, 0x00, 0x00, 0x01, 0x80, 0x00, 0x00, 0x01, 0xC0, 0x00,
  0x00, 0x07, 0xE0, 0x00, 0x00, 0x07, 0xF0, 0x00, 0x00, 0x03, 0xC0, 0x00,
  0x00, 0x01, 0x82, 0x00, 0x00, 0x00, 0x86, 0x00, 0x00, 0x00, 0x0F, 0x00,
  0x00, 0x00, 0x3F, 0x80, 0x00, 0x00, 0x3F, 0xC0, 0x00, 0x00, 0x0F, 0x00,
  0x00, 0x00, 0x06, 0x00, 0x00, 0x00, 0x02, 0x00, 0x00, 0x00, 0x00, 0x00,
  0x00, 0x00, 0x00, 0x00, 0x00, 0x00, 0x00, 0x00, 0x00, 0x00, 0x00, 0x00,
  0x00, 0x00, 0x00, 0x00, 0x00, 0x00, 0x00, 0x00, 0x00, 0x00, 0x00, 0x00,
  0x00, 0x00, 0x00, 0x00, 0x00, 0x00, 0x00, 0x00, 0x00, 0x00, 0x00, 0x00,
  0x00, 0x00, 0x00, 0x00, 0x00, 0x00, 0x00, 0x00,
};

const SportsLogoLayerDef layers_nfl_pit[] = {
  { bitmap_nfl_pit_layer_0, 255, 255, 255 },
  { bitmap_nfl_pit_layer_1, 155, 164, 166 },
  { bitmap_nfl_pit_layer_2, 66, 88, 106 },
  { bitmap_nfl_pit_layer_3, 227, 209, 193 },
  { bitmap_nfl_pit_layer_4, 243, 102, 41 },
};

const uint8_t bitmap_nfl_sea_layer_0[] PROGMEM = {
  0x00, 0x00, 0x00, 0x00, 0x00, 0x00, 0x00, 0x00, 0x00, 0x00, 0x00, 0x00,
  0x00, 0x00, 0x00, 0x00, 0x00, 0x00, 0x00, 0x00, 0x00, 0x00, 0x00, 0x00,
  0x00, 0x00, 0x00, 0x00, 0x00, 0x00, 0x00, 0x00, 0x00, 0x00, 0x00, 0x00,
  0x00, 0x00, 0x00, 0x00, 0x01, 0xFC, 0x1C, 0x00, 0x08, 0x00, 0x01, 0x00,
  0x00, 0x06, 0x30, 0x20, 0x00, 0x05, 0x01, 0x00, 0x00, 0x08, 0x04, 0x00,
  0x00, 0x00, 0x78, 0x02, 0x1F, 0xF0, 0xF8, 0x02, 0x3F, 0xF0, 0x40, 0xC8,
  0x00, 0x05, 0x40, 0x04, 0x00, 0x00, 0x00, 0x00, 0x00, 0x00, 0x00, 0x00,
  0x00, 0x00, 0x00, 0x00, 0x00, 0x00, 0x00, 0x00, 0x00, 0x00, 0x00, 0x00,
  0x00, 0x00, 0x00, 0x00, 0x00, 0x00, 0x00, 0x00, 0x00, 0x00, 0x00, 0x00,
  0x00, 0x00, 0x00, 0x00, 0x00, 0x00, 0x00, 0x00, 0x00, 0x00, 0x00, 0x00,
  0x00, 0x00, 0x00, 0x00, 0x00, 0x00, 0x00, 0x00,
};

const uint8_t bitmap_nfl_sea_layer_1[] PROGMEM = {
  0x00, 0x00, 0x00, 0x00, 0x00, 0x00, 0x00, 0x00, 0x00, 0x00, 0x00, 0x00,
  0x00, 0x00, 0x00, 0x00, 0x00, 0x00, 0x00, 0x00, 0x00, 0x00, 0x00, 0x00,
  0x00, 0x00, 0x00, 0x00, 0x00, 0x00, 0x00, 0x00, 0x00, 0x00, 0x00, 0x00,
  0x04, 0x00, 0x00, 0x00, 0x00, 0x00, 0x02, 0x00, 0x00, 0x00, 0x00, 0xC0,
  0x00, 0x00, 0x00, 0x08, 0x20, 0x00, 0x00, 0x00, 0x20, 0x11, 0x81, 0xE0,
  0x40, 0x08, 0x01, 0xF0, 0x40, 0x04, 0x01, 0xF0, 0x00, 0x00, 0x00, 0x12,
  0x40, 0x08, 0x00, 0x00, 0x1F, 0xFF, 0xFF, 0x84, 0x00, 0x00, 0x00, 0x28,
  0x00, 0x00, 0x00, 0x30, 0x00, 0x00, 0x00, 0x00, 0x00, 0x00, 0x00, 0x00,
  0x00, 0x00, 0x00, 0x00, 0x00, 0x00, 0x00, 0x00, 0x00, 0x00, 0x00, 0x00,
  0x00, 0x00, 0x00, 0x00, 0x00, 0x00, 0x00, 0x00, 0x00, 0x00, 0x00, 0x00,
  0x00, 0x00, 0x00, 0x00, 0x00, 0x00, 0x00, 0x00,
};

const uint8_t bitmap_nfl_sea_layer_2[] PROGMEM = {
  0x00, 0x00, 0x00, 0x00, 0x00, 0x00, 0x00, 0x00, 0x00, 0x00, 0x00, 0x00,
  0x00, 0x00, 0x00, 0x00, 0x00, 0x00, 0x00, 0x00, 0x00, 0x00, 0x00, 0x00,
  0x00, 0x00, 0x00, 0x00, 0x00, 0x00, 0x00, 0x00, 0x00, 0x00, 0x00, 0x00,
  0x00, 0x00, 0x00, 0x00, 0x00, 0x00, 0x00, 0x00, 0x07, 0xFE, 0x3C, 0x00,
  0x0F, 0xF8, 0x07, 0x00, 0x0F, 0xE2, 0x72, 0x30, 0x00, 0x06, 0x30, 0x0C,
  0x00, 0x03, 0x00, 0x04, 0x00, 0x03, 0x00, 0x04, 0x00, 0x02, 0x00, 0x04,
  0x00, 0x00, 0x00, 0x08, 0x00, 0x00, 0x00, 0x10, 0x00, 0x00, 0x00, 0x00,
  0x00, 0x00, 0x00, 0x00, 0x00, 0x00, 0x00, 0x00, 0x00, 0x00, 0x00, 0x00,
  0x00, 0x00, 0x00, 0x00, 0x00, 0x00, 0x00, 0x00, 0x00, 0x00, 0x00, 0x00,
  0x00, 0x00, 0x00, 0x00, 0x00, 0x00, 0x00, 0x00, 0x00, 0x00, 0x00, 0x00,
  0x00, 0x00, 0x00, 0x00, 0x00, 0x00, 0x00, 0x00,
};

const uint8_t bitmap_nfl_sea_layer_3[] PROGMEM = {
  0x00, 0x00, 0x00, 0x00, 0x00, 0x00, 0x00, 0x00, 0x00, 0x00, 0x00, 0x00,
  0x00, 0x00, 0x00, 0x00, 0x00, 0x00, 0x00, 0x00, 0x00, 0x00, 0x00, 0x00,
  0x00, 0x00, 0x00, 0x00, 0x00, 0x00, 0x00, 0x00, 0x00, 0x00, 0x00, 0x00,
  0x00, 0x00, 0x00, 0x00, 0x08, 0x00, 0x00, 0x00, 0x00, 0x00, 0x00, 0x00,
  0x10, 0x00, 0x00, 0x10, 0x00, 0x08, 0x80, 0x84, 0x1F, 0xE0, 0x00, 0x12,
  0x3F, 0xF0, 0x02, 0x08, 0x20, 0x08, 0x06, 0x08, 0x40, 0x09, 0x00, 0x20,
  0x3F, 0xF0, 0x00, 0x00, 0x00, 0x00, 0x00, 0x60, 0x00, 0x00, 0x00, 0x10,
  0x00, 0x00, 0x00, 0x00, 0x00, 0x00, 0x00, 0x00, 0x00, 0x00, 0x00, 0x00,
  0x00, 0x00, 0x00, 0x00, 0x00, 0x00, 0x00, 0x00, 0x00, 0x00, 0x00, 0x00,
  0x00, 0x00, 0x00, 0x00, 0x00, 0x00, 0x00, 0x00, 0x00, 0x00, 0x00, 0x00,
  0x00, 0x00, 0x00, 0x00, 0x00, 0x00, 0x00, 0x00,
};

const uint8_t bitmap_nfl_sea_layer_4[] PROGMEM = {
  0x00, 0x00, 0x00, 0x00, 0x00, 0x00, 0x00, 0x00, 0x00, 0x00, 0x00, 0x00,
  0x00, 0x00, 0x00, 0x00, 0x00, 0x00, 0x00, 0x00, 0x00, 0x00, 0x00, 0x00,
  0x00, 0x00, 0x00, 0x00, 0x00, 0x00, 0x00, 0x00, 0x00, 0x00, 0x00, 0x00,
  0x00, 0x00, 0x00, 0x00, 0x06, 0x03, 0xE0, 0x00, 0x00, 0x01, 0xC2, 0x00,
  0x00, 0x01, 0xC8, 0xC0, 0x10, 0x10, 0x0C, 0x48, 0x00, 0x00, 0x4A, 0x00,
  0x00, 0x04, 0x84, 0x00, 0x00, 0x00, 0x00, 0x00, 0x00, 0x04, 0xBF, 0x00,
  0x00, 0x02, 0xBF, 0xF0, 0x00, 0x00, 0x00, 0x08, 0x00, 0x00, 0x00, 0x00,
  0x00, 0x00, 0x00, 0x00, 0x00, 0x00, 0x00, 0x00, 0x00, 0x00, 0x00, 0x00,
  0x00, 0x00, 0x00, 0x00, 0x00, 0x00, 0x00, 0x00, 0x00, 0x00, 0x00, 0x00,
  0x00, 0x00, 0x00, 0x00, 0x00, 0x00, 0x00, 0x00, 0x00, 0x00, 0x00, 0x00,
  0x00, 0x00, 0x00, 0x00, 0x00, 0x00, 0x00, 0x00,
};

const SportsLogoLayerDef layers_nfl_sea[] = {
  { bitmap_nfl_sea_layer_0, 140, 150, 165 },
  { bitmap_nfl_sea_layer_1, 255, 255, 255 },
  { bitmap_nfl_sea_layer_2, 8, 32, 64 },
  { bitmap_nfl_sea_layer_3, 195, 201, 207 },
  { bitmap_nfl_sea_layer_4, 78, 95, 122 },
};

const uint8_t bitmap_nfl_sf_layer_0[] PROGMEM = {
  0x00, 0x00, 0x00, 0x00, 0x00, 0x00, 0x00, 0x00, 0x00, 0x00, 0x00, 0x00,
  0x00, 0x00, 0x00, 0x00, 0x00, 0x00, 0x00, 0x00, 0x00, 0x00, 0x00, 0x00,
  0x00, 0x00, 0x00, 0x00, 0x00, 0x00, 0x00, 0x00, 0x00, 0x00, 0x00, 0x00,
  0x00, 0x3F, 0xFC, 0x00, 0x00, 0xF0, 0x0F, 0x00, 0x01, 0xC3, 0x0F, 0x80,
  0x03, 0xC0, 0x0F, 0xC0, 0x07, 0xC0, 0x0F, 0xE0, 0x07, 0xE0, 0x07, 0xF0,
  0x0F, 0xCC, 0x00, 0x70, 0x0F, 0xC0, 0x01, 0x70, 0x07, 0xC0, 0x13, 0x60,
  0x07, 0xDE, 0x03, 0xE0, 0x03, 0xFE, 0x13, 0xC0, 0x01, 0xFE, 0x3B, 0x80,
  0x00, 0xF8, 0x0F, 0x00, 0x00, 0x3F, 0xFC, 0x00, 0x00, 0x00, 0x00, 0x00,
  0x00, 0x00, 0x00, 0x00, 0x00, 0x00, 0x00, 0x00, 0x00, 0x00, 0x00, 0x00,
  0x00, 0x00, 0x00, 0x00, 0x00, 0x00, 0x00, 0x00, 0x00, 0x00, 0x00, 0x00,
  0x00, 0x00, 0x00, 0x00, 0x00, 0x00, 0x00, 0x00,
};

const uint8_t bitmap_nfl_sf_layer_1[] PROGMEM = {
  0x00, 0x00, 0x00, 0x00, 0x00, 0x00, 0x00, 0x00, 0x00, 0x00, 0x00, 0x00,
  0x00, 0x00, 0x00, 0x00, 0x00, 0x00, 0x00, 0x00, 0x00, 0x00, 0x00, 0x00,
  0x00, 0x00, 0x00, 0x00, 0x00, 0x00, 0x00, 0x00, 0x00, 0x3F, 0xFC, 0x00,
  0x01, 0xC0, 0x03, 0x80, 0x07, 0x00, 0x00, 0xE0, 0x0C, 0x04, 0x80, 0x30,
  0x18, 0x00, 0x30, 0x18, 0x30, 0x00, 0x00, 0x0C, 0x30, 0x10, 0x08, 0x0C,
  0x20, 0x00, 0x00, 0x04, 0x20, 0x00, 0x1E, 0x04, 0x30, 0x00, 0x20, 0x0C,
  0x30, 0x20, 0x00, 0x0C, 0x18, 0x00, 0x20, 0x18, 0x0C, 0x00, 0x04, 0x30,
  0x03, 0x00, 0x10, 0xE0, 0x01, 0xC0, 0x03, 0x80, 0x00, 0x3F, 0xFC, 0x00,
  0x00, 0x00, 0x00, 0x00, 0x00, 0x00, 0x00, 0x00, 0x00, 0x00, 0x00, 0x00,
  0x00, 0x00, 0x00, 0x00, 0x00, 0x00, 0x00, 0x00, 0x00, 0x00, 0x00, 0x00,
  0x00, 0x00, 0x00, 0x00, 0x00, 0x00, 0x00, 0x00,
};

const uint8_t bitmap_nfl_sf_layer_2[] PROGMEM = {
  0x00, 0x00, 0x00, 0x00, 0x00, 0x00, 0x00, 0x00, 0x00, 0x00, 0x00, 0x00,
  0x00, 0x00, 0x00, 0x00, 0x00, 0x00, 0x00, 0x00, 0x00, 0x00, 0x00, 0x00,
  0x00, 0x00, 0x00, 0x00, 0x00, 0x07, 0xE0, 0x00, 0x00, 0x40, 0x02, 0x00,
  0x00, 0x00, 0x00, 0x40, 0x00, 0x00, 0x00, 0x00, 0x02, 0x20, 0x40, 0x40,
  0x04, 0x00, 0xC0, 0x20, 0x08, 0x00, 0x10, 0x10, 0x08, 0x0F, 0x80, 0x00,
  0x50, 0x12, 0x48, 0x0A, 0x50, 0x06, 0x00, 0x0A, 0x08, 0x1D, 0xC8, 0x90,
  0x08, 0x01, 0x00, 0x10, 0x04, 0x00, 0x48, 0x20, 0x02, 0x00, 0x40, 0x40,
  0x04, 0x04, 0x00, 0x00, 0x00, 0x00, 0x00, 0x00, 0x00, 0x40, 0x02, 0x00,
  0x00, 0x07, 0xE0, 0x00, 0x00, 0x00, 0x00, 0x00, 0x00, 0x00, 0x00, 0x00,
  0x00, 0x00, 0x00, 0x00, 0x00, 0x00, 0x00, 0x00, 0x00, 0x00, 0x00, 0x00,
  0x00, 0x00, 0x00, 0x00, 0x00, 0x00, 0x00, 0x00,
};

const uint8_t bitmap_nfl_sf_layer_3[] PROGMEM = {
  0x00, 0x00, 0x00, 0x00, 0x00, 0x00, 0x00, 0x00, 0x00, 0x00, 0x00, 0x00,
  0x00, 0x00, 0x00, 0x00, 0x00, 0x00, 0x00, 0x00, 0x00, 0x00, 0x00, 0x00,
  0x00, 0x00, 0x00, 0x00, 0x00, 0x18, 0x18, 0x00, 0x00, 0x80, 0x01, 0x00,
  0x02, 0x00, 0x00, 0x00, 0x08, 0x0F, 0xF0, 0x10, 0x10, 0x00, 0x10, 0x08,
  0x20, 0x07, 0x00, 0x04, 0x00, 0x20, 0x00, 0x00, 0x40, 0x00, 0x40, 0x02,
  0x00, 0x21, 0x86, 0x80, 0x00, 0x09, 0xE0, 0x00, 0x40, 0x22, 0x04, 0x02,
  0x00, 0x00, 0xF4, 0x00, 0x20, 0x01, 0x04, 0x04, 0x10, 0x01, 0x00, 0x08,
  0x00, 0x02, 0x20, 0x10, 0x02, 0x00, 0x00, 0x40, 0x00, 0x80, 0x01, 0x00,
  0x00, 0x18, 0x18, 0x00, 0x00, 0x00, 0x00, 0x00, 0x00, 0x00, 0x00, 0x00,
  0x00, 0x00, 0x00, 0x00, 0x00, 0x00, 0x00, 0x00, 0x00, 0x00, 0x00, 0x00,
  0x00, 0x00, 0x00, 0x00, 0x00, 0x00, 0x00, 0x00,
};

const uint8_t bitmap_nfl_sf_layer_4[] PROGMEM = {
  0x00, 0x00, 0x00, 0x00, 0x00, 0x00, 0x00, 0x00, 0x00, 0x00, 0x00, 0x00,
  0x00, 0x00, 0x00, 0x00, 0x00, 0x00, 0x00, 0x00, 0x00, 0x00, 0x00, 0x00,
  0x00, 0x00, 0x00, 0x00, 0x00, 0x20, 0x04, 0x00, 0x01, 0x00, 0x00, 0x80,
  0x04, 0x00, 0x00, 0x20, 0x00, 0x00, 0x00, 0x00, 0x00, 0x18, 0x20, 0x00,
  0x00, 0x38, 0x00, 0x00, 0x40, 0x1F, 0xE0, 0x02, 0x00, 0x00, 0x30, 0x00,
  0x00, 0x00, 0x31, 0x00, 0x00, 0x30, 0x00, 0x80, 0x00, 0x00, 0x00, 0x00,
  0x40, 0x00, 0x08, 0x02, 0x00, 0x00, 0x80, 0x00, 0x00, 0x00, 0x80, 0x00,
  0x08, 0x01, 0xC0, 0x00, 0x04, 0x00, 0x00, 0x20, 0x01, 0x00, 0x00, 0x80,
  0x00, 0x20, 0x04, 0x00, 0x00, 0x00, 0x00, 0x00, 0x00, 0x00, 0x00, 0x00,
  0x00, 0x00, 0x00, 0x00, 0x00, 0x00, 0x00, 0x00, 0x00, 0x00, 0x00, 0x00,
  0x00, 0x00, 0x00, 0x00, 0x00, 0x00, 0x00, 0x00,
};

const SportsLogoLayerDef layers_nfl_sf[] = {
  { bitmap_nfl_sf_layer_0, 186, 12, 8 },
  { bitmap_nfl_sf_layer_1, 64, 41, 31 },
  { bitmap_nfl_sf_layer_2, 144, 120, 107 },
  { bitmap_nfl_sf_layer_3, 187, 187, 187 },
  { bitmap_nfl_sf_layer_4, 255, 255, 255 },
};

const uint8_t bitmap_nfl_tb_layer_0[] PROGMEM = {
  0x00, 0x00, 0x00, 0x00, 0x00, 0x00, 0x00, 0x00, 0x00, 0x00, 0x00, 0x00,
  0x00, 0x00, 0x00, 0x00, 0x00, 0x00, 0x00, 0x00, 0x00, 0x00, 0x00, 0x00,
  0x00, 0x3F, 0x80, 0x00, 0x00, 0x2F, 0x00, 0x04, 0x00, 0x2E, 0x03, 0xFC,
  0x00, 0x66, 0x03, 0xF8, 0x00, 0xE6, 0x03, 0xF8, 0x01, 0xE2, 0x03, 0xF8,
  0x01, 0xF0, 0x07, 0x30, 0x00, 0xF0, 0x0C, 0x30, 0x01, 0xE0, 0x00, 0x70,
  0x07, 0xE3, 0x40, 0xE0, 0x08, 0x01, 0xC3, 0xC0, 0x00, 0x04, 0xC7, 0xC0,
  0x00, 0x00, 0x43, 0x80, 0x00, 0x00, 0x00, 0x00, 0x00, 0x00, 0x00, 0x00,
  0x00, 0x00, 0x00, 0x00, 0x00, 0x00, 0x00, 0x00, 0x00, 0x00, 0x00, 0x00,
  0x00, 0x00, 0x00, 0x00, 0x00, 0x00, 0x00, 0x00, 0x00, 0x00, 0x00, 0x00,
  0x00, 0x00, 0x00, 0x00, 0x00, 0x00, 0x00, 0x00, 0x00, 0x00, 0x00, 0x00,
  0x00, 0x00, 0x00, 0x00, 0x00, 0x00, 0x00, 0x00,
};

const uint8_t bitmap_nfl_tb_layer_1[] PROGMEM = {
  0x00, 0x00, 0x00, 0x00, 0x00, 0x00, 0x00, 0x00, 0x00, 0x00, 0x00, 0x00,
  0x00, 0x00, 0x00, 0x00, 0x00, 0x1F, 0x80, 0x06, 0x00, 0x40, 0x30, 0x04,
  0x01, 0x00, 0x06, 0x08, 0x01, 0x00, 0x00, 0x02, 0x00, 0x80, 0x00, 0x02,
  0x02, 0x10, 0x84, 0x02, 0x00, 0x19, 0xC0, 0x02, 0x04, 0x00, 0x38, 0x00,
  0x00, 0x0C, 0x90, 0x04, 0x04, 0x06, 0x20, 0x80, 0x08, 0x02, 0x47, 0x08,
  0x10, 0x0C, 0x1E, 0x00, 0x20, 0x00, 0x00, 0x10, 0x07, 0xE0, 0x18, 0x00,
  0x50, 0x08, 0x00, 0x20, 0x60, 0x02, 0x00, 0x40, 0x00, 0x00, 0xEF, 0x80,
  0x00, 0x00, 0x05, 0x80, 0x00, 0x00, 0x2F, 0x00, 0x00, 0x00, 0x07, 0x00,
  0x00, 0x00, 0x1A, 0x00, 0x00, 0x00, 0x3E, 0x00, 0x00, 0x00, 0x32, 0x00,
  0x00, 0x00, 0x66, 0x00, 0x00, 0x00, 0x30, 0x00, 0x00, 0x00, 0x00, 0x00,
  0x00, 0x00, 0x00, 0x00, 0x00, 0x00, 0x00, 0x00,
};

const uint8_t bitmap_nfl_tb_layer_2[] PROGMEM = {
  0x00, 0x00, 0x00, 0x00, 0x00, 0x00, 0x00, 0x00, 0x00, 0x00, 0x00, 0x00,
  0x00, 0x00, 0x00, 0x00, 0x00, 0x00, 0x00, 0x00, 0x00, 0x1F, 0x80, 0x00,
  0x00, 0x40, 0x60, 0x00, 0x00, 0x50, 0x06, 0x08, 0x00, 0x41, 0x00, 0x00,
  0x00, 0x89, 0x00, 0x04, 0x01, 0x00, 0x04, 0x04, 0x00, 0x14, 0x04, 0x00,
  0x00, 0x02, 0x00, 0xC8, 0x01, 0x08, 0x02, 0x40, 0x02, 0x18, 0x18, 0x80,
  0x08, 0x00, 0x01, 0x00, 0x16, 0x72, 0x2C, 0x20, 0x10, 0x0B, 0x00, 0x00,
  0x00, 0x03, 0xA4, 0x40, 0x00, 0x00, 0x7E, 0x00, 0x00, 0x00, 0x00, 0x00,
  0x00, 0x00, 0x00, 0x00, 0x00, 0x00, 0x00, 0x00, 0x00, 0x00, 0x00, 0x00,
  0x00, 0x00, 0x00, 0x00, 0x00, 0x00, 0x00, 0x00, 0x00, 0x00, 0x00, 0x00,
  0x00, 0x00, 0x00, 0x00, 0x00, 0x00, 0x00, 0x00, 0x00, 0x00, 0x00, 0x00,
  0x00, 0x00, 0x00, 0x00, 0x00, 0x00, 0x00, 0x00,
};

const uint8_t bitmap_nfl_tb_layer_3[] PROGMEM = {
  0x00, 0x00, 0x00, 0x00, 0x00, 0x00, 0x00, 0x00, 0x00, 0x00, 0x00, 0x00,
  0x00, 0x00, 0x00, 0x00, 0x00, 0x00, 0x00, 0x00, 0x00, 0x20, 0x40, 0x02,
  0x00, 0x80, 0x18, 0x06, 0x00, 0x80, 0x89, 0xF0, 0x00, 0x10, 0x04, 0x00,
  0x01, 0x00, 0x00, 0x00, 0x06, 0x00, 0x00, 0x00, 0x02, 0x01, 0x00, 0x04,
  0x02, 0x01, 0x08, 0x00, 0x02, 0x01, 0x11, 0x08, 0x04, 0x05, 0xA0, 0x00,
  0x00, 0x10, 0x20, 0x10, 0x01, 0x8C, 0x10, 0x00, 0x28, 0x10, 0x20, 0x20,
  0x20, 0x04, 0x18, 0x00, 0x00, 0x01, 0x81, 0x80, 0x00, 0x00, 0x10, 0x00,
  0x00, 0x00, 0x00, 0x00, 0x00, 0x00, 0x10, 0x00, 0x00, 0x00, 0x18, 0x00,
  0x00, 0x00, 0x04, 0x00, 0x00, 0x00, 0x00, 0x00, 0x00, 0x00, 0x0C, 0x00,
  0x00, 0x00, 0x18, 0x00, 0x00, 0x00, 0x00, 0x00, 0x00, 0x00, 0x00, 0x00,
  0x00, 0x00, 0x00, 0x00, 0x00, 0x00, 0x00, 0x00,
};

const uint8_t bitmap_nfl_tb_layer_4[] PROGMEM = {
  0x00, 0x00, 0x00, 0x00, 0x00, 0x00, 0x00, 0x00, 0x00, 0x00, 0x00, 0x06,
  0x00, 0x00, 0x00, 0x06, 0x00, 0x20, 0x40, 0x00, 0x00, 0x80, 0x08, 0x00,
  0x00, 0x00, 0x01, 0x10, 0x02, 0x00, 0x70, 0x00, 0x03, 0x00, 0xF8, 0x00,
  0x04, 0x00, 0x78, 0x00, 0x08, 0x00, 0x38, 0x00, 0x08, 0x08, 0xC0, 0x00,
  0x04, 0x00, 0x60, 0x00, 0x00, 0x00, 0xC0, 0x04, 0x00, 0x00, 0x00, 0x00,
  0x00, 0x00, 0x80, 0x08, 0x00, 0x00, 0x00, 0x00, 0x40, 0x00, 0x00, 0x10,
  0x00, 0x00, 0x00, 0x00, 0x00, 0x04, 0x00, 0x00, 0x40, 0x00, 0x00, 0x40,
  0x00, 0x00, 0x02, 0x00, 0x00, 0x00, 0x00, 0x00, 0x00, 0x00, 0x20, 0x00,
  0x00, 0x00, 0x20, 0x00, 0x00, 0x00, 0x01, 0x00, 0x00, 0x00, 0x40, 0x00,
  0x00, 0x00, 0x00, 0x00, 0x00, 0x00, 0x08, 0x00, 0x00, 0x00, 0x00, 0x00,
  0x00, 0x00, 0x00, 0x00, 0x00, 0x00, 0x00, 0x00,
};

const SportsLogoLayerDef layers_nfl_tb[] = {
  { bitmap_nfl_tb_layer_0, 199, 19, 42 },
  { bitmap_nfl_tb_layer_1, 103, 107, 109 },
  { bitmap_nfl_tb_layer_2, 149, 16, 34 },
  { bitmap_nfl_tb_layer_3, 92, 46, 53 },
  { bitmap_nfl_tb_layer_4, 187, 196, 197 },
};

const uint8_t bitmap_nfl_ten_layer_0[] PROGMEM = {
  0x00, 0x00, 0x00, 0x00, 0x00, 0x00, 0x00, 0x00, 0x00, 0x00, 0x00, 0x00,
  0x00, 0x00, 0x00, 0x00, 0x00, 0x07, 0xE0, 0x00, 0x00, 0x3F, 0xFC, 0x00,
  0x00, 0x7E, 0x7E, 0x00, 0x00, 0xFC, 0x3F, 0x00, 0x01, 0xFC, 0x3F, 0x80,
  0x03, 0xFC, 0x3F, 0xC0, 0x07, 0xFF, 0xFF, 0xE0, 0x04, 0x00, 0x00, 0x20,
  0x04, 0x00, 0x00, 0x20, 0x0E, 0x00, 0x00, 0x70, 0x0E, 0x38, 0x1C, 0x70,
  0x0F, 0x78, 0x1E, 0xF0, 0x0F, 0xF8, 0x1F, 0xF0, 0x0F, 0xFC, 0x3F, 0xF0,
  0x0F, 0xDC, 0x3B, 0xF0, 0x07, 0x1C, 0x38, 0xE0, 0x07, 0x0C, 0x30, 0xE0,
  0x07, 0x1C, 0x38, 0xE0, 0x03, 0xDC, 0x3B, 0xC0, 0x01, 0xFE, 0x7F, 0x80,
  0x00, 0xFE, 0x7F, 0x00, 0x00, 0x7E, 0x7E, 0x00, 0x00, 0x3E, 0x7C, 0x00,
  0x00, 0x07, 0xE0, 0x00, 0x00, 0x00, 0x00, 0x00, 0x00, 0x00, 0x00, 0x00,
  0x00, 0x00, 0x00, 0x00, 0x00, 0x00, 0x00, 0x00,
};

const uint8_t bitmap_nfl_ten_layer_1[] PROGMEM = {
  0x00, 0x00, 0x00, 0x00, 0x00, 0x00, 0x00, 0x00, 0x00, 0x00, 0x00, 0x00,
  0x00, 0x1F, 0xF8, 0x00, 0x00, 0x60, 0x06, 0x00, 0x00, 0x80, 0x01, 0x00,
  0x03, 0x00, 0x00, 0xC0, 0x06, 0x01, 0x80, 0x60, 0x04, 0x01, 0x80, 0x20,
  0x08, 0x00, 0x00, 0x10, 0x08, 0x00, 0x00, 0x10, 0x10, 0x00, 0x00, 0x08,
  0x11, 0xFF, 0xFF, 0x88, 0x11, 0xFF, 0xFF, 0x88, 0x10, 0xC3, 0xC3, 0x08,
  0x10, 0x03, 0xC0, 0x08, 0x10, 0x03, 0xC0, 0x08, 0x10, 0x03, 0xC0, 0x08,
  0x10, 0x03, 0xC0, 0x08, 0x10, 0x01, 0x80, 0x08, 0x10, 0x61, 0x86, 0x08,
  0x08, 0x41, 0x82, 0x10, 0x08, 0x01, 0x80, 0x10, 0x04, 0x01, 0x80, 0x20,
  0x06, 0x01, 0x80, 0x60, 0x03, 0x00, 0x00, 0xC0, 0x00, 0x80, 0x01, 0x00,
  0x00, 0x60, 0x06, 0x00, 0x00, 0x1F, 0xF8, 0x00, 0x00, 0x00, 0x00, 0x00,
  0x00, 0x00, 0x00, 0x00, 0x00, 0x00, 0x00, 0x00,
};

const uint8_t bitmap_nfl_ten_layer_2[] PROGMEM = {
  0x00, 0x00, 0x00, 0x00, 0x00, 0x1F, 0xF8, 0x00, 0x00, 0x78, 0x1E, 0x00,
  0x01, 0xC0, 0x03, 0x80, 0x03, 0x00, 0x00, 0xC0, 0x06, 0x00, 0x00, 0x60,
  0x0C, 0x00, 0x00, 0x30, 0x18, 0x00, 0x00, 0x18, 0x10, 0x00, 0x00, 0x08,
  0x30, 0x00, 0x00, 0x0C, 0x20, 0x00, 0x00, 0x04, 0x60, 0x00, 0x00, 0x06,
  0x60, 0x00, 0x00, 0x06, 0x40, 0x00, 0x00, 0x02, 0x40, 0x00, 0x00, 0x02,
  0x40, 0x00, 0x00, 0x02, 0x40, 0x00, 0x00, 0x02, 0x40, 0x00, 0x00, 0x02,
  0x40, 0x00, 0x00, 0x02, 0x60, 0x00, 0x00, 0x06, 0x60, 0x00, 0x00, 0x06,
  0x20, 0x00, 0x00, 0x04, 0x30, 0x00, 0x00, 0x0C, 0x10, 0x00, 0x00, 0x08,
  0x18, 0x00, 0x00, 0x18, 0x0C, 0x00, 0x00, 0x30, 0x06, 0x00, 0x00, 0x60,
  0x03, 0x00, 0x00, 0xC0, 0x01, 0xC0, 0x03, 0x80, 0x00, 0x78, 0x1E, 0x00,
  0x00, 0x1F, 0xF8, 0x00, 0x00, 0x00, 0x00, 0x00,
};

const uint8_t bitmap_nfl_ten_layer_3[] PROGMEM = {
  0x00, 0x00, 0x00, 0x00, 0x00, 0x00, 0x00, 0x00, 0x00, 0x07, 0xE0, 0x00,
  0x00, 0x20, 0x04, 0x00, 0x00, 0x90, 0x09, 0x00, 0x01, 0x40, 0x02, 0x80,
  0x00, 0x00, 0x00, 0x00, 0x00, 0x02, 0x40, 0x00, 0x08, 0x00, 0x00, 0x10,
  0x04, 0x00, 0x00, 0x20, 0x10, 0x00, 0x00, 0x08, 0x08, 0x00, 0x00, 0x10,
  0x00, 0x00, 0x00, 0x00, 0x20, 0x00, 0x00, 0x04, 0x21, 0x04, 0x20, 0x84,
  0x20, 0x00, 0x00, 0x04, 0x20, 0x00, 0x00, 0x04, 0x20, 0x00, 0x00, 0x04,
  0x20, 0x00, 0x00, 0x04, 0x00, 0x62, 0x46, 0x00, 0x08, 0x10, 0x08, 0x10,
  0x10, 0xA0, 0x05, 0x08, 0x04, 0x00, 0x00, 0x20, 0x08, 0x00, 0x00, 0x10,
  0x00, 0x00, 0x00, 0x00, 0x00, 0x01, 0x80, 0x00, 0x01, 0x40, 0x02, 0x80,
  0x00, 0x90, 0x09, 0x00, 0x00, 0x20, 0x04, 0x00, 0x00, 0x07, 0xE0, 0x00,
  0x00, 0x00, 0x00, 0x00, 0x00, 0x00, 0x00, 0x00,
};

const uint8_t bitmap_nfl_ten_layer_4[] PROGMEM = {
  0x00, 0x00, 0x00, 0x00, 0x00, 0x00, 0x00, 0x00, 0x00, 0x00, 0x00, 0x00,
  0x00, 0x00, 0x00, 0x00, 0x00, 0x08, 0x10, 0x00, 0x00, 0x00, 0x00, 0x00,
  0x00, 0x81, 0x81, 0x00, 0x01, 0x00, 0x00, 0x80, 0x02, 0x02, 0x40, 0x40,
  0x00, 0x03, 0xC0, 0x00, 0x00, 0x00, 0x00, 0x00, 0x03, 0xFF, 0xFF, 0xC0,
  0x0A, 0x00, 0x00, 0x50, 0x00, 0x00, 0x00, 0x00, 0x00, 0x00, 0x00, 0x00,
  0x00, 0x84, 0x21, 0x00, 0x00, 0x04, 0x20, 0x00, 0x00, 0x00, 0x00, 0x00,
  0x00, 0x20, 0x04, 0x00, 0x08, 0x80, 0x01, 0x10, 0x00, 0x82, 0x41, 0x00,
  0x00, 0x02, 0x40, 0x00, 0x00, 0x22, 0x44, 0x00, 0x02, 0x00, 0x00, 0x40,
  0x01, 0x00, 0x00, 0x80, 0x00, 0x80, 0x01, 0x00, 0x00, 0x01, 0x80, 0x00,
  0x00, 0x08, 0x10, 0x00, 0x00, 0x00, 0x00, 0x00, 0x00, 0x00, 0x00, 0x00,
  0x00, 0x00, 0x00, 0x00, 0x00, 0x00, 0x00, 0x00,
};

const SportsLogoLayerDef layers_nfl_ten[] = {
  { bitmap_nfl_ten_layer_0, 67, 148, 210 },
  { bitmap_nfl_ten_layer_1, 255, 255, 255 },
  { bitmap_nfl_ten_layer_2, 220, 25, 26 },
  { bitmap_nfl_ten_layer_3, 223, 203, 212 },
  { bitmap_nfl_ten_layer_4, 129, 183, 224 },
};

const uint8_t bitmap_nfl_wsh_layer_0[] PROGMEM = {
  0x00, 0x00, 0x00, 0x00, 0x00, 0x00, 0x00, 0x00, 0x00, 0x00, 0x00, 0x00,
  0x00, 0x00, 0x00, 0x00, 0x00, 0x00, 0x00, 0x00, 0x00, 0x00, 0x00, 0x00,
  0x00, 0x00, 0x00, 0x00, 0x7F, 0xCF, 0xF7, 0xFE, 0x20, 0x6C, 0x0A, 0x02,
  0x30, 0x2C, 0x0A, 0x06, 0x10, 0x30, 0x0A, 0x04, 0x18, 0x12, 0x06, 0x04,
  0x08, 0x12, 0x04, 0x0C, 0x08, 0x00, 0x04, 0x08, 0x0C, 0x01, 0x04, 0x08,
  0x04, 0x21, 0x04, 0x18, 0x04, 0x20, 0x00, 0x10, 0x06, 0x00, 0x88, 0x10,
  0x02, 0x40, 0x88, 0x30, 0x02, 0x40, 0x80, 0x20, 0x02, 0x01, 0xD0, 0x20,
  0x01, 0x81, 0x50, 0x20, 0x01, 0x83, 0x60, 0x40, 0x01, 0xFE, 0x7F, 0xC0,
  0x00, 0x00, 0x00, 0x00, 0x00, 0x00, 0x00, 0x00, 0x00, 0x00, 0x00, 0x00,
  0x00, 0x00, 0x00, 0x00, 0x00, 0x00, 0x00, 0x00, 0x00, 0x00, 0x00, 0x00,
  0x00, 0x00, 0x00, 0x00, 0x00, 0x00, 0x00, 0x00,
};

const uint8_t bitmap_nfl_wsh_layer_1[] PROGMEM = {
  0x00, 0x00, 0x00, 0x00, 0x00, 0x00, 0x00, 0x00, 0x00, 0x00, 0x00, 0x00,
  0x00, 0x00, 0x00, 0x00, 0x00, 0x00, 0x00, 0x00, 0x00, 0x00, 0x00, 0x00,
  0x00, 0x00, 0x00, 0x00, 0x00, 0x00, 0x00, 0x00, 0x08, 0x80, 0x20, 0x08,
  0x00, 0x00, 0x00, 0x08, 0x03, 0x00, 0xF0, 0x60, 0x07, 0x85, 0x60, 0x60,
  0x01, 0x88, 0x60, 0xF0, 0x01, 0x80, 0x68, 0xC0, 0x03, 0x80, 0xF8, 0xC0,
  0x00, 0xC6, 0x23, 0xC0, 0x00, 0x0C, 0x21, 0x80, 0x00, 0x0C, 0x71, 0x80,
  0x00, 0x8C, 0x07, 0x80, 0x00, 0x1E, 0x03, 0x00, 0x00, 0x18, 0x03, 0x00,
  0x00, 0x00, 0x08, 0x00, 0x00, 0x04, 0x08, 0x00, 0x00, 0x00, 0x00, 0x00,
  0x00, 0x00, 0x00, 0x00, 0x00, 0x00, 0x00, 0x00, 0x00, 0x00, 0x00, 0x00,
  0x00, 0x00, 0x00, 0x00, 0x00, 0x00, 0x00, 0x00, 0x00, 0x00, 0x00, 0x00,
  0x00, 0x00, 0x00, 0x00, 0x00, 0x00, 0x00, 0x00,
};

const uint8_t bitmap_nfl_wsh_layer_2[] PROGMEM = {
  0x00, 0x00, 0x00, 0x00, 0x00, 0x00, 0x00, 0x00, 0x00, 0x00, 0x00, 0x00,
  0x00, 0x00, 0x00, 0x00, 0x00, 0x00, 0x00, 0x00, 0x00, 0x00, 0x00, 0x00,
  0x00, 0x00, 0x00, 0x00, 0x00, 0x00, 0x00, 0x00, 0x00, 0x00, 0x00, 0x00,
  0x0F, 0x81, 0xE0, 0xF0, 0x04, 0x81, 0x00, 0x90, 0x00, 0x40, 0x90, 0x90,
  0x02, 0x44, 0x91, 0x00, 0x02, 0x4C, 0x91, 0x20, 0x00, 0x4C, 0x01, 0x20,
  0x01, 0x08, 0x50, 0x20, 0x01, 0x92, 0x52, 0x40, 0x01, 0x92, 0x02, 0x40,
  0x00, 0x12, 0x20, 0x40, 0x00, 0x20, 0x24, 0x80, 0x00, 0x24, 0x24, 0x80,
  0x00, 0x3C, 0x07, 0x80, 0x00, 0x00, 0x00, 0x00, 0x00, 0x00, 0x00, 0x00,
  0x00, 0x00, 0x00, 0x00, 0x00, 0x00, 0x00, 0x00, 0x00, 0x00, 0x00, 0x00,
  0x00, 0x00, 0x00, 0x00, 0x00, 0x00, 0x00, 0x00, 0x00, 0x00, 0x00, 0x00,
  0x00, 0x00, 0x00, 0x00, 0x00, 0x00, 0x00, 0x00,
};

const uint8_t bitmap_nfl_wsh_layer_3[] PROGMEM = {
  0x00, 0x00, 0x00, 0x00, 0x00, 0x00, 0x00, 0x00, 0x00, 0x00, 0x00, 0x00,
  0x00, 0x00, 0x00, 0x00, 0x00, 0x00, 0x00, 0x00, 0x00, 0x00, 0x00, 0x00,
  0x00, 0x00, 0x00, 0x00, 0x00, 0x00, 0x00, 0x00, 0x17, 0x03, 0xC1, 0xF0,
  0x00, 0x02, 0x11, 0x00, 0x00, 0x44, 0x00, 0x08, 0x00, 0x08, 0x01, 0x00,
  0x04, 0x01, 0x08, 0x00, 0x00, 0x20, 0x00, 0x10, 0x00, 0x02, 0x02, 0x00,
  0x02, 0x10, 0x88, 0x00, 0x00, 0x40, 0x00, 0x20, 0x00, 0x01, 0x04, 0x00,
  0x01, 0x20, 0x50, 0x00, 0x01, 0x80, 0x00, 0x40, 0x00, 0x02, 0x08, 0x00,
  0x00, 0x40, 0x20, 0x00, 0x00, 0x78, 0x07, 0x80, 0x00, 0x00, 0x00, 0x00,
  0x00, 0x00, 0x00, 0x00, 0x00, 0x00, 0x00, 0x00, 0x00, 0x00, 0x00, 0x00,
  0x00, 0x00, 0x00, 0x00, 0x00, 0x00, 0x00, 0x00, 0x00, 0x00, 0x00, 0x00,
  0x00, 0x00, 0x00, 0x00, 0x00, 0x00, 0x00, 0x00,
};

const uint8_t bitmap_nfl_wsh_layer_4[] PROGMEM = {
  0x00, 0x00, 0x00, 0x00, 0x00, 0x00, 0x00, 0x00, 0x00, 0x00, 0x00, 0x00,
  0x00, 0x00, 0x00, 0x00, 0x00, 0x00, 0x00, 0x00, 0x00, 0x00, 0x00, 0x00,
  0x00, 0x00, 0x00, 0x00, 0x00, 0x00, 0x00, 0x00, 0x00, 0x00, 0x10, 0x04,
  0x00, 0x40, 0x00, 0x00, 0x08, 0x0A, 0x01, 0x00, 0x00, 0x20, 0x08, 0x08,
  0x00, 0x20, 0x02, 0x00, 0x04, 0x13, 0x02, 0x00, 0x00, 0x30, 0x00, 0x10,
  0x00, 0x00, 0x00, 0x00, 0x02, 0x01, 0x8C, 0x00, 0x00, 0x60, 0x00, 0x20,
  0x00, 0x01, 0x00, 0x00, 0x00, 0x01, 0x58, 0x00, 0x01, 0xC0, 0x00, 0x40,
  0x00, 0x02, 0x00, 0x40, 0x00, 0x00, 0x10, 0x00, 0x00, 0x00, 0x00, 0x00,
  0x00, 0x00, 0x00, 0x00, 0x00, 0x00, 0x00, 0x00, 0x00, 0x00, 0x00, 0x00,
  0x00, 0x00, 0x00, 0x00, 0x00, 0x00, 0x00, 0x00, 0x00, 0x00, 0x00, 0x00,
  0x00, 0x00, 0x00, 0x00, 0x00, 0x00, 0x00, 0x00,
};

const SportsLogoLayerDef layers_nfl_wsh[] = {
  { bitmap_nfl_wsh_layer_0, 250, 183, 0 },
  { bitmap_nfl_wsh_layer_1, 108, 16, 12 },
  { bitmap_nfl_wsh_layer_2, 96, 3, 13 },
  { bitmap_nfl_wsh_layer_3, 143, 56, 9 },
  { bitmap_nfl_wsh_layer_4, 201, 122, 5 },
};

const uint8_t bitmap_nba_atl_layer_0[] PROGMEM = {
  0x00, 0x00, 0x00, 0x00, 0x00, 0x1F, 0xF8, 0x00, 0x00, 0x60, 0x06, 0x00,
  0x01, 0x80, 0x01, 0x80, 0x03, 0x00, 0x00, 0xC0, 0x04, 0x00, 0x00, 0x20,
  0x08, 0x0F, 0xF0, 0x10, 0x18, 0x00, 0xFC, 0x18, 0x1C, 0x00, 0x3E, 0x08,
  0x3F, 0x80, 0x1F, 0x04, 0x3F, 0xF8, 0x0F, 0x84, 0x7F, 0xE3, 0x03, 0xC2,
  0x7F, 0xF0, 0x81, 0xC2, 0x7F, 0xF0, 0xC0, 0xC2, 0x7F, 0xF9, 0xF0, 0xC2,
  0x7F, 0xFF, 0xF8, 0x42, 0x7F, 0xFF, 0xF8, 0x42, 0x7F, 0xFF, 0xF8, 0x42,
  0x7F, 0xDC, 0x08, 0x42, 0x7E, 0x00, 0x00, 0xC2, 0x78, 0x00, 0x00, 0xC2,
  0x20, 0x00, 0x01, 0x84, 0x20, 0x0F, 0x83, 0x04, 0x10, 0x7F, 0x0F, 0x08,
  0x18, 0x3F, 0xFC, 0x18, 0x08, 0x1F, 0xF8, 0x10, 0x04, 0x01, 0x80, 0x20,
  0x02, 0x00, 0x00, 0x40, 0x01, 0x80, 0x01, 0x80, 0x00, 0x60, 0x06, 0x00,
  0x00, 0x1F, 0xF8, 0x00, 0x00, 0x00, 0x00, 0x00,
};

const uint8_t bitmap_nba_atl_layer_1[] PROGMEM = {
  0x00, 0x00, 0x00, 0x00, 0x00, 0x00, 0x00, 0x00, 0x00, 0x00, 0x00, 0x00,
  0x00, 0x1F, 0xF8, 0x00, 0x00, 0x7F, 0xFE, 0x00, 0x01, 0xF0, 0x0F, 0x80,
  0x03, 0xE0, 0x03, 0xC0, 0x03, 0xF8, 0x01, 0xE0, 0x00, 0x7F, 0x00, 0xE0,
  0x00, 0x0F, 0xC0, 0x70, 0x00, 0x01, 0xE0, 0x30, 0x00, 0x00, 0x70, 0x38,
  0x00, 0x0C, 0x3C, 0x18, 0x00, 0x06, 0x1E, 0x18, 0x00, 0x00, 0x06, 0x18,
  0x00, 0x00, 0x03, 0x18, 0x00, 0x00, 0x03, 0x18, 0x00, 0x00, 0x03, 0x18,
  0x00, 0x00, 0x03, 0x18, 0x00, 0x03, 0xF6, 0x18, 0x01, 0x9F, 0xFE, 0x38,
  0x07, 0xF8, 0x3C, 0x30, 0x0F, 0xC0, 0x30, 0x70, 0x07, 0x00, 0x00, 0x60,
  0x07, 0x00, 0x00, 0xE0, 0x03, 0xC0, 0x03, 0xC0, 0x01, 0xE0, 0x07, 0x80,
  0x00, 0x7F, 0xFE, 0x00, 0x00, 0x1F, 0xF8, 0x00, 0x00, 0x01, 0x80, 0x00,
  0x00, 0x00, 0x00, 0x00, 0x00, 0x00, 0x00, 0x00,
};

const uint8_t bitmap_nba_atl_layer_2[] PROGMEM = {
  0x00, 0x00, 0x00, 0x00, 0x00, 0x00, 0x00, 0x00, 0x00, 0x18, 0x18, 0x00,
  0x00, 0x40, 0x02, 0x00, 0x00, 0x00, 0x00, 0x00, 0x02, 0x03, 0xC0, 0x40,
  0x04, 0x00, 0x08, 0x20, 0x00, 0x01, 0x02, 0x00, 0x02, 0x00, 0x41, 0x00,
  0x00, 0x60, 0x00, 0x88, 0x00, 0x04, 0x00, 0x00, 0x00, 0x14, 0x04, 0x04,
  0x00, 0x00, 0x40, 0x00, 0x00, 0x00, 0x21, 0x20, 0x00, 0x06, 0x00, 0x20,
  0x00, 0x00, 0x00, 0xA0, 0x00, 0x00, 0x04, 0x20, 0x00, 0x00, 0x04, 0x20,
  0x00, 0x23, 0x10, 0xA0, 0x01, 0x30, 0x00, 0x00, 0x04, 0x00, 0x01, 0x04,
  0x10, 0x00, 0x02, 0x00, 0x10, 0x10, 0x04, 0x88, 0x00, 0x00, 0x90, 0x00,
  0x00, 0x40, 0x02, 0x00, 0x04, 0x00, 0x00, 0x20, 0x02, 0x06, 0x60, 0x40,
  0x01, 0x00, 0x00, 0x80, 0x00, 0x40, 0x02, 0x00, 0x00, 0x10, 0x08, 0x00,
  0x00, 0x00, 0x00, 0x00, 0x00, 0x00, 0x00, 0x00,
};

const uint8_t bitmap_nba_atl_layer_3[] PROGMEM = {
  0x00, 0x00, 0x00, 0x00, 0x00, 0x00, 0x00, 0x00, 0x00, 0x03, 0xC0, 0x00,
  0x00, 0x20, 0x04, 0x00, 0x00, 0x00, 0x00, 0x00, 0x00, 0x08, 0x10, 0x00,
  0x00, 0x00, 0x00, 0x00, 0x04, 0x04, 0x00, 0x00, 0x00, 0x80, 0x80, 0x10,
  0x00, 0x00, 0x20, 0x00, 0x00, 0x00, 0x10, 0x08, 0x00, 0x00, 0x08, 0x00,
  0x00, 0x02, 0x00, 0x00, 0x00, 0x00, 0x00, 0x00, 0x00, 0x00, 0x09, 0x04,
  0x00, 0x00, 0x04, 0x04, 0x00, 0x00, 0x00, 0x04, 0x00, 0x00, 0x00, 0x04,
  0x00, 0x00, 0x00, 0x04, 0x00, 0x44, 0x01, 0x00, 0x02, 0x20, 0x00, 0x00,
  0x08, 0x04, 0x40, 0x08, 0x00, 0x00, 0x48, 0x00, 0x08, 0x00, 0x40, 0x90,
  0x00, 0x80, 0x01, 0x00, 0x00, 0x00, 0x00, 0x00, 0x00, 0x10, 0x08, 0x00,
  0x00, 0x80, 0x01, 0x00, 0x00, 0x20, 0x04, 0x00, 0x00, 0x06, 0x60, 0x00,
  0x00, 0x00, 0x00, 0x00, 0x00, 0x00, 0x00, 0x00,
};

const uint8_t bitmap_nba_atl_layer_4[] PROGMEM = {
  0x00, 0x00, 0x00, 0x00, 0x00, 0x00, 0x00, 0x00, 0x00, 0x04, 0x20, 0x00,
  0x00, 0x00, 0x00, 0x00, 0x00, 0x80, 0x01, 0x00, 0x00, 0x04, 0x20, 0x00,
  0x00, 0x10, 0x04, 0x00, 0x00, 0x02, 0x00, 0x00, 0x01, 0x00, 0x00, 0x00,
  0x00, 0x10, 0x00, 0x00, 0x00, 0x02, 0x00, 0x40, 0x00, 0x08, 0x80, 0x00,
  0x00, 0x01, 0x02, 0x24, 0x00, 0x09, 0x00, 0x04, 0x00, 0x00, 0x00, 0x00,
  0x00, 0x00, 0x00, 0x00, 0x00, 0x00, 0x00, 0x80, 0x00, 0x00, 0x00, 0x80,
  0x00, 0x00, 0xE4, 0x00, 0x00, 0x88, 0x08, 0x24, 0x00, 0x40, 0x00, 0x00,
  0x00, 0x03, 0x80, 0x40, 0x00, 0x20, 0x00, 0x00, 0x00, 0x80, 0x20, 0x00,
  0x00, 0x00, 0x00, 0x00, 0x00, 0x20, 0x04, 0x00, 0x00, 0x08, 0x10, 0x00,
  0x00, 0x00, 0x00, 0x00, 0x00, 0x00, 0x00, 0x00, 0x00, 0x08, 0x10, 0x00,
  0x00, 0x00, 0x00, 0x00, 0x00, 0x00, 0x00, 0x00,
};

const SportsLogoLayerDef layers_nba_atl[] = {
  { bitmap_nba_atl_layer_0, 255, 255, 255 },
  { bitmap_nba_atl_layer_1, 232, 4, 37 },
  { bitmap_nba_atl_layer_2, 251, 188, 196 },
  { bitmap_nba_atl_layer_3, 238, 48, 75 },
  { bitmap_nba_atl_layer_4, 243, 107, 126 },
};

const uint8_t bitmap_nba_bkn_layer_0[] PROGMEM = {
  0x00, 0x00, 0x00, 0x00, 0x00, 0x00, 0x00, 0x00, 0x00, 0x00, 0x00, 0x00,
  0x00, 0x1F, 0x08, 0x00, 0x00, 0x7F, 0xC6, 0x00, 0x00, 0xFF, 0xF3, 0x00,
  0x03, 0xF0, 0x19, 0xC0, 0x03, 0xF0, 0x0C, 0xC0, 0x00, 0x30, 0x0E, 0x60,
  0x0E, 0x11, 0x8F, 0x30, 0x0F, 0xD1, 0x8F, 0xB0, 0x1F, 0xF1, 0x8F, 0x90,
  0x1F, 0xF1, 0x8F, 0xD0, 0x1F, 0xF1, 0x8F, 0xC0, 0x1F, 0xF0, 0x0B, 0xC0,
  0x1F, 0xF0, 0x08, 0x08, 0x1F, 0xF0, 0x0C, 0x08, 0x1F, 0xF1, 0xC7, 0xE0,
  0x07, 0xF1, 0xC7, 0xE0, 0x11, 0xF1, 0xC7, 0x80, 0x18, 0x31, 0xC4, 0x08,
  0x0E, 0x11, 0xC4, 0xE0, 0x0F, 0xD1, 0xC7, 0xC0, 0x07, 0xF1, 0xC7, 0x00,
  0x03, 0xF0, 0x0E, 0x00, 0x03, 0xF0, 0x18, 0x80, 0x00, 0xFB, 0xE3, 0x00,
  0x00, 0x7F, 0x8E, 0x00, 0x00, 0x00, 0x38, 0x00, 0x00, 0x00, 0x00, 0x00,
  0x00, 0x00, 0x00, 0x00, 0x00, 0x00, 0x00, 0x00,
};

const uint8_t bitmap_nba_bkn_layer_1[] PROGMEM = {
  0x00, 0x00, 0x00, 0x00, 0x00, 0x1F, 0xF8, 0x00, 0x00, 0x60, 0x0E, 0x00,
  0x01, 0x80, 0x01, 0x80, 0x03, 0x00, 0x00, 0xC0, 0x04, 0x00, 0x00, 0x20,
  0x08, 0x00, 0x00, 0x10, 0x18, 0x07, 0xE0, 0x18, 0x10, 0x04, 0x20, 0x08,
  0x20, 0x04, 0x20, 0x04, 0x20, 0x04, 0x20, 0x04, 0x60, 0x04, 0x20, 0x06,
  0x40, 0x04, 0x20, 0x06, 0x40, 0x04, 0x20, 0x02, 0x40, 0x04, 0x60, 0x12,
  0x40, 0x07, 0xE0, 0x02, 0x40, 0x04, 0x30, 0x02, 0x40, 0x04, 0x10, 0x02,
  0x40, 0x04, 0x10, 0x02, 0x40, 0x04, 0x10, 0x12, 0x60, 0x04, 0x10, 0x02,
  0x20, 0x44, 0x10, 0x04, 0x20, 0x04, 0x10, 0x04, 0x10, 0x04, 0x10, 0x08,
  0x18, 0x06, 0x70, 0x18, 0x08, 0x07, 0xC0, 0x30, 0x04, 0x00, 0x00, 0x60,
  0x03, 0x00, 0x00, 0xC0, 0x01, 0xC0, 0x01, 0x80, 0x00, 0x70, 0x06, 0x00,
  0x00, 0x1F, 0xF8, 0x00, 0x00, 0x00, 0x00, 0x00,
};

const uint8_t bitmap_nba_bkn_layer_2[] PROGMEM = {
  0x00, 0x00, 0x00, 0x00, 0x00, 0x00, 0x00, 0x00, 0x00, 0x0F, 0xD0, 0x00,
  0x00, 0x00, 0x20, 0x00, 0x00, 0x00, 0x18, 0x00, 0x00, 0x00, 0x00, 0x00,
  0x00, 0x08, 0x40, 0x00, 0x00, 0x00, 0x00, 0x00, 0x04, 0x8A, 0x40, 0x80,
  0x00, 0x28, 0x00, 0x80, 0x00, 0x08, 0x00, 0x08, 0x00, 0x08, 0x00, 0x60,
  0x20, 0x08, 0x00, 0x00, 0x00, 0x08, 0x40, 0x2C, 0x00, 0x09, 0x00, 0x00,
  0x00, 0x00, 0x00, 0xC0, 0x00, 0x0A, 0x80, 0xC0, 0x20, 0x08, 0x08, 0x04,
  0x30, 0x0A, 0x28, 0x14, 0x24, 0x0A, 0x28, 0x24, 0x00, 0x8A, 0x29, 0x50,
  0x00, 0x8A, 0x2A, 0x10, 0x00, 0x0A, 0x28, 0x10, 0x00, 0x0A, 0x00, 0x50,
  0x00, 0x08, 0x01, 0x20, 0x00, 0x08, 0x05, 0x00, 0x00, 0x00, 0x04, 0x00,
  0x00, 0x00, 0x50, 0x00, 0x00, 0x33, 0x80, 0x00, 0x00, 0x06, 0x10, 0x00,
  0x00, 0x00, 0x00, 0x00, 0x00, 0x00, 0x00, 0x00,
};

const uint8_t bitmap_nba_bkn_layer_3[] PROGMEM = {
  0x00, 0x00, 0x00, 0x00, 0x00, 0x00, 0x00, 0x00, 0x00, 0x00, 0x20, 0x00,
  0x00, 0x20, 0xD4, 0x00, 0x00, 0x80, 0x21, 0x00, 0x01, 0x00, 0x08, 0x80,
  0x00, 0x00, 0x24, 0x00, 0x04, 0x00, 0x12, 0x20, 0x00, 0x41, 0x81, 0x10,
  0x01, 0x82, 0x40, 0x40, 0x10, 0x22, 0x40, 0x00, 0x00, 0x02, 0x40, 0x08,
  0x00, 0x02, 0x40, 0x08, 0x20, 0x02, 0x00, 0x10, 0x20, 0x00, 0x14, 0x2C,
  0x20, 0x00, 0x10, 0x04, 0x20, 0x01, 0x03, 0x24, 0x00, 0x02, 0x00, 0x08,
  0x08, 0x00, 0x00, 0x00, 0x02, 0x00, 0x00, 0x48, 0x04, 0x40, 0x02, 0x20,
  0x11, 0x00, 0x01, 0x08, 0x00, 0x20, 0x00, 0x20, 0x08, 0x00, 0x08, 0x80,
  0x04, 0x00, 0x00, 0x40, 0x00, 0x00, 0x00, 0x40, 0x01, 0x04, 0x10, 0x80,
  0x00, 0x80, 0x01, 0x00, 0x00, 0x0C, 0x44, 0x00, 0x00, 0x01, 0xE0, 0x00,
  0x00, 0x00, 0x00, 0x00, 0x00, 0x00, 0x00, 0x00,
};

const uint8_t bitmap_nba_bkn_layer_4[] PROGMEM = {
  0x00, 0x00, 0x00, 0x00, 0x00, 0x00, 0x00, 0x00, 0x00, 0x10, 0x00, 0x00,
  0x00, 0x40, 0x02, 0x00, 0x00, 0x00, 0x00, 0x00, 0x02, 0x00, 0x04, 0x40,
  0x04, 0x07, 0x82, 0x20, 0x00, 0x08, 0x01, 0x00, 0x0B, 0x00, 0x10, 0x00,
  0x10, 0x40, 0x10, 0x08, 0x00, 0x00, 0x10, 0x40, 0x00, 0x00, 0x10, 0x00,
  0x00, 0x00, 0x10, 0x20, 0x00, 0x00, 0x10, 0x00, 0x00, 0x02, 0x80, 0x00,
  0x00, 0x08, 0x07, 0x30, 0x00, 0x00, 0x40, 0x10, 0x00, 0x00, 0x20, 0x10,
  0x00, 0x00, 0x00, 0x08, 0x08, 0x00, 0x00, 0x00, 0x03, 0x00, 0x00, 0x84,
  0x00, 0x20, 0x00, 0x00, 0x10, 0x00, 0x00, 0x08, 0x00, 0x00, 0x20, 0x20,
  0x00, 0x01, 0x80, 0x80, 0x04, 0x00, 0x22, 0x00, 0x02, 0x00, 0x08, 0x00,
  0x00, 0x00, 0x20, 0x00, 0x00, 0x00, 0x02, 0x00, 0x00, 0x08, 0x08, 0x00,
  0x00, 0x00, 0x00, 0x00, 0x00, 0x00, 0x00, 0x00,
};

const SportsLogoLayerDef layers_nba_bkn[] = {
  { bitmap_nba_bkn_layer_0, 255, 255, 255 },
  { bitmap_nba_bkn_layer_1, 0, 0, 0 },
  { bitmap_nba_bkn_layer_2, 94, 94, 94 },
  { bitmap_nba_bkn_layer_3, 168, 168, 168 },
  { bitmap_nba_bkn_layer_4, 44, 44, 44 },
};

const uint8_t bitmap_nba_bos_layer_0[] PROGMEM = {
  0x00, 0x00, 0x00, 0x00, 0x00, 0x1F, 0xF8, 0x00, 0x00, 0x7F, 0xFE, 0x00,
  0x01, 0xFC, 0x37, 0x80, 0x03, 0xCC, 0x33, 0xC0, 0x07, 0xCE, 0x77, 0xE0,
  0x0C, 0xEE, 0x67, 0x30, 0x18, 0xE2, 0x66, 0x38, 0x18, 0x62, 0x4C, 0xB8,
  0x3E, 0x57, 0xE9, 0xFC, 0x37, 0x18, 0x18, 0xCC, 0x67, 0xB0, 0x0D, 0x86,
  0x62, 0x60, 0x0E, 0x86, 0x70, 0x60, 0x06, 0x1E, 0x7C, 0x70, 0x0E, 0x7E,
  0x7F, 0xF0, 0x0F, 0xFE, 0x7F, 0x88, 0x11, 0xFE, 0x7E, 0x00, 0x00, 0xFE,
  0x7E, 0x00, 0x00, 0x7E, 0x7E, 0x00, 0x00, 0x7E, 0x7E, 0x00, 0x00, 0x7E,
  0x3F, 0x00, 0x00, 0xFC, 0x3F, 0x00, 0x00, 0xFC, 0x1F, 0x02, 0x40, 0xF8,
  0x1F, 0x86, 0x61, 0xF8, 0x0F, 0xFF, 0x3F, 0xF0, 0x07, 0xFF, 0x1F, 0xE0,
  0x03, 0xFF, 0x9F, 0xC0, 0x01, 0xFF, 0xFF, 0x80, 0x00, 0x7F, 0xFE, 0x00,
  0x00, 0x1F, 0xF8, 0x00, 0x00, 0x00, 0x00, 0x00,
};

const uint8_t bitmap_nba_bos_layer_1[] PROGMEM = {
  0x00, 0x00, 0x00, 0x00, 0x00, 0x00, 0x00, 0x00, 0x00, 0x00, 0x00, 0x00,
  0x00, 0x00, 0x00, 0x00, 0x00, 0x00, 0x00, 0x00, 0x00, 0x00, 0x00, 0x00,
  0x00, 0x00, 0x00, 0x00, 0x00, 0x00, 0x00, 0x00, 0x00, 0x00, 0x00, 0x00,
  0x00, 0x00, 0x00, 0x00, 0x00, 0x00, 0x00, 0x00, 0x00, 0x07, 0xE0, 0x00,
  0x00, 0x0F, 0xF0, 0x00, 0x00, 0x0F, 0xF0, 0x00, 0x00, 0x0F, 0xE0, 0x00,
  0x00, 0x07, 0xE0, 0x00, 0x00, 0x03, 0xC0, 0x00, 0x00, 0x7B, 0xCE, 0x00,
  0x00, 0xFF, 0xFF, 0x00, 0x01, 0xFF, 0xFF, 0x00, 0x00, 0xFF, 0xFF, 0x00,
  0x00, 0xFF, 0xFE, 0x00, 0x00, 0xFC, 0x3E, 0x00, 0x00, 0x78, 0x1E, 0x00,
  0x00, 0x00, 0x80, 0x00, 0x00, 0x00, 0x80, 0x00, 0x00, 0x00, 0x40, 0x00,
  0x00, 0x00, 0x00, 0x00, 0x00, 0x00, 0x00, 0x00, 0x00, 0x00, 0x00, 0x00,
  0x00, 0x00, 0x00, 0x00, 0x00, 0x00, 0x00, 0x00,
};

const uint8_t bitmap_nba_bos_layer_2[] PROGMEM = {
  0x00, 0x00, 0x00, 0x00, 0x00, 0x00, 0x00, 0x00, 0x00, 0x00, 0x00, 0x00,
  0x00, 0x00, 0x00, 0x00, 0x00, 0x01, 0x84, 0x00, 0x00, 0x30, 0x80, 0x00,
  0x00, 0x00, 0x98, 0x80, 0x01, 0x18, 0x00, 0x80, 0x01, 0x00, 0xA0, 0x40,
  0x00, 0x28, 0x00, 0x00, 0x00, 0x86, 0xA2, 0x10, 0x10, 0x00, 0x10, 0x58,
  0x18, 0x80, 0x00, 0x58, 0x09, 0x00, 0x00, 0x80, 0x01, 0x00, 0x00, 0x00,
  0x00, 0x08, 0x10, 0x00, 0x00, 0x00, 0x00, 0x00, 0x00, 0x00, 0x00, 0x00,
  0x00, 0x00, 0x00, 0x80, 0x00, 0x00, 0x00, 0x00, 0x00, 0x00, 0x00, 0x00,
  0x00, 0x00, 0x00, 0x00, 0x00, 0x00, 0xC0, 0x00, 0x00, 0x04, 0x21, 0x00,
  0x00, 0x51, 0x02, 0x00, 0x00, 0x00, 0x40, 0x00, 0x00, 0x00, 0x80, 0x00,
  0x00, 0x00, 0x20, 0x00, 0x00, 0x00, 0x00, 0x00, 0x00, 0x00, 0x00, 0x00,
  0x00, 0x00, 0x00, 0x00, 0x00, 0x00, 0x00, 0x00,
};

const uint8_t bitmap_nba_bos_layer_3[] PROGMEM = {
  0x00, 0x00, 0x00, 0x00, 0x00, 0x00, 0x00, 0x00, 0x00, 0x00, 0x00, 0x00,
  0x00, 0x01, 0xC0, 0x00, 0x00, 0x20, 0x08, 0x00, 0x00, 0x00, 0x08, 0x00,
  0x00, 0x10, 0x00, 0x00, 0x02, 0x00, 0x91, 0x40, 0x02, 0x0C, 0x12, 0x00,
  0x01, 0x80, 0x04, 0x00, 0x00, 0x60, 0x44, 0x00, 0x08, 0x48, 0x00, 0x20,
  0x00, 0x00, 0x01, 0x00, 0x06, 0x80, 0x01, 0x40, 0x00, 0x00, 0x10, 0x00,
  0x00, 0x00, 0x00, 0x00, 0x00, 0x04, 0x20, 0x00, 0x00, 0x84, 0x31, 0x00,
  0x01, 0x00, 0x00, 0x00, 0x00, 0x00, 0x00, 0x80, 0x01, 0x00, 0x00, 0x80,
  0x00, 0x00, 0x01, 0x00, 0x00, 0x01, 0x01, 0x00, 0x00, 0x81, 0x80, 0x00,
  0x00, 0x20, 0x0C, 0x00, 0x00, 0x00, 0x00, 0x00, 0x00, 0x00, 0x00, 0x00,
  0x00, 0x00, 0x40, 0x00, 0x00, 0x00, 0x00, 0x00, 0x00, 0x00, 0x00, 0x00,
  0x00, 0x00, 0x00, 0x00, 0x00, 0x00, 0x00, 0x00,
};

const uint8_t bitmap_nba_bos_layer_4[] PROGMEM = {
  0x00, 0x00, 0x00, 0x00, 0x00, 0x00, 0x00, 0x00, 0x00, 0x00, 0x00, 0x00,
  0x00, 0x02, 0x08, 0x00, 0x00, 0x12, 0x40, 0x00, 0x00, 0x01, 0x00, 0x00,
  0x03, 0x01, 0x00, 0x40, 0x04, 0x05, 0x08, 0x00, 0x04, 0x91, 0x01, 0x00,
  0x00, 0x00, 0x12, 0x00, 0x08, 0x01, 0x01, 0x20, 0x00, 0x00, 0x02, 0x00,
  0x05, 0x10, 0x00, 0x20, 0x00, 0x10, 0x08, 0x20, 0x02, 0x80, 0x01, 0x80,
  0x00, 0x00, 0x00, 0x00, 0x00, 0x70, 0x0E, 0x00, 0x01, 0x00, 0x00, 0x00,
  0x00, 0x00, 0x00, 0x00, 0x00, 0x00, 0x00, 0x00, 0x00, 0x00, 0x00, 0x00,
  0x00, 0x00, 0x00, 0x00, 0x00, 0x02, 0x00, 0x00, 0x00, 0x00, 0x00, 0x00,
  0x00, 0x08, 0x10, 0x00, 0x00, 0x00, 0x00, 0x00, 0x00, 0x00, 0x20, 0x00,
  0x00, 0x00, 0x00, 0x00, 0x00, 0x00, 0x00, 0x00, 0x00, 0x00, 0x00, 0x00,
  0x00, 0x00, 0x00, 0x00, 0x00, 0x00, 0x00, 0x00,
};

const SportsLogoLayerDef layers_nba_bos[] = {
  { bitmap_nba_bos_layer_0, 2, 132, 65 },
  { bitmap_nba_bos_layer_1, 255, 255, 255 },
  { bitmap_nba_bos_layer_2, 117, 187, 150 },
  { bitmap_nba_bos_layer_3, 178, 216, 195 },
  { bitmap_nba_bos_layer_4, 52, 155, 102 },
};

const uint8_t bitmap_nba_cha_layer_0[] PROGMEM = {
  0x00, 0x00, 0x00, 0x00, 0x00, 0x00, 0x00, 0x00, 0x30, 0x00, 0x00, 0x0C,
  0x28, 0x00, 0x00, 0x14, 0x20, 0x00, 0x00, 0x04, 0x11, 0x00, 0x00, 0x88,
  0x20, 0x00, 0x00, 0x04, 0x20, 0x2D, 0xB4, 0x04, 0x10, 0x14, 0x28, 0x08,
  0x10, 0x08, 0x10, 0x08, 0x0C, 0x20, 0x04, 0x30, 0x05, 0x14, 0x28, 0xA0,
  0x00, 0x00, 0x00, 0x00, 0x00, 0x24, 0x04, 0x80, 0x03, 0x3F, 0xFD, 0x40,
  0x00, 0x1A, 0x48, 0x40, 0x06, 0x00, 0x0A, 0x80, 0x04, 0x00, 0x01, 0x60,
  0x00, 0x0F, 0xC2, 0x40, 0x02, 0x00, 0x00, 0x40, 0x02, 0x40, 0x02, 0x40,
  0x00, 0x10, 0x08, 0x00, 0x00, 0x08, 0x10, 0x00, 0x00, 0x03, 0xC0, 0x00,
  0x00, 0x00, 0x00, 0x00, 0x00, 0x01, 0x80, 0x00, 0x00, 0x01, 0x80, 0x00,
  0x00, 0x00, 0x00, 0x00, 0x00, 0x00, 0x00, 0x00, 0x00, 0x00, 0x00, 0x00,
  0x00, 0x00, 0x00, 0x00, 0x00, 0x00, 0x00, 0x00,
};

const uint8_t bitmap_nba_cha_layer_1[] PROGMEM = {
  0x00, 0x00, 0x00, 0x00, 0x60, 0x00, 0x00, 0x06, 0x40, 0x00, 0x00, 0x02,
  0x04, 0x00, 0x00, 0x20, 0x42, 0x00, 0x00, 0x42, 0x44, 0x00, 0x00, 0x22,
  0x00, 0x48, 0x12, 0x00, 0x10, 0x82, 0x41, 0x08, 0x01, 0x00, 0x00, 0x80,
  0x08, 0xF0, 0x0F, 0x10, 0x00, 0x18, 0x18, 0x00, 0x00, 0xE0, 0x07, 0x00,
  0x02, 0x00, 0x00, 0x40, 0x01, 0x00, 0x00, 0x00, 0x00, 0x00, 0x00, 0x80,
  0x03, 0xE5, 0xB6, 0x80, 0x00, 0x7B, 0xD0, 0x20, 0x0A, 0xFB, 0xD0, 0x10,
  0x03, 0xD0, 0x35, 0x00, 0x00, 0x00, 0x00, 0x00, 0x00, 0x00, 0x00, 0x00,
  0x00, 0x20, 0x04, 0x00, 0x00, 0x00, 0x00, 0x00, 0x00, 0x04, 0x20, 0x00,
  0x00, 0x01, 0x80, 0x00, 0x00, 0x00, 0x00, 0x00, 0x00, 0x00, 0x00, 0x00,
  0x00, 0x01, 0x80, 0x00, 0x00, 0x01, 0x80, 0x00, 0x00, 0x00, 0x00, 0x00,
  0x00, 0x00, 0x00, 0x00, 0x00, 0x00, 0x00, 0x00,
};

const uint8_t bitmap_nba_cha_layer_2[] PROGMEM = {
  0x00, 0x00, 0x00, 0x00, 0x00, 0x00, 0x00, 0x00, 0x00, 0x00, 0x00, 0x00,
  0x10, 0x00, 0x00, 0x08, 0x04, 0x00, 0x00, 0x20, 0x22, 0x00, 0x00, 0x44,
  0x00, 0x80, 0x01, 0x00, 0x00, 0x40, 0x02, 0x00, 0x00, 0x02, 0x40, 0x00,
  0x00, 0x06, 0x60, 0x00, 0x00, 0x06, 0x60, 0x00, 0x02, 0x0A, 0x50, 0x40,
  0x01, 0xFE, 0xFF, 0x80, 0x00, 0x1B, 0xF9, 0x00, 0x00, 0xC0, 0x02, 0x00,
  0x00, 0x00, 0x00, 0x00, 0x00, 0x00, 0x00, 0x40, 0x00, 0x00, 0x0A, 0x00,
  0x00, 0x00, 0x08, 0x00, 0x01, 0xFF, 0xFF, 0x80, 0x01, 0xB8, 0x1D, 0x80,
  0x00, 0x0E, 0x70, 0x00, 0x00, 0x06, 0x60, 0x00, 0x00, 0x00, 0x00, 0x00,
  0x00, 0x00, 0x00, 0x00, 0x00, 0x00, 0x00, 0x00, 0x00, 0x00, 0x00, 0x00,
  0x00, 0x00, 0x00, 0x00, 0x00, 0x00, 0x00, 0x00, 0x00, 0x00, 0x00, 0x00,
  0x00, 0x00, 0x00, 0x00, 0x00, 0x00, 0x00, 0x00,
};

const uint8_t bitmap_nba_cha_layer_3[] PROGMEM = {
  0x00, 0x00, 0x00, 0x00, 0x00, 0x00, 0x00, 0x00, 0x00, 0x00, 0x00, 0x00,
  0x00, 0x00, 0x00, 0x00, 0x00, 0x00, 0x00, 0x00, 0x08, 0x00, 0x00, 0x10,
  0x1E, 0x00, 0x00, 0x78, 0x0F, 0x00, 0x00, 0xF0, 0x0E, 0xC0, 0x03, 0x70,
  0x07, 0x00, 0x00, 0xE0, 0x03, 0xC0, 0x03, 0xC0, 0x00, 0x00, 0x00, 0x00,
  0x00, 0x00, 0x00, 0x00, 0x00, 0x00, 0x00, 0x00, 0x00, 0x00, 0x00, 0x00,
  0x00, 0x00, 0x01, 0x00, 0x01, 0x84, 0x25, 0x00, 0x01, 0x04, 0x24, 0x80,
  0x00, 0x20, 0x00, 0x80, 0x00, 0x00, 0x00, 0x00, 0x00, 0x00, 0x00, 0x00,
  0x00, 0x00, 0x00, 0x00, 0x00, 0x00, 0x00, 0x00, 0x00, 0x00, 0x00, 0x00,
  0x00, 0x00, 0x00, 0x00, 0x00, 0x00, 0x00, 0x00, 0x00, 0x00, 0x00, 0x00,
  0x00, 0x00, 0x00, 0x00, 0x00, 0x00, 0x00, 0x00, 0x00, 0x00, 0x00, 0x00,
  0x00, 0x00, 0x00, 0x00, 0x00, 0x00, 0x00, 0x00,
};

const uint8_t bitmap_nba_cha_layer_4[] PROGMEM = {
  0x00, 0x00, 0x00, 0x00, 0x00, 0x00, 0x00, 0x00, 0x00, 0x00, 0x00, 0x00,
  0x00, 0x00, 0x00, 0x00, 0x18, 0x00, 0x00, 0x18, 0x00, 0x00, 0x00, 0x00,
  0x01, 0x00, 0x00, 0x80, 0x00, 0x00, 0x00, 0x00, 0x00, 0x21, 0x84, 0x00,
  0x00, 0x01, 0x80, 0x00, 0x00, 0x01, 0x80, 0x00, 0x00, 0x01, 0x80, 0x00,
  0x00, 0x01, 0x00, 0x00, 0x00, 0xC0, 0x02, 0x00, 0x00, 0x00, 0x00, 0x00,
  0x00, 0x00, 0x00, 0x00, 0x00, 0x00, 0x00, 0x00, 0x00, 0x00, 0x00, 0x00,
  0x00, 0x00, 0x00, 0x00, 0x00, 0x00, 0x00, 0x00, 0x00, 0x07, 0xE0, 0x00,
  0x00, 0x01, 0x80, 0x00, 0x00, 0x01, 0x80, 0x00, 0x00, 0x00, 0x00, 0x00,
  0x00, 0x00, 0x00, 0x00, 0x00, 0x00, 0x00, 0x00, 0x00, 0x00, 0x00, 0x00,
  0x00, 0x00, 0x00, 0x00, 0x00, 0x00, 0x00, 0x00, 0x00, 0x00, 0x00, 0x00,
  0x00, 0x00, 0x00, 0x00, 0x00, 0x00, 0x00, 0x00,
};

const SportsLogoLayerDef layers_nba_cha[] = {
  { bitmap_nba_cha_layer_0, 83, 71, 131 },
  { bitmap_nba_cha_layer_1, 139, 137, 174 },
  { bitmap_nba_cha_layer_2, 31, 31, 108 },
  { bitmap_nba_cha_layer_3, 219, 222, 233 },
  { bitmap_nba_cha_layer_4, 18, 92, 134 },
};

const uint8_t bitmap_nba_chi_layer_0[] PROGMEM = {
  0x00, 0x00, 0x00, 0x00, 0x00, 0x00, 0x00, 0x00, 0x00, 0x00, 0x00, 0x00,
  0x00, 0x00, 0x00, 0x00, 0x00, 0x00, 0x00, 0x00, 0x00, 0x00, 0x00, 0x00,
  0x00, 0x00, 0x00, 0x00, 0x00, 0x00, 0x00, 0x00, 0x00, 0x00, 0x00, 0x00,
  0x00, 0x00, 0x00, 0x00, 0x00, 0x3F, 0xFC, 0x00, 0x00, 0x7F, 0xFE, 0x00,
  0x00, 0x7E, 0x5C, 0x00, 0x00, 0x70, 0x1E, 0x00, 0x00, 0x70, 0x0C, 0x80,
  0x0F, 0x18, 0x58, 0xF0, 0x00, 0x0E, 0x70, 0x00, 0x00, 0x00, 0x00, 0x00,
  0x00, 0x01, 0x80, 0x00, 0x00, 0x27, 0xE4, 0x00, 0x00, 0x13, 0xE4, 0x00,
  0x00, 0x15, 0xA8, 0x00, 0x00, 0x06, 0x60, 0x00, 0x00, 0x07, 0xE0, 0x00,
  0x00, 0x01, 0x80, 0x00, 0x00, 0x09, 0x90, 0x00, 0x00, 0x09, 0x90, 0x00,
  0x00, 0x07, 0xE0, 0x00, 0x00, 0x00, 0x00, 0x00, 0x00, 0x00, 0x00, 0x00,
  0x00, 0x00, 0x00, 0x00, 0x00, 0x00, 0x00, 0x00,
};

const uint8_t bitmap_nba_chi_layer_1[] PROGMEM = {
  0x00, 0x00, 0x00, 0x00, 0x00, 0x00, 0x00, 0x00, 0x00, 0x00, 0x00, 0x00,
  0x00, 0x00, 0x00, 0x00, 0x00, 0x00, 0x00, 0x00, 0x20, 0x00, 0x00, 0x06,
  0x60, 0x00, 0x00, 0x06, 0x00, 0x00, 0x00, 0x00, 0x00, 0x00, 0x00, 0x00,
  0x00, 0x3F, 0xFC, 0x00, 0x00, 0x00, 0x00, 0x00, 0x00, 0x00, 0x00, 0x00,
  0x00, 0x01, 0xA2, 0x00, 0x00, 0x0F, 0xE0, 0x00, 0x1F, 0x8F, 0xF3, 0x78,
  0x10, 0x87, 0xA0, 0x08, 0x0F, 0x80, 0x01, 0x70, 0x00, 0xC0, 0x03, 0x00,
  0x00, 0x60, 0x16, 0x00, 0x00, 0x18, 0x18, 0x00, 0x00, 0x24, 0x08, 0x00,
  0x00, 0x2A, 0x54, 0x00, 0x00, 0x19, 0x98, 0x00, 0x00, 0x08, 0x10, 0x00,
  0x00, 0x0E, 0x70, 0x00, 0x00, 0x10, 0x08, 0x00, 0x00, 0x06, 0x60, 0x00,
  0x00, 0x08, 0x10, 0x00, 0x00, 0x07, 0xE0, 0x00, 0x00, 0x00, 0x00, 0x00,
  0x00, 0x00, 0x00, 0x00, 0x00, 0x00, 0x00, 0x00,
};

const uint8_t bitmap_nba_chi_layer_2[] PROGMEM = {
  0x00, 0x00, 0x00, 0x00, 0x00, 0x00, 0x00, 0x00, 0x00, 0x00, 0x00, 0x00,
  0x00, 0x00, 0x00, 0x04, 0x20, 0x00, 0x00, 0x04, 0x40, 0x00, 0x00, 0x00,
  0x00, 0x00, 0x00, 0x00, 0x00, 0x00, 0x00, 0x00, 0x00, 0x00, 0x00, 0x00,
  0x04, 0xC0, 0x02, 0x00, 0x00, 0x00, 0x00, 0x00, 0x40, 0x00, 0x00, 0x00,
  0x00, 0x00, 0x00, 0x00, 0x00, 0x00, 0x00, 0x00, 0x00, 0x00, 0x00, 0x00,
  0x00, 0x60, 0x07, 0x00, 0x00, 0x71, 0x8E, 0x80, 0x00, 0x3F, 0xFC, 0x00,
  0x00, 0x1E, 0x68, 0x00, 0x00, 0x40, 0x02, 0x00, 0x00, 0x08, 0x10, 0x00,
  0x00, 0x00, 0x00, 0x00, 0x00, 0x00, 0x00, 0x00, 0x00, 0x10, 0x08, 0x00,
  0x00, 0x10, 0x08, 0x00, 0x00, 0x06, 0x60, 0x00, 0x00, 0x10, 0x08, 0x00,
  0x00, 0x00, 0x00, 0x00, 0x00, 0x08, 0x10, 0x00, 0x00, 0x00, 0x00, 0x00,
  0x00, 0x00, 0x00, 0x00, 0x00, 0x00, 0x00, 0x00,
};

const uint8_t bitmap_nba_chi_layer_3[] PROGMEM = {
  0x00, 0x00, 0x00, 0x00, 0x00, 0x00, 0x00, 0x00, 0x00, 0x00, 0x00, 0x00,
  0x00, 0x00, 0x00, 0x00, 0x00, 0x00, 0x00, 0x00, 0x00, 0x00, 0x00, 0x00,
  0x00, 0x00, 0x00, 0x00, 0x00, 0x00, 0x00, 0x00, 0x60, 0x00, 0x00, 0x06,
  0x70, 0x00, 0x00, 0x0E, 0x3F, 0x80, 0x01, 0xFC, 0x3F, 0x80, 0x01, 0xF8,
  0x1F, 0x80, 0x01, 0xF0, 0x00, 0x00, 0x00, 0x00, 0x00, 0x00, 0x00, 0x00,
  0x00, 0x00, 0x00, 0x00, 0x00, 0x00, 0x00, 0x00, 0x00, 0x00, 0x00, 0x00,
  0x00, 0x00, 0x00, 0x00, 0x00, 0x00, 0x00, 0x00, 0x00, 0x00, 0x00, 0x00,
  0x00, 0x00, 0x00, 0x00, 0x00, 0x00, 0x00, 0x00, 0x00, 0x00, 0x00, 0x00,
  0x00, 0x00, 0x00, 0x00, 0x00, 0x00, 0x00, 0x00, 0x00, 0x00, 0x00, 0x00,
  0x00, 0x00, 0x00, 0x00, 0x00, 0x00, 0x00, 0x00, 0x00, 0x00, 0x00, 0x00,
  0x00, 0x00, 0x00, 0x00, 0x00, 0x00, 0x00, 0x00,
};

const uint8_t bitmap_nba_chi_layer_4[] PROGMEM = {
  0x00, 0x00, 0x00, 0x00, 0x00, 0x00, 0x00, 0x00, 0x00, 0x00, 0x00, 0x00,
  0x00, 0x00, 0x00, 0x00, 0x00, 0x00, 0x00, 0x00, 0x00, 0x00, 0x00, 0x00,
  0x00, 0x00, 0x00, 0x00, 0x60, 0x00, 0x00, 0x06, 0x10, 0x00, 0x00, 0x08,
  0x08, 0x00, 0x01, 0xF0, 0x40, 0x40, 0x02, 0x02, 0x00, 0x00, 0x00, 0x04,
  0x20, 0x00, 0x00, 0x08, 0x0F, 0x80, 0x01, 0xE0, 0x00, 0x00, 0x00, 0x00,
  0x00, 0x00, 0x00, 0x00, 0x00, 0x00, 0x00, 0x00, 0x00, 0x00, 0x00, 0x00,
  0x00, 0x00, 0x00, 0x00, 0x00, 0x00, 0x00, 0x00, 0x00, 0x00, 0x00, 0x00,
  0x00, 0x00, 0x00, 0x00, 0x00, 0x00, 0x00, 0x00, 0x00, 0x00, 0x00, 0x00,
  0x00, 0x00, 0x00, 0x00, 0x00, 0x00, 0x00, 0x00, 0x00, 0x00, 0x00, 0x00,
  0x00, 0x00, 0x00, 0x00, 0x00, 0x00, 0x00, 0x00, 0x00, 0x00, 0x00, 0x00,
  0x00, 0x00, 0x00, 0x00, 0x00, 0x00, 0x00, 0x00,
};

const SportsLogoLayerDef layers_nba_chi[] = {
  { bitmap_nba_chi_layer_0, 237, 9, 64 },
  { bitmap_nba_chi_layer_1, 176, 7, 47 },
  { bitmap_nba_chi_layer_2, 58, 10, 21 },
  { bitmap_nba_chi_layer_3, 255, 255, 255 },
  { bitmap_nba_chi_layer_4, 156, 132, 138 },
};

const uint8_t bitmap_nba_cle_layer_0[] PROGMEM = {
  0x00, 0x00, 0x00, 0x00, 0x00, 0x00, 0x00, 0x00, 0x00, 0x00, 0x00, 0x00,
  0x00, 0x00, 0x38, 0x30, 0x00, 0x01, 0x80, 0x04, 0x00, 0x04, 0x00, 0x02,
  0x00, 0x10, 0x00, 0x02, 0x00, 0x60, 0x1E, 0x06, 0x00, 0x80, 0x72, 0x18,
  0x02, 0x00, 0xF2, 0x68, 0x04, 0x01, 0xC1, 0xF0, 0x00, 0x07, 0x83, 0x80,
  0x12, 0x0E, 0x07, 0x00, 0x14, 0x0C, 0x04, 0x00, 0x68, 0x18, 0x00, 0x00,
  0x30, 0x30, 0x00, 0x00, 0x00, 0x60, 0x00, 0x00, 0x20, 0x40, 0x00, 0x60,
  0x00, 0xC0, 0x03, 0x20, 0x40, 0x80, 0x0C, 0x00, 0x40, 0x80, 0x60, 0xC0,
  0x01, 0x03, 0x01, 0xC0, 0x00, 0xF0, 0x07, 0x80, 0x40, 0x00, 0x0F, 0x00,
  0x40, 0x00, 0x3C, 0x00, 0x20, 0x00, 0xF8, 0x00, 0x10, 0x07, 0xE0, 0x00,
  0x0F, 0xFD, 0x80, 0x00, 0x04, 0x0C, 0x00, 0x00, 0x00, 0x00, 0x00, 0x00,
  0x00, 0x00, 0x00, 0x00, 0x00, 0x00, 0x00, 0x00,
};

const uint8_t bitmap_nba_cle_layer_1[] PROGMEM = {
  0x00, 0x00, 0x00, 0x00, 0x00, 0x00, 0x00, 0x00, 0x00, 0x00, 0x00, 0x00,
  0x00, 0x00, 0x00, 0x00, 0x00, 0x00, 0x07, 0xC0, 0x00, 0x00, 0x7F, 0xF8,
  0x00, 0x01, 0xE0, 0xF0, 0x00, 0x07, 0x80, 0xE0, 0x00, 0x1F, 0x00, 0x80,
  0x00, 0x7C, 0x00, 0x00, 0x01, 0xF8, 0x00, 0x00, 0x00, 0x70, 0x00, 0x00,
  0x00, 0xE0, 0x00, 0x00, 0x01, 0xC0, 0x00, 0x00, 0x03, 0xC0, 0x00, 0x00,
  0x07, 0x80, 0x00, 0x00, 0x07, 0x00, 0x00, 0x00, 0x0F, 0x00, 0x00, 0x00,
  0x1E, 0x00, 0x00, 0x00, 0x1E, 0x00, 0x00, 0x00, 0x1C, 0x00, 0x02, 0x00,
  0x1C, 0x00, 0x18, 0x00, 0x1E, 0x00, 0xE0, 0x00, 0x1F, 0x07, 0xC0, 0x00,
  0x1F, 0xFE, 0x00, 0x00, 0x07, 0xF0, 0x00, 0x00, 0x00, 0x00, 0x00, 0x00,
  0x00, 0x00, 0x00, 0x00, 0x00, 0x00, 0x00, 0x00, 0x00, 0x00, 0x00, 0x00,
  0x00, 0x00, 0x00, 0x00, 0x00, 0x00, 0x00, 0x00,
};

const uint8_t bitmap_nba_cle_layer_2[] PROGMEM = {
  0x00, 0x00, 0x00, 0x00, 0x00, 0x00, 0x00, 0x00, 0x00, 0x00, 0x00, 0x00,
  0x00, 0x00, 0x07, 0xC0, 0x00, 0x00, 0x40, 0x08, 0x00, 0x02, 0x00, 0x00,
  0x00, 0x08, 0x06, 0x00, 0x00, 0x00, 0x01, 0x08, 0x00, 0x00, 0x0C, 0x26,
  0x01, 0x01, 0x00, 0x10, 0x00, 0x02, 0x02, 0x00, 0x08, 0x00, 0x04, 0x40,
  0x0C, 0x01, 0x00, 0x00, 0x28, 0x12, 0x08, 0x00, 0x10, 0x24, 0x08, 0x00,
  0x48, 0x08, 0x00, 0x00, 0x10, 0x10, 0x00, 0x10, 0x00, 0xA0, 0x00, 0x10,
  0x20, 0x20, 0x00, 0x50, 0x01, 0x40, 0x00, 0x60, 0x01, 0x00, 0x10, 0x20,
  0x40, 0x80, 0x82, 0x20, 0x40, 0x0C, 0x00, 0x00, 0x00, 0x00, 0x10, 0x00,
  0x20, 0x00, 0x42, 0x00, 0x40, 0x01, 0x00, 0x00, 0x28, 0x18, 0x00, 0x00,
  0x10, 0x02, 0x00, 0x00, 0x0B, 0xF0, 0x00, 0x00, 0x00, 0x00, 0x00, 0x00,
  0x00, 0x00, 0x00, 0x00, 0x00, 0x00, 0x00, 0x00,
};

const uint8_t bitmap_nba_cle_layer_3[] PROGMEM = {
  0x00, 0x00, 0x00, 0x00, 0x00, 0x00, 0x00, 0x00, 0x00, 0x00, 0x00, 0x00,
  0x00, 0x00, 0x00, 0x00, 0x00, 0x00, 0x30, 0x10, 0x00, 0x01, 0x00, 0x04,
  0x00, 0x04, 0x09, 0x04, 0x00, 0x10, 0x20, 0x10, 0x00, 0x40, 0x81, 0x00,
  0x00, 0x00, 0x01, 0x80, 0x02, 0x00, 0x00, 0x00, 0x05, 0x00, 0x00, 0x00,
  0x01, 0x00, 0x00, 0x00, 0x00, 0x00, 0x00, 0x00, 0x04, 0x00, 0x00, 0x00,
  0x00, 0x40, 0x00, 0x00, 0x00, 0x00, 0x00, 0x00, 0x10, 0x00, 0x00, 0x00,
  0x01, 0x00, 0x00, 0x80, 0x20, 0x00, 0x02, 0x80, 0x00, 0x00, 0x09, 0x00,
  0x00, 0x00, 0x40, 0x00, 0x01, 0x02, 0x08, 0x00, 0x00, 0x60, 0x20, 0x00,
  0x00, 0x00, 0x80, 0x00, 0x10, 0x02, 0x00, 0x00, 0x07, 0xE0, 0x00, 0x00,
  0x00, 0x00, 0x00, 0x00, 0x00, 0x00, 0x00, 0x00, 0x00, 0x00, 0x00, 0x00,
  0x00, 0x00, 0x00, 0x00, 0x00, 0x00, 0x00, 0x00,
};

const uint8_t bitmap_nba_cle_layer_4[] PROGMEM = {
  0x00, 0x00, 0x00, 0x00, 0x00, 0x00, 0x00, 0x00, 0x00, 0x00, 0x00, 0x00,
  0x00, 0x00, 0x00, 0x00, 0x00, 0x00, 0x08, 0x20, 0x00, 0x00, 0x80, 0x00,
  0x00, 0x02, 0x10, 0x08, 0x00, 0x08, 0x40, 0x00, 0x00, 0x20, 0x00, 0x40,
  0x00, 0x82, 0x00, 0x00, 0x00, 0x04, 0x00, 0x00, 0x02, 0x88, 0x00, 0x00,
  0x00, 0x10, 0x00, 0x00, 0x02, 0x20, 0x00, 0x00, 0x00, 0x00, 0x00, 0x00,
  0x00, 0x00, 0x00, 0x00, 0x08, 0x80, 0x00, 0x00, 0x00, 0x00, 0x00, 0x00,
  0x00, 0x00, 0x00, 0x00, 0x00, 0x00, 0x01, 0x00, 0x22, 0x00, 0x04, 0x00,
  0x22, 0x00, 0x24, 0x00, 0x20, 0x01, 0x10, 0x00, 0x20, 0x98, 0x00, 0x00,
  0x00, 0x01, 0x00, 0x00, 0x08, 0x0C, 0x00, 0x00, 0x00, 0x00, 0x00, 0x00,
  0x00, 0x00, 0x00, 0x00, 0x00, 0x00, 0x00, 0x00, 0x00, 0x00, 0x00, 0x00,
  0x00, 0x00, 0x00, 0x00, 0x00, 0x00, 0x00, 0x00,
};

const SportsLogoLayerDef layers_nba_cle[] = {
  { bitmap_nba_cle_layer_0, 210, 158, 91 },
  { bitmap_nba_cle_layer_1, 157, 2, 53 },
  { bitmap_nba_cle_layer_2, 201, 141, 86 },
  { bitmap_nba_cle_layer_3, 189, 93, 76 },
  { bitmap_nba_cle_layer_4, 172, 40, 63 },
};

const uint8_t bitmap_nba_dal_layer_0[] PROGMEM = {
  0x00, 0x00, 0x00, 0x00, 0x00, 0x00, 0x00, 0x00, 0x00, 0x02, 0x00, 0x00,
  0x00, 0x03, 0x98, 0x00, 0x00, 0x47, 0x82, 0x00, 0x01, 0xC5, 0xC0, 0x80,
  0x02, 0x80, 0xE0, 0x40, 0x04, 0x00, 0xA0, 0x20, 0x05, 0x02, 0x3C, 0x30,
  0x08, 0x06, 0x30, 0x10, 0x12, 0x06, 0xB8, 0x08, 0x02, 0x02, 0xDE, 0x00,
  0x02, 0x03, 0xDB, 0x04, 0x22, 0x03, 0xD9, 0x84, 0x27, 0x03, 0xF8, 0xC4,
  0x24, 0x03, 0xF8, 0x44, 0x26, 0x03, 0xF4, 0x24, 0x20, 0x03, 0x90, 0x24,
  0x22, 0x41, 0x82, 0x14, 0x20, 0x01, 0x82, 0x14, 0x27, 0x00, 0x82, 0x0C,
  0x10, 0x04, 0x80, 0x08, 0x12, 0x00, 0x80, 0x08, 0x09, 0x00, 0x80, 0x10,
  0x00, 0x07, 0x80, 0x30, 0x04, 0x47, 0x82, 0xE0, 0x02, 0x20, 0xFF, 0xC0,
  0x00, 0x88, 0x0F, 0x80, 0x00, 0x41, 0xC0, 0x00, 0x00, 0x10, 0x00, 0x00,
  0x00, 0x00, 0x00, 0x00, 0x00, 0x00, 0x00, 0x00,
};

const uint8_t bitmap_nba_dal_layer_1[] PROGMEM = {
  0x00, 0x00, 0x00, 0x00, 0x00, 0x00, 0x00, 0x00, 0x00, 0x11, 0xE0, 0x00,
  0x00, 0x24, 0x64, 0x00, 0x00, 0x80, 0x05, 0x00, 0x00, 0x02, 0x19, 0x00,
  0x01, 0x05, 0x10, 0x00, 0x00, 0x86, 0x50, 0x00, 0x08, 0x00, 0x03, 0x80,
  0x11, 0x09, 0xC0, 0x08, 0x00, 0x01, 0x44, 0x00, 0x30, 0x25, 0x20, 0x0C,
  0x24, 0x10, 0x20, 0x00, 0x04, 0x04, 0x20, 0x00, 0x00, 0x00, 0x00, 0x02,
  0x43, 0x00, 0x04, 0x22, 0x40, 0x00, 0x00, 0x02, 0x46, 0x40, 0x66, 0x12,
  0x40, 0x02, 0x50, 0x02, 0x07, 0x20, 0x40, 0x00, 0x00, 0x01, 0x40, 0x10,
  0x26, 0x80, 0x42, 0x14, 0x00, 0x00, 0x62, 0x10, 0x10, 0x01, 0x62, 0x28,
  0x0D, 0x88, 0x62, 0x40, 0x02, 0x80, 0x41, 0x00, 0x01, 0x01, 0x00, 0x00,
  0x01, 0x14, 0x30, 0x00, 0x00, 0xA6, 0x3F, 0x00, 0x00, 0x2C, 0x7C, 0x00,
  0x00, 0x07, 0xE0, 0x00, 0x00, 0x00, 0x00, 0x00,
};

const uint8_t bitmap_nba_dal_layer_2[] PROGMEM = {
  0x00, 0x00, 0x00, 0x00, 0x00, 0x00, 0x00, 0x00, 0x00, 0x00, 0x00, 0x00,
  0x00, 0x00, 0x00, 0x00, 0x00, 0x00, 0x78, 0x00, 0x00, 0x00, 0x06, 0x00,
  0x00, 0x00, 0x0F, 0x80, 0x00, 0x00, 0x0F, 0xC0, 0x00, 0x00, 0x00, 0x40,
  0x00, 0x00, 0x0F, 0xE0, 0x00, 0x00, 0x03, 0xF0, 0x00, 0x00, 0x01, 0xF0,
  0x00, 0x00, 0x04, 0xF8, 0x00, 0x00, 0x06, 0x78, 0x00, 0x00, 0x07, 0x38,
  0x00, 0x00, 0x03, 0x98, 0x00, 0x00, 0x0B, 0xD8, 0x00, 0x00, 0x09, 0xC8,
  0x00, 0x00, 0x2D, 0xE8, 0x00, 0x00, 0x3D, 0xE8, 0x00, 0x00, 0x3D, 0xE0,
  0x00, 0x00, 0x3D, 0xE0, 0x00, 0x00, 0x1D, 0xE0, 0x00, 0x00, 0x1D, 0xC0,
  0x00, 0x00, 0x1D, 0x80, 0x00, 0x00, 0x3C, 0x00, 0x00, 0x00, 0x00, 0x00,
  0x00, 0x00, 0x00, 0x00, 0x00, 0x00, 0x00, 0x00, 0x00, 0x00, 0x00, 0x00,
  0x00, 0x00, 0x00, 0x00, 0x00, 0x00, 0x00, 0x00,
};

const uint8_t bitmap_nba_dal_layer_3[] PROGMEM = {
  0x00, 0x00, 0x00, 0x00, 0x00, 0x01, 0x00, 0x00, 0x00, 0x20, 0x00, 0x00,
  0x00, 0x00, 0x01, 0x00, 0x01, 0x10, 0x00, 0x00, 0x00, 0x38, 0x00, 0x00,
  0x00, 0x38, 0x00, 0x00, 0x08, 0x79, 0x00, 0x00, 0x10, 0xF0, 0x00, 0x00,
  0x00, 0xC0, 0x00, 0x04, 0x04, 0x80, 0x00, 0x00, 0x01, 0xD8, 0x00, 0x00,
  0x01, 0xC8, 0x00, 0x00, 0x40, 0xE8, 0x00, 0x00, 0x10, 0xF8, 0x00, 0x00,
  0x00, 0x78, 0x00, 0x00, 0x09, 0xFC, 0x00, 0x00, 0x09, 0x3C, 0x00, 0x00,
  0x01, 0x9C, 0x00, 0x00, 0x00, 0x9C, 0x00, 0x00, 0x48, 0x4E, 0x00, 0x00,
  0x08, 0x6A, 0x00, 0x00, 0x25, 0xFE, 0x00, 0x00, 0x04, 0xFE, 0x00, 0x00,
  0x12, 0x60, 0x00, 0x00, 0x01, 0x30, 0x00, 0x00, 0x00, 0x8C, 0x00, 0x00,
  0x00, 0x01, 0x00, 0x00, 0x01, 0x00, 0x00, 0x00, 0x00, 0x00, 0x00, 0x00,
  0x00, 0x10, 0x00, 0x00, 0x00, 0x00, 0x00, 0x00,
};

const uint8_t bitmap_nba_dal_layer_4[] PROGMEM = {
  0x00, 0x00, 0x00, 0x00, 0x00, 0x0E, 0x00, 0x00, 0x00, 0x0C, 0x18, 0x00,
  0x00, 0x58, 0x02, 0x00, 0x00, 0x28, 0x00, 0x80, 0x02, 0x00, 0x20, 0x40,
  0x04, 0x42, 0x00, 0x20, 0x03, 0x00, 0x00, 0x10, 0x02, 0x0D, 0xC0, 0x08,
  0x06, 0x30, 0x00, 0x00, 0x29, 0x78, 0x00, 0x04, 0x0C, 0x00, 0x00, 0x00,
  0x18, 0x24, 0x00, 0x02, 0x19, 0x10, 0x00, 0x02, 0x48, 0x04, 0x00, 0x00,
  0x18, 0x84, 0x00, 0x00, 0x10, 0x00, 0x00, 0x00, 0x10, 0x80, 0x00, 0x00,
  0x1C, 0x20, 0x00, 0x00, 0x58, 0x42, 0x00, 0x02, 0x10, 0xB0, 0x00, 0x02,
  0x01, 0x11, 0x00, 0x00, 0x08, 0x01, 0x00, 0x04, 0x02, 0x00, 0x00, 0x00,
  0x00, 0x10, 0x00, 0x08, 0x08, 0x08, 0x00, 0x10, 0x04, 0x52, 0x00, 0x20,
  0x02, 0x62, 0xC0, 0x40, 0x00, 0x18, 0x00, 0x80, 0x00, 0x43, 0x82, 0x00,
  0x00, 0x08, 0x18, 0x00, 0x00, 0x00, 0x00, 0x00,
};

const SportsLogoLayerDef layers_nba_dal[] = {
  { bitmap_nba_dal_layer_0, 0, 0, 0 },
  { bitmap_nba_dal_layer_1, 50, 61, 70 },
  { bitmap_nba_dal_layer_2, 1, 96, 174 },
  { bitmap_nba_dal_layer_3, 230, 232, 233 },
  { bitmap_nba_dal_layer_4, 132, 134, 136 },
};

const uint8_t bitmap_nba_den_layer_0[] PROGMEM = {
  0x00, 0x00, 0x00, 0x00, 0x00, 0x00, 0x00, 0x00, 0x00, 0x00, 0x00, 0x00,
  0x00, 0x03, 0xC0, 0x00, 0x00, 0x1F, 0xF8, 0x00, 0x00, 0x66, 0x66, 0x00,
  0x00, 0x8C, 0x31, 0x00, 0x01, 0x1C, 0x18, 0x80, 0x02, 0x38, 0x0C, 0x40,
  0x04, 0x70, 0x06, 0x20, 0x04, 0x20, 0x04, 0x20, 0x08, 0x1C, 0x38, 0x10,
  0x09, 0x0E, 0x70, 0x90, 0x09, 0xC3, 0xC3, 0xD0, 0x13, 0xF1, 0x8F, 0xC8,
  0x13, 0xF8, 0x1F, 0xC8, 0x13, 0xFC, 0x3F, 0xC8, 0x17, 0xF0, 0x8F, 0xE8,
  0x0F, 0xE3, 0xC3, 0xF0, 0x0F, 0x8C, 0x31, 0xF0, 0x0E, 0x1C, 0x38, 0x70,
  0x04, 0x70, 0x8E, 0x20, 0x04, 0xF0, 0x0F, 0x20, 0x03, 0xF0, 0x8F, 0xC0,
  0x01, 0xF0, 0x0F, 0x80, 0x00, 0xF1, 0x8F, 0x00, 0x00, 0x7C, 0x3E, 0x00,
  0x00, 0x1F, 0xF8, 0x00, 0x00, 0x03, 0xC0, 0x00, 0x00, 0x00, 0x00, 0x00,
  0x00, 0x00, 0x00, 0x00, 0x00, 0x00, 0x00, 0x00,
};

const uint8_t bitmap_nba_den_layer_1[] PROGMEM = {
  0x00, 0x00, 0x00, 0x00, 0x00, 0x1F, 0xF8, 0x00, 0x00, 0x78, 0x1E, 0x00,
  0x01, 0xC0, 0x03, 0x80, 0x03, 0x00, 0x00, 0xC0, 0x06, 0x00, 0x00, 0x60,
  0x0C, 0x21, 0x84, 0x30, 0x18, 0x43, 0xC2, 0x18, 0x10, 0x87, 0xE1, 0x08,
  0x31, 0x0F, 0xF0, 0x8C, 0x23, 0x83, 0xC1, 0xC4, 0x63, 0xC1, 0x83, 0xC6,
  0x60, 0x20, 0x06, 0x26, 0x44, 0x18, 0x18, 0x22, 0x44, 0x04, 0x20, 0x02,
  0x40, 0x03, 0xC0, 0x02, 0x40, 0x01, 0x00, 0x02, 0x40, 0x06, 0x20, 0x02,
  0x40, 0x08, 0x18, 0x02, 0x60, 0x20, 0x04, 0x06, 0x60, 0xC0, 0x03, 0x06,
  0x21, 0x04, 0x20, 0x84, 0x32, 0x06, 0x60, 0x4C, 0x10, 0x00, 0x00, 0x08,
  0x18, 0x06, 0x60, 0x18, 0x0C, 0x00, 0x00, 0x30, 0x06, 0x00, 0x00, 0x60,
  0x03, 0x00, 0x00, 0xC0, 0x01, 0xC0, 0x03, 0x80, 0x00, 0x78, 0x1E, 0x00,
  0x00, 0x1F, 0xF8, 0x00, 0x00, 0x00, 0x00, 0x00,
};

const uint8_t bitmap_nba_den_layer_2[] PROGMEM = {
  0x00, 0x00, 0x00, 0x00, 0x00, 0x00, 0x00, 0x00, 0x00, 0x07, 0xE0, 0x00,
  0x00, 0x20, 0x04, 0x00, 0x00, 0x80, 0x01, 0x00, 0x01, 0x00, 0x08, 0x80,
  0x02, 0x00, 0x00, 0x40, 0x04, 0x00, 0x00, 0x20, 0x08, 0x00, 0x00, 0x10,
  0x00, 0x80, 0x00, 0x40, 0x10, 0x00, 0x00, 0x08, 0x00, 0x00, 0x00, 0x00,
  0x06, 0x50, 0x88, 0x40, 0x20, 0x00, 0x00, 0x04, 0x20, 0x0A, 0x50, 0x24,
  0x24, 0x00, 0x00, 0x14, 0x20, 0x02, 0x80, 0x04, 0x20, 0x00, 0x40, 0x04,
  0x20, 0x10, 0x00, 0x04, 0x00, 0x10, 0x0A, 0x00, 0x00, 0x00, 0x00, 0x00,
  0x12, 0x80, 0x01, 0x48, 0x00, 0x00, 0x00, 0x00, 0x08, 0x00, 0x00, 0x10,
  0x04, 0x09, 0x10, 0x20, 0x02, 0x04, 0x20, 0x40, 0x01, 0x03, 0xC0, 0x80,
  0x00, 0x80, 0x01, 0x00, 0x00, 0x20, 0x04, 0x00, 0x00, 0x07, 0xE0, 0x00,
  0x00, 0x00, 0x00, 0x00, 0x00, 0x00, 0x00, 0x00,
};

const uint8_t bitmap_nba_den_layer_3[] PROGMEM = {
  0x00, 0x00, 0x00, 0x00, 0x00, 0x00, 0x00, 0x00, 0x00, 0x00, 0x00, 0x00,
  0x00, 0x00, 0x00, 0x00, 0x00, 0x00, 0x00, 0x00, 0x00, 0x19, 0x90, 0x00,
  0x00, 0x12, 0x4A, 0x00, 0x00, 0xA0, 0x21, 0x00, 0x01, 0x40, 0x12, 0x80,
  0x02, 0x00, 0x01, 0x00, 0x00, 0x5C, 0x18, 0x00, 0x04, 0x22, 0x40, 0x20,
  0x00, 0x81, 0x01, 0x00, 0x00, 0x24, 0x24, 0x00, 0x08, 0x00, 0x00, 0x10,
  0x08, 0x00, 0x20, 0x20, 0x0C, 0x00, 0x40, 0x10, 0x08, 0x08, 0x10, 0x10,
  0x00, 0x04, 0x20, 0x00, 0x00, 0x43, 0xC0, 0x00, 0x00, 0x23, 0xC4, 0x00,
  0x00, 0x0A, 0x50, 0x00, 0x01, 0x09, 0x90, 0x80, 0x00, 0x06, 0x70, 0x00,
  0x00, 0x00, 0x80, 0x00, 0x00, 0x02, 0x50, 0x00, 0x00, 0x00, 0x00, 0x00,
  0x00, 0x00, 0x00, 0x00, 0x00, 0x00, 0x00, 0x00, 0x00, 0x00, 0x00, 0x00,
  0x00, 0x00, 0x00, 0x00, 0x00, 0x00, 0x00, 0x00,
};

const uint8_t bitmap_nba_den_layer_4[] PROGMEM = {
  0x00, 0x00, 0x00, 0x00, 0x00, 0x00, 0x00, 0x00, 0x00, 0x00, 0x00, 0x00,
  0x00, 0x1C, 0x38, 0x00, 0x00, 0x60, 0x06, 0x00, 0x00, 0x80, 0x01, 0x00,
  0x01, 0x40, 0x00, 0x80, 0x02, 0x00, 0x04, 0x40, 0x04, 0x00, 0x00, 0x20,
  0x08, 0x00, 0x08, 0x10, 0x08, 0x00, 0x22, 0x10, 0x10, 0x00, 0x04, 0x08,
  0x10, 0x00, 0x00, 0x08, 0x12, 0x00, 0x00, 0x08, 0x00, 0x00, 0x00, 0x00,
  0x00, 0x04, 0x00, 0x00, 0x00, 0x00, 0x00, 0x20, 0x00, 0x01, 0x00, 0x00,
  0x10, 0x00, 0x04, 0x08, 0x10, 0x00, 0x00, 0x08, 0x11, 0x00, 0x00, 0x88,
  0x08, 0x01, 0x00, 0x10, 0x08, 0x00, 0x00, 0x10, 0x04, 0x09, 0x00, 0x20,
  0x02, 0x00, 0x00, 0x40, 0x01, 0x08, 0x00, 0x80, 0x00, 0x80, 0x01, 0x00,
  0x00, 0x60, 0x06, 0x00, 0x00, 0x1C, 0x38, 0x00, 0x00, 0x00, 0x00, 0x00,
  0x00, 0x00, 0x00, 0x00, 0x00, 0x00, 0x00, 0x00,
};

const SportsLogoLayerDef layers_nba_den[] = {
  { bitmap_nba_den_layer_0, 7, 27, 63 },
  { bitmap_nba_den_layer_1, 249, 205, 28 },
  { bitmap_nba_den_layer_2, 190, 107, 28 },
  { bitmap_nba_den_layer_3, 105, 105, 70 },
  { bitmap_nba_den_layer_4, 90, 31, 54 },
};

const uint8_t bitmap_nba_det_layer_0[] PROGMEM = {
  0x00, 0x00, 0x00, 0x00, 0x00, 0x07, 0xE0, 0x00, 0x00, 0x3F, 0xFC, 0x00,
  0x00, 0xFF, 0xFF, 0x00, 0x01, 0xE0, 0x07, 0x80, 0x03, 0x80, 0x01, 0xC0,
  0x07, 0x00, 0x00, 0xE0, 0x0E, 0x00, 0x00, 0x70, 0x1C, 0x00, 0x00, 0x38,
  0x18, 0x00, 0x00, 0x18, 0x38, 0x00, 0x00, 0x1C, 0x30, 0x00, 0x00, 0x0C,
  0x30, 0x00, 0x00, 0x0C, 0x70, 0x00, 0x00, 0x0E, 0x70, 0x00, 0x00, 0x0E,
  0x70, 0x00, 0x00, 0x0E, 0x70, 0x00, 0x00, 0x0E, 0x70, 0x00, 0x00, 0x0E,
  0x70, 0x00, 0x00, 0x0E, 0x30, 0x00, 0x00, 0x0C, 0x30, 0x00, 0x00, 0x0C,
  0x38, 0x00, 0x00, 0x1C, 0x18, 0x00, 0x00, 0x18, 0x1C, 0x00, 0x00, 0x38,
  0x0E, 0x00, 0x00, 0x70, 0x07, 0x00, 0x00, 0xE0, 0x03, 0x80, 0x01, 0xC0,
  0x01, 0xE0, 0x07, 0x80, 0x00, 0xFF, 0xFF, 0x00, 0x00, 0x3F, 0xFC, 0x00,
  0x00, 0x07, 0xE0, 0x00, 0x00, 0x00, 0x00, 0x00,
};

const uint8_t bitmap_nba_det_layer_1[] PROGMEM = {
  0x00, 0x00, 0x00, 0x00, 0x00, 0x18, 0x18, 0x00, 0x00, 0x40, 0x02, 0x00,
  0x01, 0x00, 0x00, 0x80, 0x02, 0x18, 0x18, 0x40, 0x04, 0x60, 0x06, 0x20,
  0x08, 0x80, 0x01, 0x10, 0x11, 0x00, 0x00, 0x88, 0x02, 0x00, 0x00, 0x40,
  0x24, 0x00, 0x00, 0x24, 0x04, 0x00, 0x00, 0x20, 0x4C, 0x00, 0x00, 0x32,
  0x48, 0xD2, 0xFD, 0x12, 0x08, 0x90, 0xED, 0x10, 0x00, 0xD2, 0xFD, 0x00,
  0x08, 0x00, 0x00, 0x00, 0x08, 0x00, 0x00, 0x10, 0x00, 0xE9, 0x6D, 0x00,
  0x08, 0x85, 0x4C, 0x10, 0x48, 0x95, 0x6D, 0x12, 0x4C, 0x00, 0x00, 0x32,
  0x04, 0x00, 0x00, 0x20, 0x24, 0x00, 0x00, 0x24, 0x02, 0x00, 0x00, 0x40,
  0x11, 0x00, 0x00, 0x88, 0x08, 0x80, 0x01, 0x10, 0x04, 0x60, 0x06, 0x20,
  0x02, 0x18, 0x18, 0x40, 0x01, 0x00, 0x00, 0x80, 0x00, 0x40, 0x02, 0x00,
  0x00, 0x18, 0x18, 0x00, 0x00, 0x00, 0x00, 0x00,
};

const uint8_t bitmap_nba_det_layer_2[] PROGMEM = {
  0x00, 0x00, 0x00, 0x00, 0x00, 0x00, 0x00, 0x00, 0x00, 0x00, 0x00, 0x00,
  0x00, 0x00, 0x00, 0x00, 0x00, 0x00, 0x00, 0x00, 0x00, 0x0F, 0xF0, 0x00,
  0x00, 0x3C, 0x3C, 0x00, 0x00, 0x40, 0x03, 0x00, 0x01, 0x07, 0xE0, 0x80,
  0x00, 0x3F, 0xFC, 0x00, 0x00, 0xFF, 0xFF, 0x00, 0x01, 0x00, 0x20, 0x80,
  0x02, 0x00, 0x00, 0x40, 0x07, 0x00, 0x00, 0xE0, 0x07, 0x00, 0x00, 0xE0,
  0x01, 0x00, 0x02, 0x80, 0x00, 0x00, 0x00, 0x00, 0x06, 0x02, 0x00, 0x60,
  0x06, 0x0A, 0x00, 0x60, 0x02, 0x42, 0x00, 0x40, 0x01, 0x42, 0x90, 0x80,
  0x00, 0xFF, 0xFF, 0x00, 0x00, 0x3F, 0xFC, 0x00, 0x01, 0x07, 0xE0, 0x80,
  0x00, 0xC0, 0x03, 0x00, 0x00, 0x3C, 0x3C, 0x00, 0x00, 0x0F, 0xF0, 0x00,
  0x00, 0x00, 0x00, 0x00, 0x00, 0x00, 0x00, 0x00, 0x00, 0x00, 0x00, 0x00,
  0x00, 0x00, 0x00, 0x00, 0x00, 0x00, 0x00, 0x00,
};

const uint8_t bitmap_nba_det_layer_3[] PROGMEM = {
  0x00, 0x00, 0x00, 0x00, 0x00, 0x00, 0x00, 0x00, 0x00, 0x00, 0x00, 0x00,
  0x00, 0x00, 0x00, 0x00, 0x00, 0x07, 0xE0, 0x00, 0x00, 0x00, 0x00, 0x00,
  0x00, 0x40, 0x02, 0x00, 0x00, 0x1F, 0xF8, 0x00, 0x00, 0x60, 0x06, 0x00,
  0x03, 0x80, 0x01, 0xC0, 0x02, 0x00, 0x00, 0x40, 0x00, 0xC0, 0x91, 0x00,
  0x04, 0x25, 0x02, 0x20, 0x00, 0x62, 0x10, 0x00, 0x08, 0x25, 0x00, 0x10,
  0x04, 0xD0, 0x11, 0x30, 0x04, 0xCD, 0x67, 0x20, 0x08, 0x14, 0x92, 0x10,
  0x00, 0x70, 0x31, 0x80, 0x04, 0x00, 0x10, 0xA0, 0x00, 0x00, 0x00, 0x00,
  0x02, 0x00, 0x00, 0x40, 0x03, 0x80, 0x01, 0xC0, 0x00, 0x60, 0x06, 0x00,
  0x00, 0x1F, 0xF8, 0x00, 0x00, 0x40, 0x02, 0x00, 0x00, 0x00, 0x00, 0x00,
  0x00, 0x07, 0xE0, 0x00, 0x00, 0x00, 0x00, 0x00, 0x00, 0x00, 0x00, 0x00,
  0x00, 0x00, 0x00, 0x00, 0x00, 0x00, 0x00, 0x00,
};

const uint8_t bitmap_nba_det_layer_4[] PROGMEM = {
  0x00, 0x00, 0x00, 0x00, 0x00, 0x00, 0x00, 0x00, 0x00, 0x00, 0x00, 0x00,
  0x00, 0x00, 0x00, 0x00, 0x00, 0x00, 0x00, 0x00, 0x00, 0x10, 0x08, 0x00,
  0x00, 0x03, 0xC0, 0x00, 0x00, 0xA0, 0x04, 0x00, 0x00, 0x98, 0x19, 0x00,
  0x00, 0x40, 0x02, 0x00, 0x01, 0x00, 0x00, 0x80, 0x02, 0x3F, 0x4E, 0x40,
  0x01, 0x08, 0x00, 0x80, 0x00, 0x0D, 0x02, 0x00, 0x00, 0x08, 0x02, 0x00,
  0x02, 0x2F, 0xEC, 0x40, 0x03, 0x32, 0x98, 0xC0, 0x01, 0x00, 0x00, 0x80,
  0x01, 0x00, 0x82, 0x00, 0x01, 0x28, 0x82, 0x00, 0x02, 0xBD, 0x6F, 0x40,
  0x01, 0x00, 0x00, 0x80, 0x00, 0x40, 0x02, 0x00, 0x00, 0x98, 0x19, 0x00,
  0x00, 0x20, 0x04, 0x00, 0x00, 0x03, 0xC0, 0x00, 0x00, 0x10, 0x08, 0x00,
  0x00, 0x00, 0x00, 0x00, 0x00, 0x00, 0x00, 0x00, 0x00, 0x00, 0x00, 0x00,
  0x00, 0x00, 0x00, 0x00, 0x00, 0x00, 0x00, 0x00,
};

const SportsLogoLayerDef layers_nba_det[] = {
  { bitmap_nba_det_layer_0, 39, 87, 155 },
  { bitmap_nba_det_layer_1, 221, 190, 202 },
  { bitmap_nba_det_layer_2, 232, 5, 34 },
  { bitmap_nba_det_layer_3, 246, 124, 140 },
  { bitmap_nba_det_layer_4, 238, 59, 84 },
};

const uint8_t bitmap_nba_gs_layer_0[] PROGMEM = {
  0x00, 0x00, 0x00, 0x00, 0x00, 0x1F, 0xF8, 0x00, 0x00, 0x60, 0x06, 0x00,
  0x01, 0x83, 0xC1, 0x80, 0x03, 0x1F, 0xF8, 0xC0, 0x04, 0x7F, 0xFE, 0x20,
  0x08, 0xFF, 0xFF, 0x10, 0x19, 0xFF, 0xFF, 0x98, 0x13, 0xFF, 0xFF, 0xC8,
  0x27, 0x1F, 0xFF, 0xE4, 0x27, 0x1F, 0xFF, 0xE4, 0x4E, 0x0F, 0xFF, 0xF2,
  0x4E, 0x07, 0xFF, 0xF2, 0x4C, 0x03, 0xFF, 0xF2, 0x48, 0x09, 0xFF, 0xFA,
  0x58, 0x00, 0x7F, 0xFA, 0x50, 0x00, 0x3F, 0xFA, 0x40, 0x00, 0x0F, 0xFA,
  0x40, 0x00, 0x03, 0xF2, 0x40, 0x00, 0x00, 0xF2, 0x40, 0x00, 0x00, 0x12,
  0x20, 0x02, 0x00, 0x04, 0x20, 0x00, 0x00, 0x04, 0x10, 0x00, 0x00, 0x08,
  0x18, 0x00, 0x00, 0x18, 0x08, 0x1F, 0xFD, 0x10, 0x04, 0x0F, 0xFE, 0x20,
  0x03, 0x0F, 0xF8, 0xC0, 0x01, 0x83, 0xC1, 0x80, 0x00, 0x60, 0x06, 0x00,
  0x00, 0x1F, 0xF8, 0x00, 0x00, 0x00, 0x00, 0x00,
};

const uint8_t bitmap_nba_gs_layer_1[] PROGMEM = {
  0x00, 0x00, 0x00, 0x00, 0x00, 0x00, 0x00, 0x00, 0x00, 0x10, 0x08, 0x00,
  0x00, 0x04, 0x20, 0x00, 0x00, 0x20, 0x04, 0x00, 0x02, 0x00, 0x00, 0x40,
  0x05, 0x00, 0x00, 0xA0, 0x02, 0x00, 0x00, 0x40, 0x00, 0x00, 0x00, 0x00,
  0x00, 0x00, 0x00, 0x00, 0x08, 0x00, 0x00, 0x10, 0x21, 0x00, 0x00, 0x04,
  0x00, 0x00, 0x00, 0x00, 0x10, 0x10, 0x00, 0x08, 0x15, 0x00, 0x00, 0x00,
  0x03, 0x1C, 0x80, 0x00, 0x03, 0x1E, 0x00, 0x00, 0x05, 0x17, 0x80, 0x00,
  0x0D, 0x15, 0xE0, 0x08, 0x0F, 0x0D, 0xF8, 0x00, 0x2E, 0x0F, 0x5A, 0x24,
  0x0F, 0x0D, 0xFF, 0x80, 0x17, 0x00, 0x00, 0x08, 0x00, 0x00, 0x00, 0x00,
  0x00, 0x00, 0x00, 0x00, 0x05, 0x00, 0x02, 0x20, 0x02, 0x10, 0x01, 0x40,
  0x00, 0x10, 0x04, 0x00, 0x00, 0x44, 0x20, 0x00, 0x00, 0x10, 0x08, 0x00,
  0x00, 0x00, 0x00, 0x00, 0x00, 0x00, 0x00, 0x00,
};

const uint8_t bitmap_nba_gs_layer_2[] PROGMEM = {
  0x00, 0x00, 0x00, 0x00, 0x00, 0x00, 0x00, 0x00, 0x00, 0x07, 0xE0, 0x00,
  0x00, 0x30, 0x0C, 0x00, 0x00, 0xC0, 0x03, 0x00, 0x00, 0x00, 0x00, 0x00,
  0x00, 0x00, 0x00, 0x00, 0x00, 0x00, 0x00, 0x00, 0x08, 0x00, 0x00, 0x10,
  0x08, 0x40, 0x00, 0x10, 0x10, 0xA0, 0x00, 0x08, 0x10, 0x00, 0x00, 0x08,
  0x01, 0x50, 0x00, 0x00, 0x20, 0xE0, 0x00, 0x04, 0x20, 0xA6, 0x00, 0x04,
  0x24, 0xA0, 0x00, 0x04, 0x28, 0xE0, 0xC0, 0x04, 0x30, 0x00, 0x60, 0x04,
  0x20, 0x40, 0x08, 0x04, 0x00, 0x40, 0x02, 0x00, 0x00, 0x00, 0x00, 0x48,
  0x10, 0x20, 0x00, 0x58, 0x08, 0x41, 0x7F, 0xE0, 0x08, 0x00, 0x00, 0x10,
  0x02, 0x7F, 0xF8, 0x80, 0x02, 0x00, 0x00, 0x00, 0x00, 0x00, 0x00, 0x00,
  0x00, 0x80, 0x03, 0x00, 0x00, 0x30, 0x0C, 0x00, 0x00, 0x07, 0xE0, 0x00,
  0x00, 0x00, 0x00, 0x00, 0x00, 0x00, 0x00, 0x00,
};

const uint8_t bitmap_nba_gs_layer_3[] PROGMEM = {
  0x00, 0x00, 0x00, 0x00, 0x00, 0x00, 0x00, 0x00, 0x00, 0x00, 0x00, 0x00,
  0x00, 0x00, 0x00, 0x00, 0x00, 0x00, 0x00, 0x00, 0x01, 0x00, 0x00, 0x80,
  0x02, 0x00, 0x00, 0x40, 0x04, 0x00, 0x00, 0x20, 0x00, 0x00, 0x00, 0x00,
  0x00, 0x00, 0x00, 0x00, 0x00, 0x40, 0x00, 0x00, 0x00, 0xE0, 0x00, 0x00,
  0x00, 0xA0, 0x00, 0x00, 0x00, 0x00, 0x00, 0x00, 0x00, 0x40, 0x00, 0x00,
  0x00, 0x41, 0x00, 0x00, 0x00, 0x00, 0x00, 0x00, 0x00, 0xE0, 0x00, 0x00,
  0x00, 0xA0, 0x10, 0x00, 0x00, 0xA0, 0x04, 0x00, 0x10, 0xE0, 0x01, 0x80,
  0x00, 0x80, 0x00, 0x20, 0x00, 0xA0, 0x00, 0x10, 0x07, 0xFF, 0xFF, 0xE0,
  0x04, 0x80, 0x07, 0x60, 0x00, 0xA0, 0x00, 0x40, 0x01, 0xA0, 0x00, 0x80,
  0x00, 0x60, 0x00, 0x00, 0x00, 0x00, 0x00, 0x00, 0x00, 0x00, 0x00, 0x00,
  0x00, 0x00, 0x00, 0x00, 0x00, 0x00, 0x00, 0x00,
};

const uint8_t bitmap_nba_gs_layer_4[] PROGMEM = {
  0x00, 0x00, 0x00, 0x00, 0x00, 0x00, 0x00, 0x00, 0x00, 0x08, 0x10, 0x00,
  0x00, 0x48, 0x12, 0x00, 0x00, 0x00, 0x00, 0x00, 0x00, 0x80, 0x01, 0x00,
  0x00, 0x00, 0x00, 0x00, 0x00, 0x00, 0x00, 0x00, 0x04, 0x00, 0x00, 0x20,
  0x10, 0xA0, 0x00, 0x08, 0x00, 0x00, 0x00, 0x00, 0x00, 0x10, 0x00, 0x00,
  0x30, 0x08, 0x00, 0x0C, 0x03, 0x0C, 0x00, 0x00, 0x02, 0x10, 0x00, 0x00,
  0x00, 0x02, 0x00, 0x00, 0x04, 0x01, 0x00, 0x00, 0x0A, 0x08, 0x10, 0x00,
  0x12, 0x0A, 0x04, 0x00, 0x30, 0x12, 0x01, 0x0C, 0x01, 0x10, 0xA4, 0x00,
  0x00, 0x50, 0x00, 0x00, 0x00, 0x1E, 0x80, 0x00, 0x00, 0x00, 0x00, 0x00,
  0x01, 0x00, 0x00, 0x00, 0x00, 0x40, 0x00, 0x80, 0x00, 0x40, 0x00, 0x00,
  0x00, 0x00, 0x00, 0x00, 0x00, 0x08, 0x12, 0x00, 0x00, 0x08, 0x10, 0x00,
  0x00, 0x00, 0x00, 0x00, 0x00, 0x00, 0x00, 0x00,
};

const SportsLogoLayerDef layers_nba_gs[] = {
  { bitmap_nba_gs_layer_0, 3, 62, 144 },
  { bitmap_nba_gs_layer_1, 55, 91, 114 },
  { bitmap_nba_gs_layer_2, 171, 147, 49 },
  { bitmap_nba_gs_layer_3, 224, 173, 18 },
  { bitmap_nba_gs_layer_4, 101, 113, 89 },
};

const uint8_t bitmap_nba_hou_layer_0[] PROGMEM = {
  0x00, 0x00, 0x00, 0x00, 0x00, 0x00, 0x00, 0x00, 0x00, 0x04, 0x00, 0x00,
  0x00, 0x0C, 0x00, 0x00, 0x00, 0x0F, 0x80, 0x00, 0x00, 0x0F, 0xF0, 0x00,
  0x00, 0x0C, 0x70, 0x00, 0x00, 0x0C, 0x30, 0x00, 0x00, 0x0C, 0x30, 0x00,
  0x00, 0x0C, 0x70, 0x00, 0x00, 0x0D, 0x80, 0x00, 0x00, 0x0C, 0x70, 0x00,
  0x00, 0x0C, 0x30, 0x00, 0x00, 0x0C, 0x30, 0x00, 0x00, 0x0C, 0x20, 0x00,
  0x06, 0x0C, 0x20, 0x40, 0x06, 0x0C, 0x30, 0x60, 0x03, 0xCC, 0x37, 0xC0,
  0x00, 0x0F, 0x70, 0x00, 0x00, 0x0C, 0x20, 0x00, 0x00, 0x0C, 0x30, 0x00,
  0x00, 0x00, 0x30, 0x00, 0x00, 0x00, 0x30, 0x00, 0x00, 0x00, 0x00, 0x00,
  0x00, 0x00, 0x00, 0x00, 0x00, 0x00, 0x00, 0x00, 0x00, 0x00, 0x00, 0x00,
  0x00, 0x00, 0x00, 0x00, 0x00, 0x00, 0x00, 0x00, 0x00, 0x00, 0x00, 0x00,
  0x00, 0x00, 0x00, 0x00, 0x00, 0x00, 0x00, 0x00,
};

const uint8_t bitmap_nba_hou_layer_1[] PROGMEM = {
  0x00, 0x00, 0x00, 0x00, 0x00, 0x00, 0x00, 0x00, 0x00, 0x08, 0x00, 0x00,
  0x00, 0x00, 0x00, 0x00, 0x00, 0x00, 0x00, 0x00, 0x00, 0x70, 0x00, 0x00,
  0x00, 0x00, 0x00, 0x00, 0x00, 0x00, 0x00, 0x00, 0x00, 0x00, 0x00, 0x00,
  0x00, 0x00, 0x00, 0x00, 0x00, 0x02, 0x60, 0x00, 0x00, 0x00, 0x80, 0x00,
  0x00, 0x00, 0x40, 0x00, 0x00, 0x00, 0x40, 0x00, 0x00, 0x00, 0x54, 0x00,
  0x01, 0x00, 0x50, 0x80, 0x08, 0x00, 0x40, 0x00, 0x04, 0x00, 0x40, 0x20,
  0x00, 0xF0, 0x8F, 0x00, 0x00, 0x00, 0x50, 0x00, 0x00, 0x00, 0x40, 0x00,
  0x00, 0x04, 0x40, 0x00, 0x00, 0x00, 0x00, 0x00, 0x00, 0x00, 0x30, 0x00,
  0x00, 0x00, 0x00, 0x00, 0x00, 0x00, 0x00, 0x00, 0x00, 0x00, 0x00, 0x00,
  0x00, 0x00, 0x00, 0x00, 0x00, 0x00, 0x00, 0x00, 0x00, 0x00, 0x00, 0x00,
  0x00, 0x00, 0x00, 0x00, 0x00, 0x00, 0x00, 0x00,
};

const uint8_t bitmap_nba_hou_layer_2[] PROGMEM = {
  0x00, 0x00, 0x00, 0x00, 0x00, 0x08, 0x00, 0x00, 0x00, 0x00, 0x00, 0x00,
  0x00, 0x00, 0x00, 0x00, 0x00, 0x00, 0x00, 0x00, 0x00, 0x00, 0x00, 0x00,
  0x00, 0x10, 0x80, 0x00, 0x00, 0x10, 0x40, 0x00, 0x00, 0x10, 0x40, 0x00,
  0x00, 0x10, 0x00, 0x00, 0x00, 0x10, 0x00, 0x00, 0x00, 0x13, 0x00, 0x00,
  0x00, 0x10, 0x00, 0x00, 0x00, 0x10, 0x00, 0x00, 0x00, 0x10, 0x00, 0x00,
  0x00, 0xD0, 0x03, 0x00, 0x00, 0x10, 0x00, 0x80, 0x00, 0x10, 0x00, 0x00,
  0x01, 0x00, 0x00, 0x80, 0x00, 0x13, 0x00, 0x00, 0x00, 0x00, 0x00, 0x00,
  0x00, 0x08, 0x00, 0x00, 0x00, 0x0C, 0x40, 0x00, 0x00, 0x04, 0x00, 0x00,
  0x00, 0x00, 0x30, 0x00, 0x00, 0x00, 0x30, 0x00, 0x00, 0x00, 0x10, 0x00,
  0x00, 0x00, 0x00, 0x00, 0x00, 0x00, 0x00, 0x00, 0x00, 0x00, 0x00, 0x00,
  0x00, 0x00, 0x00, 0x00, 0x00, 0x00, 0x00, 0x00,
};

const uint8_t bitmap_nba_hou_layer_3[] PROGMEM = {
  0x00, 0x00, 0x00, 0x00, 0x00, 0x00, 0x00, 0x00, 0x00, 0x00, 0x00, 0x00,
  0x00, 0x00, 0x00, 0x00, 0x00, 0x10, 0x00, 0x00, 0x00, 0x80, 0x00, 0x00,
  0x00, 0x63, 0x00, 0x00, 0x00, 0x00, 0x00, 0x00, 0x00, 0x00, 0x00, 0x00,
  0x00, 0x00, 0x00, 0x00, 0x00, 0x00, 0x00, 0x00, 0x00, 0x00, 0x00, 0x00,
  0x00, 0x00, 0x00, 0x00, 0x00, 0x00, 0x00, 0x00, 0x00, 0x00, 0x00, 0x00,
  0x00, 0x20, 0x04, 0x00, 0x00, 0x00, 0x00, 0x00, 0x08, 0x00, 0x00, 0x00,
  0x02, 0x00, 0x00, 0x00, 0x00, 0x00, 0x80, 0x00, 0x00, 0x10, 0x00, 0x00,
  0x00, 0x10, 0x00, 0x00, 0x00, 0x10, 0x00, 0x00, 0x00, 0x08, 0x40, 0x00,
  0x00, 0x04, 0x40, 0x00, 0x00, 0x00, 0x40, 0x00, 0x00, 0x00, 0x20, 0x00,
  0x00, 0x00, 0x20, 0x00, 0x00, 0x00, 0x00, 0x00, 0x00, 0x00, 0x00, 0x00,
  0x00, 0x00, 0x00, 0x00, 0x00, 0x00, 0x00, 0x00,
};

const uint8_t bitmap_nba_hou_layer_4[] PROGMEM = {
  0x00, 0x00, 0x00, 0x00, 0x00, 0x00, 0x00, 0x00, 0x00, 0x00, 0x00, 0x00,
  0x00, 0x00, 0x00, 0x00, 0x00, 0x00, 0x00, 0x00, 0x00, 0x00, 0x00, 0x00,
  0x00, 0x80, 0x00, 0x00, 0x00, 0x00, 0x00, 0x00, 0x00, 0x00, 0x00, 0x00,
  0x00, 0x00, 0x00, 0x00, 0x00, 0x00, 0x00, 0x00, 0x00, 0x00, 0x00, 0x00,
  0x00, 0x00, 0x80, 0x00, 0x00, 0x00, 0x00, 0x00, 0x00, 0x00, 0x00, 0x00,
  0x00, 0x00, 0x08, 0x00, 0x00, 0x00, 0x00, 0x00, 0x00, 0x00, 0x00, 0x00,
  0x00, 0x00, 0x00, 0x00, 0x00, 0x20, 0x00, 0x00, 0x00, 0x00, 0x00, 0x00,
  0x00, 0x00, 0x00, 0x00, 0x00, 0x00, 0x00, 0x00, 0x00, 0x10, 0x00, 0x00,
  0x00, 0x08, 0x00, 0x00, 0x00, 0x0C, 0x00, 0x00, 0x00, 0x04, 0x40, 0x00,
  0x00, 0x00, 0x40, 0x00, 0x00, 0x00, 0x20, 0x00, 0x00, 0x00, 0x20, 0x00,
  0x00, 0x00, 0x00, 0x00, 0x00, 0x00, 0x00, 0x00,
};

const SportsLogoLayerDef layers_nba_hou[] = {
  { bitmap_nba_hou_layer_0, 246, 9, 67 },
  { bitmap_nba_hou_layer_1, 208, 7, 56 },
  { bitmap_nba_hou_layer_2, 161, 6, 43 },
  { bitmap_nba_hou_layer_3, 125, 5, 34 },
  { bitmap_nba_hou_layer_4, 66, 2, 18 },
};

const uint8_t bitmap_nba_ind_layer_0[] PROGMEM = {
  0x00, 0x00, 0x00, 0x00, 0x00, 0x00, 0x00, 0x00, 0x00, 0x00, 0x00, 0x00,
  0x00, 0xFF, 0xFE, 0x00, 0x00, 0xFF, 0xEF, 0x80, 0x00, 0xFF, 0x00, 0x60,
  0x01, 0xFE, 0x00, 0x30, 0x01, 0x0C, 0x00, 0x10, 0x00, 0x00, 0x00, 0x18,
  0x01, 0xF8, 0x00, 0x08, 0x01, 0xF0, 0x00, 0x0C, 0x03, 0xF0, 0x00, 0x04,
  0x00, 0x00, 0x00, 0x0C, 0x00, 0x00, 0x00, 0x04, 0x03, 0xF0, 0x00, 0x0C,
  0x07, 0xF8, 0x00, 0x08, 0x07, 0xF8, 0x00, 0x18, 0x00, 0x00, 0x00, 0x10,
  0x00, 0x00, 0x00, 0x30, 0x0F, 0xFF, 0x00, 0x60, 0x0F, 0xFF, 0xC9, 0xC0,
  0x0F, 0xFF, 0xFE, 0x00, 0x0F, 0xF8, 0x00, 0x00, 0x0F, 0xF8, 0x00, 0x00,
  0x1F, 0xF0, 0x00, 0x00, 0x1F, 0xF0, 0x00, 0x00, 0x1F, 0xF0, 0x00, 0x00,
  0x1F, 0xF0, 0x00, 0x00, 0x3F, 0xE0, 0x00, 0x00, 0x00, 0x00, 0x00, 0x00,
  0x00, 0x00, 0x00, 0x00, 0x00, 0x00, 0x00, 0x00,
};

const uint8_t bitmap_nba_ind_layer_1[] PROGMEM = {
  0x00, 0x00, 0x00, 0x00, 0x00, 0x00, 0x00, 0x00, 0x00, 0x00, 0x00, 0x00,
  0x00, 0x00, 0x00, 0x00, 0x00, 0x00, 0x00, 0x00, 0x00, 0x00, 0x38, 0x00,
  0x00, 0x00, 0xFD, 0x80, 0x00, 0x00, 0x1E, 0xC0, 0x00, 0x07, 0x86, 0x40,
  0x00, 0x07, 0xF1, 0x40, 0x00, 0x07, 0xFC, 0x30, 0x00, 0x07, 0xFF, 0x30,
  0x00, 0x00, 0x00, 0x00, 0x00, 0x0F, 0xFF, 0x30, 0x00, 0x07, 0xFC, 0x30,
  0x00, 0x07, 0xF9, 0x00, 0x00, 0x03, 0xC3, 0x40, 0x00, 0x00, 0x1E, 0xC0,
  0x00, 0x00, 0xFC, 0x80, 0x00, 0x00, 0x79, 0x00, 0x00, 0x00, 0x00, 0x00,
  0x00, 0x00, 0x00, 0x00, 0x00, 0x00, 0x00, 0x00, 0x00, 0x00, 0x00, 0x00,
  0x00, 0x00, 0x00, 0x00, 0x00, 0x00, 0x00, 0x00, 0x00, 0x00, 0x00, 0x00,
  0x00, 0x00, 0x00, 0x00, 0x00, 0x00, 0x00, 0x00, 0x00, 0x00, 0x00, 0x00,
  0x00, 0x00, 0x00, 0x00, 0x00, 0x00, 0x00, 0x00,
};

const uint8_t bitmap_nba_ind_layer_2[] PROGMEM = {
  0x00, 0x00, 0x00, 0x00, 0x00, 0x00, 0x00, 0x00, 0x01, 0xFF, 0xFF, 0x80,
  0x03, 0x00, 0x00, 0xC0, 0x02, 0x00, 0x00, 0x30, 0x02, 0x00, 0x00, 0x18,
  0x02, 0x00, 0x00, 0x08, 0x02, 0x00, 0x00, 0x04, 0x06, 0x00, 0x00, 0x06,
  0x04, 0x00, 0x00, 0x02, 0x04, 0x00, 0x00, 0x02, 0x04, 0x00, 0x00, 0x02,
  0x04, 0x00, 0x00, 0x02, 0x0C, 0x00, 0x00, 0x02, 0x08, 0x00, 0x00, 0x02,
  0x08, 0x00, 0x00, 0x02, 0x08, 0x00, 0x00, 0x06, 0x18, 0x00, 0x00, 0x04,
  0x10, 0x00, 0x00, 0x0C, 0x10, 0x00, 0x00, 0x18, 0x10, 0x00, 0x00, 0x30,
  0x10, 0x00, 0x00, 0xE0, 0x20, 0x03, 0xFF, 0x80, 0x20, 0x07, 0xF8, 0x00,
  0x20, 0x04, 0x00, 0x00, 0x20, 0x04, 0x00, 0x00, 0x60, 0x08, 0x00, 0x00,
  0x40, 0x08, 0x00, 0x00, 0x40, 0x08, 0x00, 0x00, 0x7F, 0xF8, 0x00, 0x00,
  0x00, 0x00, 0x00, 0x00, 0x00, 0x00, 0x00, 0x00,
};

const uint8_t bitmap_nba_ind_layer_3[] PROGMEM = {
  0x00, 0x00, 0x00, 0x00, 0x00, 0x00, 0x00, 0x00, 0x00, 0x00, 0x00, 0x00,
  0x00, 0x00, 0x00, 0x00, 0x00, 0x00, 0x00, 0x00, 0x00, 0x00, 0x43, 0x00,
  0x00, 0x01, 0x00, 0x00, 0x00, 0x01, 0xE0, 0x00, 0x01, 0xF8, 0x79, 0xA0,
  0x00, 0x00, 0x0A, 0xB0, 0x00, 0x00, 0x03, 0x00, 0x00, 0x00, 0x00, 0xC0,
  0x00, 0x07, 0xFF, 0xB0, 0x03, 0xF0, 0x00, 0xC0, 0x00, 0x00, 0x03, 0x00,
  0x00, 0x00, 0x06, 0xF0, 0x00, 0x00, 0x34, 0xA0, 0x00, 0x01, 0xE0, 0x20,
  0x0F, 0xFF, 0x03, 0x40, 0x00, 0x00, 0x86, 0x00, 0x00, 0x00, 0x00, 0x00,
  0x00, 0x00, 0x00, 0x00, 0x00, 0x00, 0x00, 0x00, 0x00, 0x00, 0x00, 0x00,
  0x00, 0x00, 0x00, 0x00, 0x00, 0x00, 0x00, 0x00, 0x00, 0x00, 0x00, 0x00,
  0x00, 0x00, 0x00, 0x00, 0x00, 0x00, 0x00, 0x00, 0x00, 0x00, 0x00, 0x00,
  0x00, 0x00, 0x00, 0x00, 0x00, 0x00, 0x00, 0x00,
};

const uint8_t bitmap_nba_ind_layer_4[] PROGMEM = {
  0x00, 0x00, 0x00, 0x00, 0x00, 0x00, 0x00, 0x00, 0x00, 0x00, 0x00, 0x00,
  0x00, 0x00, 0x01, 0x00, 0x01, 0x00, 0x10, 0x40, 0x01, 0x00, 0x84, 0x80,
  0x00, 0x00, 0x02, 0x40, 0x00, 0xF2, 0x01, 0x28, 0x00, 0x00, 0x00, 0x00,
  0x02, 0x00, 0x04, 0x04, 0x02, 0x08, 0x00, 0xC0, 0x00, 0x08, 0x00, 0x08,
  0x03, 0xF8, 0x00, 0x40, 0x00, 0x00, 0x00, 0x08, 0x04, 0x08, 0x00, 0xC0,
  0x00, 0x00, 0x00, 0x04, 0x00, 0x04, 0x08, 0x00, 0x07, 0xFE, 0x01, 0x08,
  0x00, 0x00, 0x00, 0x00, 0x00, 0x00, 0x00, 0x80, 0x00, 0x00, 0x36, 0x00,
  0x00, 0x00, 0x01, 0x00, 0x10, 0x04, 0x00, 0x00, 0x10, 0x00, 0x00, 0x00,
  0x00, 0x08, 0x00, 0x00, 0x00, 0x08, 0x00, 0x00, 0x00, 0x00, 0x00, 0x00,
  0x20, 0x00, 0x00, 0x00, 0x00, 0x10, 0x00, 0x00, 0x00, 0x00, 0x00, 0x00,
  0x00, 0x00, 0x00, 0x00, 0x00, 0x00, 0x00, 0x00,
};

const SportsLogoLayerDef layers_nba_ind[] = {
  { bitmap_nba_ind_layer_0, 9, 33, 62 },
  { bitmap_nba_ind_layer_1, 244, 212, 31 },
  { bitmap_nba_ind_layer_2, 130, 138, 142 },
  { bitmap_nba_ind_layer_3, 138, 130, 46 },
  { bitmap_nba_ind_layer_4, 68, 79, 66 },
};

const uint8_t bitmap_nba_lac_layer_0[] PROGMEM = {
  0x00, 0x00, 0x00, 0x00, 0x00, 0x1F, 0xF8, 0x00, 0x00, 0x70, 0x0E, 0x00,
  0x01, 0xC0, 0x03, 0x80, 0x03, 0x00, 0x00, 0xC0, 0x06, 0x00, 0xC0, 0x60,
  0x0C, 0x1C, 0xB8, 0x30, 0x18, 0x38, 0x1C, 0x18, 0x10, 0x78, 0x1E, 0x08,
  0x30, 0xF0, 0x0F, 0x0C, 0x21, 0xE0, 0x07, 0x84, 0x63, 0xC0, 0x03, 0x86,
  0x43, 0xC0, 0x03, 0xFE, 0x43, 0x80, 0x01, 0xFE, 0x43, 0x80, 0x01, 0xFE,
  0x47, 0x80, 0x01, 0xFE, 0x40, 0x00, 0x00, 0x02, 0x40, 0x00, 0x00, 0x3E,
  0x43, 0x00, 0x00, 0xFE, 0x43, 0x80, 0x01, 0xFE, 0x63, 0xC0, 0x03, 0x86,
  0x21, 0xE0, 0x27, 0x84, 0x30, 0xE4, 0x27, 0x0C, 0x10, 0x60, 0x86, 0x08,
  0x18, 0x30, 0x8C, 0x18, 0x0C, 0x1C, 0xF8, 0x30, 0x06, 0x00, 0xC0, 0x60,
  0x03, 0x00, 0x00, 0xC0, 0x01, 0xC0, 0x03, 0x80, 0x00, 0x70, 0x0E, 0x00,
  0x00, 0x1F, 0xF8, 0x00, 0x00, 0x00, 0x00, 0x00,
};

const uint8_t bitmap_nba_lac_layer_1[] PROGMEM = {
  0x00, 0x00, 0x00, 0x00, 0x00, 0x00, 0x00, 0x00, 0x00, 0x00, 0x00, 0x00,
  0x00, 0x0F, 0x70, 0x00, 0x00, 0x7E, 0x7E, 0x00, 0x00, 0xF0, 0x0F, 0x00,
  0x01, 0xC0, 0x03, 0x80, 0x03, 0x82, 0x41, 0xC0, 0x07, 0x00, 0x00, 0xE0,
  0x0E, 0x0F, 0xF0, 0x70, 0x0C, 0x00, 0x00, 0x30, 0x0C, 0x00, 0x00, 0x00,
  0x18, 0x10, 0x08, 0x00, 0x18, 0x01, 0x80, 0x00, 0x18, 0x0F, 0x70, 0x00,
  0x00, 0x1E, 0x78, 0x00, 0x03, 0x9E, 0x79, 0xC0, 0x18, 0x4E, 0x72, 0x00,
  0x18, 0x66, 0x66, 0x00, 0x18, 0x22, 0x44, 0x00, 0x0C, 0x12, 0x48, 0x00,
  0x0C, 0x01, 0x00, 0x30, 0x0E, 0x01, 0x00, 0x70, 0x07, 0x02, 0x00, 0xE0,
  0x03, 0x83, 0x01, 0xC0, 0x01, 0xC1, 0x03, 0x80, 0x00, 0xF0, 0x0F, 0x00,
  0x00, 0x7E, 0x7E, 0x00, 0x00, 0x0F, 0x78, 0x00, 0x00, 0x00, 0x00, 0x00,
  0x00, 0x00, 0x00, 0x00, 0x00, 0x00, 0x00, 0x00,
};

const uint8_t bitmap_nba_lac_layer_2[] PROGMEM = {
  0x00, 0x00, 0x00, 0x00, 0x00, 0x00, 0x00, 0x00, 0x00, 0x0C, 0xB0, 0x00,
  0x00, 0x00, 0x80, 0x00, 0x00, 0x00, 0x80, 0x00, 0x00, 0x06, 0x20, 0x00,
  0x00, 0x02, 0x40, 0x00, 0x00, 0x44, 0xA2, 0x00, 0x08, 0x86, 0xE1, 0x00,
  0x01, 0x00, 0x00, 0x80, 0x00, 0x10, 0x08, 0x00, 0x00, 0x20, 0x04, 0x00,
  0x20, 0x00, 0x00, 0x00, 0x24, 0x58, 0x1A, 0x00, 0x04, 0x40, 0x02, 0x00,
  0x38, 0x00, 0x00, 0x00, 0x00, 0x00, 0x00, 0x04, 0x07, 0x20, 0x04, 0xC0,
  0x24, 0x90, 0x09, 0x00, 0x20, 0x08, 0x90, 0x00, 0x00, 0x04, 0xA0, 0x00,
  0x00, 0x14, 0x88, 0x00, 0x01, 0x02, 0xC0, 0x80, 0x08, 0x90, 0x09, 0x00,
  0x00, 0x40, 0x02, 0x00, 0x00, 0x02, 0x00, 0x00, 0x00, 0x06, 0x20, 0x00,
  0x00, 0x00, 0x80, 0x00, 0x00, 0x00, 0x80, 0x00, 0x00, 0x0C, 0xB0, 0x00,
  0x00, 0x00, 0x00, 0x00, 0x00, 0x00, 0x00, 0x00,
};

const uint8_t bitmap_nba_lac_layer_3[] PROGMEM = {
  0x00, 0x00, 0x00, 0x00, 0x00, 0x00, 0x00, 0x00, 0x00, 0x03, 0x40, 0x00,
  0x00, 0x20, 0x04, 0x00, 0x00, 0x80, 0x01, 0x00, 0x00, 0x08, 0x10, 0x00,
  0x00, 0x20, 0x04, 0x00, 0x00, 0x00, 0x00, 0x00, 0x00, 0x01, 0x00, 0x10,
  0x00, 0x00, 0x00, 0x00, 0x12, 0x0F, 0xF0, 0x08, 0x00, 0x1F, 0xF8, 0x48,
  0x04, 0x07, 0xE0, 0x00, 0x00, 0x24, 0x24, 0x00, 0x20, 0x20, 0x04, 0x00,
  0x00, 0x40, 0x02, 0x00, 0x20, 0x20, 0x84, 0x08, 0x20, 0x00, 0x80, 0x00,
  0x00, 0x00, 0x80, 0x00, 0x04, 0x40, 0x02, 0x00, 0x00, 0x00, 0x10, 0x48,
  0x12, 0x0A, 0x50, 0x08, 0x00, 0x08, 0x10, 0x00, 0x00, 0x0C, 0x30, 0x10,
  0x00, 0x08, 0x10, 0x00, 0x00, 0x20, 0x04, 0x00, 0x00, 0x08, 0x10, 0x00,
  0x00, 0x80, 0x01, 0x00, 0x00, 0x20, 0x04, 0x00, 0x00, 0x03, 0x40, 0x00,
  0x00, 0x00, 0x00, 0x00, 0x00, 0x00, 0x00, 0x00,
};

const uint8_t bitmap_nba_lac_layer_4[] PROGMEM = {
  0x00, 0x00, 0x00, 0x00, 0x00, 0x00, 0x00, 0x00, 0x00, 0x00, 0x00, 0x00,
  0x00, 0x10, 0x08, 0x00, 0x00, 0x01, 0x00, 0x00, 0x01, 0x01, 0x00, 0x80,
  0x02, 0x01, 0x00, 0x40, 0x04, 0x01, 0x00, 0x20, 0x00, 0x00, 0x00, 0x00,
  0x00, 0x00, 0x00, 0x00, 0x00, 0x00, 0x00, 0x40, 0x10, 0x00, 0x00, 0x30,
  0x00, 0x28, 0x14, 0x00, 0x00, 0x02, 0x40, 0x00, 0x00, 0x10, 0x88, 0x00,
  0x00, 0x21, 0x84, 0x00, 0x1C, 0x41, 0x02, 0x30, 0x00, 0x91, 0x09, 0x00,
  0x00, 0x09, 0x10, 0x00, 0x00, 0x15, 0x28, 0x00, 0x10, 0x29, 0x04, 0x30,
  0x00, 0x00, 0x00, 0x40, 0x00, 0x10, 0x08, 0x00, 0x00, 0x01, 0x40, 0x00,
  0x04, 0x04, 0x60, 0x20, 0x02, 0x00, 0x00, 0x40, 0x01, 0x01, 0x00, 0x80,
  0x00, 0x01, 0x00, 0x00, 0x00, 0x10, 0x00, 0x00, 0x00, 0x00, 0x00, 0x00,
  0x00, 0x00, 0x00, 0x00, 0x00, 0x00, 0x00, 0x00,
};

const SportsLogoLayerDef layers_nba_lac[] = {
  { bitmap_nba_lac_layer_0, 255, 255, 255 },
  { bitmap_nba_lac_layer_1, 5, 10, 56 },
  { bitmap_nba_lac_layer_2, 172, 174, 189 },
  { bitmap_nba_lac_layer_3, 105, 109, 136 },
  { bitmap_nba_lac_layer_4, 45, 51, 90 },
};

const uint8_t bitmap_nba_lal_layer_0[] PROGMEM = {
  0x00, 0x00, 0x00, 0x00, 0x00, 0x00, 0x00, 0x00, 0x00, 0x00, 0x00, 0x00,
  0x00, 0x00, 0x00, 0x00, 0x00, 0x00, 0x00, 0x00, 0x00, 0x00, 0x00, 0x00,
  0x00, 0x00, 0x00, 0x00, 0x00, 0x1F, 0xE0, 0x00, 0x00, 0x38, 0x38, 0x00,
  0x00, 0x60, 0x0C, 0x00, 0x00, 0x80, 0x06, 0x00, 0x03, 0x80, 0x03, 0xFC,
  0x07, 0x00, 0x01, 0x7C, 0x06, 0x00, 0x01, 0xFC, 0x0E, 0x00, 0x00, 0x3C,
  0x0C, 0x00, 0x00, 0x9C, 0x18, 0x00, 0x01, 0xDE, 0x38, 0x00, 0x00, 0xDE,
  0x73, 0x00, 0x00, 0xFE, 0x77, 0x00, 0x00, 0x7C, 0x7F, 0x80, 0x03, 0xF8,
  0x00, 0x80, 0x06, 0xE0, 0x00, 0x40, 0x0C, 0x00, 0x00, 0x30, 0x18, 0x00,
  0x00, 0x1F, 0xE0, 0x00, 0x00, 0x00, 0x00, 0x00, 0x00, 0x00, 0x00, 0x00,
  0x00, 0x00, 0x00, 0x00, 0x00, 0x00, 0x00, 0x00, 0x00, 0x00, 0x00, 0x00,
  0x00, 0x00, 0x00, 0x00, 0x00, 0x00, 0x00, 0x00,
};

const uint8_t bitmap_nba_lal_layer_1[] PROGMEM = {
  0x00, 0x00, 0x00, 0x00, 0x00, 0x00, 0x00, 0x00, 0x00, 0x00, 0x00, 0x00,
  0x00, 0x00, 0x00, 0x00, 0x00, 0x00, 0x00, 0x00, 0x00, 0x00, 0x00, 0x00,
  0x00, 0x00, 0x00, 0x00, 0x00, 0x00, 0x00, 0x00, 0x00, 0x00, 0x00, 0x00,
  0x00, 0x00, 0x80, 0x00, 0x00, 0x0F, 0x70, 0x00, 0x00, 0x1D, 0xB8, 0x00,
  0x00, 0x20, 0x80, 0x00, 0x00, 0x69, 0x40, 0x00, 0x00, 0x48, 0x00, 0x00,
  0x00, 0x81, 0x10, 0x00, 0x00, 0x01, 0x10, 0x00, 0x00, 0x00, 0x00, 0x00,
  0x00, 0x04, 0x04, 0x00, 0x00, 0x7F, 0xFE, 0x00, 0x00, 0x6F, 0xBC, 0x00,
  0x00, 0x37, 0xB8, 0x00, 0x00, 0x07, 0xC0, 0x00, 0x00, 0x00, 0x00, 0x00,
  0x00, 0x00, 0x00, 0x00, 0x00, 0x00, 0x00, 0x00, 0x00, 0x00, 0x00, 0x00,
  0x00, 0x00, 0x00, 0x00, 0x00, 0x00, 0x00, 0x00, 0x00, 0x00, 0x00, 0x00,
  0x00, 0x00, 0x00, 0x00, 0x00, 0x00, 0x00, 0x00,
};

const uint8_t bitmap_nba_lal_layer_2[] PROGMEM = {
  0x00, 0x00, 0x00, 0x00, 0x00, 0x00, 0x00, 0x00, 0x00, 0x00, 0x00, 0x00,
  0x00, 0x00, 0x00, 0x00, 0x00, 0x00, 0x00, 0x00, 0x00, 0x00, 0x00, 0x00,
  0x00, 0x00, 0x00, 0x00, 0x00, 0x00, 0x00, 0x00, 0x00, 0x02, 0x80, 0x00,
  0x00, 0x0B, 0x60, 0x00, 0x00, 0x70, 0x88, 0x00, 0x00, 0x62, 0x44, 0x00,
  0x00, 0x00, 0x00, 0x00, 0x00, 0x16, 0xBE, 0x00, 0x00, 0x81, 0x80, 0x00,
  0x00, 0x48, 0x88, 0x00, 0x01, 0xD0, 0x20, 0x00, 0x00, 0xC4, 0x44, 0x00,
  0x00, 0x7B, 0xFA, 0x00, 0x00, 0x80, 0x00, 0x00, 0x00, 0x10, 0x40, 0x00,
  0x00, 0x48, 0x40, 0x00, 0x00, 0x18, 0x30, 0x00, 0x00, 0x03, 0xC0, 0x00,
  0x00, 0x00, 0x00, 0x00, 0x00, 0x00, 0x00, 0x00, 0x00, 0x00, 0x00, 0x00,
  0x00, 0x00, 0x00, 0x00, 0x00, 0x00, 0x00, 0x00, 0x00, 0x00, 0x00, 0x00,
  0x00, 0x00, 0x00, 0x00, 0x00, 0x00, 0x00, 0x00,
};

const uint8_t bitmap_nba_lal_layer_3[] PROGMEM = {
  0x00, 0x00, 0x00, 0x00, 0x00, 0x00, 0x00, 0x00, 0x00, 0x00, 0x00, 0x00,
  0x00, 0x00, 0x00, 0x00, 0x00, 0x00, 0x00, 0x00, 0x00, 0x00, 0x00, 0x00,
  0x00, 0x00, 0x00, 0x00, 0x00, 0x00, 0x00, 0x00, 0x00, 0x05, 0x40, 0x00,
  0x00, 0x14, 0x10, 0x00, 0x00, 0x00, 0x00, 0x00, 0x00, 0x00, 0x00, 0x00,
  0x00, 0x5F, 0x7E, 0x80, 0x00, 0x00, 0x00, 0x00, 0x00, 0x12, 0x3D, 0x40,
  0x00, 0x12, 0x22, 0x00, 0x04, 0x00, 0x4A, 0x00, 0x01, 0x01, 0x32, 0x00,
  0x00, 0x80, 0x00, 0x00, 0x00, 0x00, 0x00, 0x00, 0x00, 0x00, 0x00, 0x00,
  0x00, 0x00, 0x00, 0x00, 0x00, 0x20, 0x00, 0x00, 0x00, 0x0C, 0x20, 0x00,
  0x00, 0x00, 0x00, 0x00, 0x00, 0x00, 0x00, 0x00, 0x00, 0x00, 0x00, 0x00,
  0x00, 0x00, 0x00, 0x00, 0x00, 0x00, 0x00, 0x00, 0x00, 0x00, 0x00, 0x00,
  0x00, 0x00, 0x00, 0x00, 0x00, 0x00, 0x00, 0x00,
};

const uint8_t bitmap_nba_lal_layer_4[] PROGMEM = {
  0x00, 0x00, 0x00, 0x00, 0x00, 0x00, 0x00, 0x00, 0x00, 0x00, 0x00, 0x00,
  0x00, 0x00, 0x00, 0x00, 0x00, 0x00, 0x00, 0x00, 0x00, 0x00, 0x00, 0x00,
  0x00, 0x00, 0x00, 0x00, 0x00, 0x00, 0x00, 0x00, 0x00, 0x00, 0x00, 0x00,
  0x00, 0x00, 0x00, 0x00, 0x00, 0x00, 0x00, 0x00, 0x00, 0x00, 0x00, 0x00,
  0x00, 0x80, 0x00, 0x00, 0x01, 0x80, 0x00, 0x00, 0x01, 0x24, 0x42, 0x80,
  0x03, 0x24, 0x45, 0x60, 0x02, 0x2E, 0x84, 0x20, 0x06, 0x3A, 0x89, 0x20,
  0x0C, 0x00, 0x01, 0x00, 0x08, 0x00, 0x01, 0x80, 0x00, 0x00, 0x00, 0x00,
  0x00, 0x00, 0x00, 0x00, 0x00, 0x00, 0x00, 0x00, 0x00, 0x00, 0x00, 0x00,
  0x00, 0x00, 0x00, 0x00, 0x00, 0x00, 0x00, 0x00, 0x00, 0x00, 0x00, 0x00,
  0x00, 0x00, 0x00, 0x00, 0x00, 0x00, 0x00, 0x00, 0x00, 0x00, 0x00, 0x00,
  0x00, 0x00, 0x00, 0x00, 0x00, 0x00, 0x00, 0x00,
};

const SportsLogoLayerDef layers_nba_lal[] = {
  { bitmap_nba_lal_layer_0, 226, 221, 229 },
  { bitmap_nba_lal_layer_1, 246, 184, 4 },
  { bitmap_nba_lal_layer_2, 206, 151, 21 },
  { bitmap_nba_lal_layer_3, 158, 112, 67 },
  { bitmap_nba_lal_layer_4, 83, 38, 116 },
};

const uint8_t bitmap_nba_mem_layer_0[] PROGMEM = {
  0x00, 0x00, 0x00, 0x00, 0x00, 0x00, 0x00, 0x00, 0x00, 0x00, 0x00, 0x00,
  0x00, 0x00, 0x00, 0x00, 0x03, 0x00, 0x00, 0x00, 0x04, 0x00, 0x00, 0x00,
  0x04, 0x7F, 0xFE, 0x00, 0x05, 0xFF, 0xF8, 0x00, 0x03, 0xFF, 0xF0, 0x00,
  0x07, 0xFF, 0xE0, 0x00, 0x0F, 0xFF, 0xE0, 0x00, 0x0F, 0x86, 0x60, 0x00,
  0x1F, 0xC2, 0x40, 0x00, 0x1F, 0xE0, 0x00, 0x00, 0x1F, 0xE6, 0x00, 0x00,
  0x1F, 0xE7, 0x00, 0x00, 0x0F, 0xE7, 0x00, 0x00, 0x07, 0xE7, 0x00, 0x00,
  0x07, 0xE7, 0x00, 0x00, 0x03, 0xE4, 0x00, 0x00, 0x03, 0xE4, 0x00, 0x00,
  0x01, 0x77, 0x00, 0x00, 0x00, 0x77, 0x00, 0x00, 0x00, 0x18, 0x00, 0x00,
  0x00, 0x0C, 0x00, 0x00, 0x00, 0x03, 0x00, 0x00, 0x00, 0x00, 0x00, 0x00,
  0x00, 0x00, 0x00, 0x00, 0x00, 0x00, 0x00, 0x00, 0x00, 0x00, 0x00, 0x00,
  0x00, 0x00, 0x00, 0x00, 0x00, 0x00, 0x00, 0x00,
};

const uint8_t bitmap_nba_mem_layer_1[] PROGMEM = {
  0x00, 0x00, 0x00, 0x00, 0x00, 0x00, 0x00, 0x00, 0x00, 0x00, 0x00, 0x00,
  0x02, 0x80, 0x01, 0x80, 0x00, 0x40, 0x02, 0x20, 0x08, 0x01, 0x00, 0xF0,
  0x00, 0x00, 0x01, 0xF0, 0x08, 0x00, 0x03, 0xF0, 0x08, 0x00, 0x07, 0xE0,
  0x00, 0x00, 0x0F, 0xF0, 0x00, 0x00, 0x00, 0xF8, 0x00, 0x00, 0x00, 0xF8,
  0x00, 0x00, 0x03, 0xF8, 0x00, 0x00, 0x07, 0xFC, 0x00, 0x00, 0xCF, 0xFC,
  0x00, 0x00, 0x67, 0xFC, 0x00, 0x10, 0x67, 0xF8, 0x10, 0x00, 0x67, 0xF8,
  0x00, 0x00, 0x27, 0xF0, 0x08, 0x03, 0x87, 0xF0, 0x04, 0x00, 0xC7, 0xE0,
  0x00, 0x00, 0xEF, 0xC0, 0x01, 0x80, 0xCF, 0x80, 0x00, 0xC0, 0x1F, 0x00,
  0x00, 0x20, 0x3C, 0x00, 0x00, 0x08, 0xF0, 0x00, 0x00, 0x00, 0x40, 0x00,
  0x00, 0x01, 0x80, 0x00, 0x00, 0x00, 0x00, 0x00, 0x00, 0x00, 0x00, 0x00,
  0x00, 0x00, 0x00, 0x00, 0x00, 0x00, 0x00, 0x00,
};

const uint8_t bitmap_nba_mem_layer_2[] PROGMEM = {
  0x00, 0x00, 0x00, 0x00, 0x00, 0x00, 0x00, 0x00, 0x00, 0x00, 0x00, 0x00,
  0x00, 0x40, 0x02, 0x00, 0x00, 0x86, 0x61, 0x80, 0x12, 0xD8, 0x3B, 0x08,
  0x12, 0x80, 0x00, 0x08, 0x12, 0x00, 0x04, 0x08, 0x04, 0x00, 0x08, 0x00,
  0x10, 0x00, 0x10, 0x08, 0x00, 0x00, 0x1E, 0x00, 0x30, 0x59, 0x98, 0x04,
  0x00, 0x05, 0xA0, 0x00, 0x00, 0x16, 0x28, 0x00, 0x00, 0x01, 0x10, 0x00,
  0x00, 0x08, 0x10, 0x00, 0x00, 0x08, 0x10, 0x00, 0x28, 0x08, 0x10, 0x00,
  0x10, 0x08, 0x10, 0x08, 0x04, 0x18, 0x10, 0x00, 0x08, 0x1A, 0x10, 0x10,
  0x00, 0x80, 0x10, 0x00, 0x00, 0x08, 0x00, 0x00, 0x00, 0x23, 0xC0, 0x00,
  0x00, 0x53, 0xC2, 0x00, 0x00, 0x04, 0x00, 0x00, 0x00, 0x09, 0x10, 0x00,
  0x00, 0x02, 0x40, 0x00, 0x00, 0x01, 0x80, 0x00, 0x00, 0x00, 0x00, 0x00,
  0x00, 0x00, 0x00, 0x00, 0x00, 0x00, 0x00, 0x00,
};

const uint8_t bitmap_nba_mem_layer_3[] PROGMEM = {
  0x00, 0x00, 0x00, 0x00, 0x00, 0x00, 0x00, 0x00, 0x00, 0x00, 0x00, 0x00,
  0x05, 0x00, 0x00, 0x60, 0x0C, 0x38, 0x1C, 0x50, 0x01, 0x26, 0xC4, 0x00,
  0x09, 0x00, 0x00, 0x00, 0x00, 0x00, 0x00, 0x00, 0x00, 0x00, 0x00, 0x10,
  0x08, 0x00, 0x00, 0x00, 0x10, 0x00, 0x01, 0x00, 0x00, 0x20, 0x07, 0x00,
  0x20, 0x20, 0x04, 0x04, 0x20, 0x01, 0xC0, 0x00, 0x20, 0x18, 0x20, 0x00,
  0x20, 0x10, 0x88, 0x00, 0x30, 0x00, 0x88, 0x04, 0x00, 0x10, 0x88, 0x04,
  0x08, 0x10, 0xC8, 0x00, 0x00, 0x00, 0x68, 0x00, 0x00, 0x01, 0x28, 0x00,
  0x06, 0x08, 0x00, 0x20, 0x02, 0x00, 0x30, 0x40, 0x01, 0x04, 0x20, 0x80,
  0x00, 0x00, 0x00, 0x00, 0x00, 0x10, 0x08, 0x00, 0x00, 0x06, 0xA0, 0x00,
  0x00, 0x00, 0x00, 0x00, 0x00, 0x00, 0x00, 0x00, 0x00, 0x00, 0x00, 0x00,
  0x00, 0x00, 0x00, 0x00, 0x00, 0x00, 0x00, 0x00,
};

const uint8_t bitmap_nba_mem_layer_4[] PROGMEM = {
  0x00, 0x00, 0x00, 0x00, 0x00, 0x00, 0x00, 0x00, 0x07, 0xC0, 0x03, 0xE0,
  0x08, 0x3C, 0x3C, 0x10, 0x10, 0x01, 0x80, 0x08, 0x00, 0x00, 0x00, 0x00,
  0x20, 0x00, 0x00, 0x04, 0x00, 0x00, 0x00, 0x00, 0x10, 0x00, 0x00, 0x08,
  0x20, 0x00, 0x00, 0x04, 0x20, 0x00, 0x00, 0x04, 0x40, 0x00, 0x00, 0x02,
  0x40, 0x18, 0x18, 0x02, 0x40, 0x08, 0x10, 0x02, 0x40, 0x00, 0x00, 0x02,
  0x40, 0x00, 0x00, 0x02, 0x40, 0x00, 0x00, 0x02, 0x40, 0x00, 0x00, 0x02,
  0x20, 0x00, 0x00, 0x04, 0x30, 0x00, 0x00, 0x0C, 0x10, 0x00, 0x00, 0x08,
  0x08, 0x00, 0x00, 0x10, 0x04, 0x00, 0x00, 0x20, 0x02, 0x00, 0x00, 0x40,
  0x01, 0x80, 0x01, 0x80, 0x00, 0xE0, 0x07, 0x00, 0x00, 0x10, 0x08, 0x00,
  0x00, 0x04, 0x30, 0x00, 0x00, 0x02, 0x40, 0x00, 0x00, 0x01, 0x80, 0x00,
  0x00, 0x00, 0x00, 0x00, 0x00, 0x00, 0x00, 0x00,
};

const SportsLogoLayerDef layers_nba_mem[] = {
  { bitmap_nba_mem_layer_0, 78, 118, 171 },
  { bitmap_nba_mem_layer_1, 6, 14, 60 },
  { bitmap_nba_mem_layer_2, 45, 63, 105 },
  { bitmap_nba_mem_layer_3, 17, 28, 74 },
  { bitmap_nba_mem_layer_4, 101, 106, 111 },
};

const uint8_t bitmap_nba_mia_layer_0[] PROGMEM = {
  0x00, 0x00, 0x00, 0x00, 0x00, 0x00, 0x08, 0x00, 0x00, 0x00, 0x10, 0x00,
  0x00, 0x00, 0x00, 0x00, 0x00, 0x00, 0x20, 0x00, 0x00, 0x00, 0x04, 0x80,
  0x00, 0x00, 0x00, 0x00, 0x00, 0x00, 0x06, 0x00, 0x00, 0x00, 0x00, 0x00,
  0x00, 0x00, 0x00, 0x00, 0x00, 0x02, 0x38, 0x00, 0x00, 0x00, 0x58, 0x00,
  0x00, 0x04, 0x74, 0x00, 0x00, 0x06, 0x70, 0x00, 0x00, 0x0C, 0x78, 0x00,
  0x00, 0x38, 0x60, 0x00, 0x00, 0x60, 0xA8, 0x00, 0x00, 0x40, 0xB8, 0x00,
  0x00, 0x80, 0x30, 0x00, 0x05, 0x81, 0x30, 0x00, 0x05, 0x80, 0x30, 0x00,
  0x05, 0x10, 0x70, 0x00, 0x05, 0x00, 0x10, 0x00, 0x0D, 0xB0, 0xC0, 0x00,
  0x0F, 0x81, 0x00, 0x00, 0x02, 0xA2, 0x20, 0x00, 0x03, 0xA4, 0x00, 0x00,
  0x02, 0x24, 0x80, 0x00, 0x03, 0x5F, 0x00, 0x00, 0x01, 0xBB, 0x00, 0x00,
  0x00, 0x70, 0x00, 0x00, 0x00, 0x00, 0x00, 0x00,
};

const uint8_t bitmap_nba_mia_layer_1[] PROGMEM = {
  0x00, 0x00, 0x00, 0x00, 0x00, 0x00, 0x00, 0x00, 0x00, 0x00, 0x00, 0x00,
  0x00, 0x00, 0x00, 0x00, 0x00, 0x00, 0x00, 0x00, 0x00, 0x00, 0x00, 0x00,
  0x00, 0x00, 0x00, 0x00, 0x00, 0x00, 0x00, 0x00, 0x00, 0x00, 0x00, 0x00,
  0x00, 0x00, 0x00, 0x00, 0x00, 0x00, 0x00, 0x00, 0x00, 0x03, 0xA0, 0x00,
  0x00, 0x03, 0x88, 0x00, 0x00, 0x01, 0x8C, 0x00, 0x00, 0x03, 0x80, 0x00,
  0x00, 0x07, 0x80, 0x00, 0x00, 0x9F, 0x40, 0x00, 0x01, 0xBF, 0x40, 0x00,
  0x03, 0x7E, 0xC0, 0x00, 0x02, 0x7C, 0xC0, 0x00, 0x02, 0x7B, 0xC0, 0x00,
  0x02, 0xE7, 0x80, 0x00, 0x02, 0xEF, 0xA0, 0x00, 0x02, 0x4F, 0x20, 0x00,
  0x00, 0x5E, 0x60, 0x00, 0x05, 0x5C, 0xC0, 0x00, 0x00, 0x59, 0xC0, 0x00,
  0x00, 0x03, 0x00, 0x00, 0x00, 0x00, 0x00, 0x00, 0x00, 0x44, 0x00, 0x00,
  0x00, 0x00, 0x00, 0x00, 0x00, 0x00, 0x00, 0x00,
};

const uint8_t bitmap_nba_mia_layer_2[] PROGMEM = {
  0x00, 0x00, 0x00, 0x00, 0x00, 0x00, 0x14, 0x00, 0x00, 0x00, 0x00, 0x00,
  0x00, 0x00, 0x10, 0x00, 0x00, 0x00, 0x05, 0x80, 0x00, 0x00, 0x82, 0x00,
  0x00, 0x00, 0x00, 0x80, 0x00, 0x78, 0x11, 0x00, 0x02, 0x00, 0x00, 0x40,
  0x08, 0x00, 0x00, 0x10, 0x20, 0x75, 0xC6, 0x04, 0x02, 0x04, 0x06, 0x40,
  0x00, 0x00, 0x02, 0x00, 0x22, 0x08, 0x00, 0x44, 0x10, 0x70, 0x07, 0x08,
  0x04, 0x00, 0x10, 0x20, 0x01, 0x00, 0x15, 0x80, 0x02, 0x00, 0x00, 0x00,
  0x04, 0x01, 0x00, 0x00, 0x00, 0x02, 0x00, 0x00, 0x08, 0x04, 0x00, 0x00,
  0x08, 0x08, 0x00, 0x00, 0x08, 0x10, 0x40, 0x00, 0x00, 0x00, 0x10, 0x00,
  0x00, 0x20, 0x90, 0x00, 0x08, 0x01, 0x00, 0x00, 0x0C, 0x02, 0x20, 0x00,
  0x05, 0xD8, 0x40, 0x00, 0x00, 0xA0, 0xC0, 0x00, 0x00, 0x00, 0x80, 0x00,
  0x00, 0x8E, 0x00, 0x00, 0x00, 0x00, 0x00, 0x00,
};

const uint8_t bitmap_nba_mia_layer_3[] PROGMEM = {
  0x00, 0x00, 0x00, 0x00, 0x00, 0x00, 0x00, 0x00, 0x00, 0x00, 0x08, 0x00,
  0x00, 0x00, 0x08, 0x00, 0x00, 0x00, 0x18, 0x00, 0x00, 0x00, 0x79, 0x00,
  0x00, 0x00, 0xFF, 0x00, 0x00, 0x07, 0xE8, 0x00, 0x01, 0x80, 0x01, 0x80,
  0x04, 0x0F, 0xF0, 0x20, 0x11, 0x80, 0x01, 0x88, 0x24, 0x00, 0x00, 0x24,
  0x28, 0x00, 0x00, 0x14, 0x04, 0x00, 0x00, 0x20, 0x09, 0x80, 0x00, 0x90,
  0x02, 0x40, 0x0C, 0x40, 0x00, 0x00, 0x02, 0x00, 0x00, 0x00, 0x00, 0x00,
  0x00, 0x00, 0x00, 0x00, 0x00, 0x00, 0x00, 0x00, 0x00, 0x00, 0x00, 0x00,
  0x00, 0x00, 0x00, 0x00, 0x00, 0x00, 0x00, 0x00, 0x00, 0x00, 0x00, 0x00,
  0x00, 0x00, 0x00, 0x00, 0x00, 0x00, 0x00, 0x00, 0x00, 0x00, 0x00, 0x00,
  0x00, 0x00, 0x00, 0x00, 0x00, 0x00, 0x00, 0x00, 0x00, 0x00, 0x00, 0x00,
  0x00, 0x00, 0x00, 0x00, 0x00, 0x00, 0x00, 0x00,
};

const uint8_t bitmap_nba_mia_layer_4[] PROGMEM = {
  0x00, 0x00, 0x00, 0x00, 0x00, 0x00, 0x00, 0x00, 0x00, 0x00, 0x00, 0x00,
  0x00, 0x00, 0x00, 0x00, 0x00, 0x00, 0x00, 0x00, 0x00, 0x00, 0x00, 0x00,
  0x00, 0x00, 0x00, 0x00, 0x00, 0x00, 0x00, 0x00, 0x00, 0x7F, 0xFE, 0x00,
  0x03, 0xF0, 0x0F, 0xC0, 0x0E, 0x00, 0x00, 0x70, 0x18, 0x00, 0x00, 0x18,
  0x10, 0x00, 0x00, 0x08, 0x18, 0x00, 0x00, 0x18, 0x06, 0x00, 0x00, 0x60,
  0x01, 0x80, 0x03, 0x80, 0x00, 0x00, 0x00, 0x00, 0x00, 0x00, 0x00, 0x00,
  0x00, 0x00, 0x00, 0x00, 0x00, 0x00, 0x00, 0x00, 0x00, 0x00, 0x00, 0x00,
  0x00, 0x00, 0x00, 0x00, 0x00, 0x00, 0x00, 0x00, 0x00, 0x00, 0x00, 0x00,
  0x00, 0x00, 0x00, 0x00, 0x00, 0x00, 0x00, 0x00, 0x00, 0x00, 0x00, 0x00,
  0x00, 0x00, 0x00, 0x00, 0x00, 0x00, 0x00, 0x00, 0x00, 0x00, 0x00, 0x00,
  0x00, 0x00, 0x00, 0x00, 0x00, 0x00, 0x00, 0x00,
};

const SportsLogoLayerDef layers_nba_mia[] = {
  { bitmap_nba_mia_layer_0, 117, 4, 26 },
  { bitmap_nba_mia_layer_1, 179, 0, 43 },
  { bitmap_nba_mia_layer_2, 54, 13, 20 },
  { bitmap_nba_mia_layer_3, 154, 132, 92 },
  { bitmap_nba_mia_layer_4, 255, 255, 255 },
};

const uint8_t bitmap_nba_mil_layer_0[] PROGMEM = {
  0x00, 0x00, 0x00, 0x00, 0x00, 0x70, 0x1C, 0x00, 0x01, 0xA0, 0x0B, 0x80,
  0x05, 0x40, 0x05, 0x40, 0x00, 0x60, 0x0C, 0x00, 0x08, 0x40, 0x04, 0x20,
  0x00, 0x00, 0x00, 0x00, 0x00, 0x00, 0x00, 0x00, 0x00, 0x0C, 0x60, 0x00,
  0x00, 0x0C, 0x60, 0x00, 0x08, 0x0C, 0x60, 0x20, 0x00, 0x8A, 0xA2, 0x00,
  0x04, 0x46, 0xC4, 0x40, 0x02, 0x00, 0x00, 0x80, 0x01, 0x02, 0x81, 0x00,
  0x00, 0x02, 0x80, 0x00, 0x00, 0x00, 0x00, 0x00, 0x01, 0x00, 0x01, 0x00,
  0x00, 0x80, 0x02, 0x00, 0x00, 0x01, 0x00, 0x00, 0x00, 0x13, 0x90, 0x00,
  0x00, 0x13, 0x80, 0x00, 0x00, 0x00, 0x00, 0x00, 0x00, 0x00, 0x08, 0x00,
  0x00, 0x20, 0x08, 0x00, 0x00, 0x02, 0x80, 0x00, 0x00, 0x03, 0x80, 0x00,
  0x00, 0x01, 0x80, 0x00, 0x00, 0x09, 0x20, 0x00, 0x00, 0x05, 0x40, 0x00,
  0x00, 0x03, 0x80, 0x00, 0x00, 0x00, 0x00, 0x00,
};

const uint8_t bitmap_nba_mil_layer_1[] PROGMEM = {
  0x00, 0x00, 0x00, 0x00, 0x00, 0x00, 0x00, 0x00, 0x00, 0x00, 0x00, 0x00,
  0x00, 0x00, 0x00, 0x00, 0x00, 0x80, 0x02, 0x40, 0x04, 0x00, 0x00, 0x40,
  0x01, 0x00, 0x01, 0x00, 0x0A, 0x00, 0x01, 0xA0, 0x0F, 0x00, 0x01, 0xE0,
  0x0B, 0x00, 0x01, 0x80, 0x01, 0x10, 0x11, 0x00, 0x04, 0x20, 0x08, 0x40,
  0x02, 0x90, 0x02, 0x80, 0x00, 0x30, 0x10, 0x00, 0x00, 0x84, 0x42, 0x00,
  0x00, 0x80, 0x02, 0x00, 0x00, 0x83, 0x82, 0x00, 0x00, 0x20, 0x08, 0x00,
  0x00, 0x10, 0x10, 0x00, 0x00, 0x00, 0x80, 0x00, 0x00, 0x08, 0x00, 0x00,
  0x00, 0x04, 0x40, 0x00, 0x00, 0x00, 0x90, 0x00, 0x00, 0x10, 0x10, 0x00,
  0x00, 0x04, 0x40, 0x00, 0x00, 0x00, 0x40, 0x00, 0x00, 0x00, 0x00, 0x00,
  0x00, 0x00, 0x00, 0x00, 0x00, 0x02, 0x00, 0x00, 0x00, 0x00, 0x00, 0x00,
  0x00, 0x00, 0x00, 0x00, 0x00, 0x00, 0x00, 0x00,
};

const uint8_t bitmap_nba_mil_layer_2[] PROGMEM = {
  0x00, 0x00, 0x00, 0x00, 0x00, 0x00, 0x00, 0x00, 0x00, 0x40, 0x04, 0x00,
  0x02, 0x80, 0x02, 0x80, 0x07, 0x00, 0x01, 0x80, 0x02, 0x80, 0x02, 0x80,
  0x08, 0x00, 0x00, 0x20, 0x01, 0x00, 0x00, 0x00, 0x00, 0x00, 0x00, 0x00,
  0x00, 0x10, 0x10, 0x20, 0x00, 0x20, 0x08, 0x00, 0x00, 0x00, 0x00, 0x00,
  0x00, 0x00, 0x10, 0x00, 0x00, 0x46, 0xC4, 0x00, 0x00, 0x08, 0x20, 0x00,
  0x01, 0x04, 0x41, 0x00, 0x01, 0x40, 0x05, 0x00, 0x00, 0xC0, 0x06, 0x00,
  0x00, 0x64, 0x4C, 0x00, 0x00, 0x10, 0x10, 0x00, 0x00, 0x00, 0x00, 0x00,
  0x00, 0x00, 0x10, 0x00, 0x00, 0x12, 0x00, 0x00, 0x00, 0x01, 0x00, 0x00,
  0x00, 0x00, 0x00, 0x00, 0x00, 0x20, 0x08, 0x00, 0x00, 0x20, 0x08, 0x00,
  0x00, 0x12, 0x10, 0x00, 0x00, 0x00, 0x80, 0x00, 0x00, 0x02, 0x80, 0x00,
  0x00, 0x00, 0x00, 0x00, 0x00, 0x00, 0x00, 0x00,
};

const uint8_t bitmap_nba_mil_layer_3[] PROGMEM = {
  0x00, 0x00, 0x00, 0x00, 0x00, 0x00, 0x00, 0x00, 0x00, 0x00, 0x00, 0x00,
  0x00, 0x00, 0x00, 0x00, 0x00, 0x00, 0x00, 0x00, 0x00, 0x00, 0x00, 0x00,
  0x02, 0x00, 0x00, 0x80, 0x00, 0x00, 0x00, 0x00, 0x00, 0x00, 0x00, 0x00,
  0x00, 0x00, 0x00, 0x00, 0x00, 0x00, 0x00, 0x00, 0x02, 0x00, 0x00, 0x80,
  0x01, 0x00, 0x01, 0x00, 0x00, 0x80, 0x02, 0x00, 0x00, 0x40, 0x04, 0x00,
  0x00, 0x38, 0x38, 0x00, 0x00, 0x3C, 0x78, 0x00, 0x00, 0x13, 0x90, 0x00,
  0x00, 0x08, 0x00, 0x00, 0x00, 0x0C, 0x60, 0x00, 0x00, 0x04, 0x40, 0x00,
  0x00, 0x00, 0x20, 0x00, 0x00, 0x09, 0x20, 0x00, 0x00, 0x0C, 0x60, 0x00,
  0x00, 0x09, 0x20, 0x00, 0x00, 0x18, 0x30, 0x00, 0x00, 0x0C, 0x30, 0x00,
  0x00, 0x04, 0x40, 0x00, 0x00, 0x00, 0x00, 0x00, 0x00, 0x00, 0x00, 0x00,
  0x00, 0x00, 0x00, 0x00, 0x00, 0x00, 0x00, 0x00,
};

const uint8_t bitmap_nba_mil_layer_4[] PROGMEM = {
  0x00, 0x00, 0x00, 0x00, 0x00, 0x00, 0x00, 0x00, 0x00, 0x00, 0x00, 0x00,
  0x00, 0x00, 0x00, 0x00, 0x00, 0x00, 0x00, 0x00, 0x01, 0x00, 0x01, 0x00,
  0x04, 0x00, 0x00, 0x40, 0x04, 0x00, 0x00, 0x40, 0x00, 0x00, 0x00, 0x00,
  0x04, 0x00, 0x00, 0x40, 0x06, 0x00, 0x00, 0xC0, 0x01, 0x10, 0x11, 0x00,
  0x00, 0x20, 0x08, 0x00, 0x01, 0x00, 0x09, 0x00, 0x00, 0x30, 0x18, 0x00,
  0x00, 0x40, 0x04, 0x00, 0x00, 0x00, 0x00, 0x00, 0x00, 0x0C, 0x60, 0x00,
  0x00, 0x03, 0xA0, 0x00, 0x00, 0x02, 0x00, 0x00, 0x00, 0x00, 0x20, 0x00,
  0x00, 0x08, 0x00, 0x00, 0x00, 0x04, 0x40, 0x00, 0x00, 0x02, 0x80, 0x00,
  0x00, 0x12, 0x90, 0x00, 0x00, 0x05, 0x00, 0x00, 0x00, 0x10, 0x40, 0x00,
  0x00, 0x08, 0x20, 0x00, 0x00, 0x04, 0x40, 0x00, 0x00, 0x00, 0x00, 0x00,
  0x00, 0x00, 0x00, 0x00, 0x00, 0x00, 0x00, 0x00,
};

const SportsLogoLayerDef layers_nba_mil[] = {
  { bitmap_nba_mil_layer_0, 214, 211, 184 },
  { bitmap_nba_mil_layer_1, 84, 128, 94 },
  { bitmap_nba_mil_layer_2, 138, 162, 131 },
  { bitmap_nba_mil_layer_3, 3, 69, 30 },
  { bitmap_nba_mil_layer_4, 37, 99, 62 },
};

const uint8_t bitmap_nba_min_layer_0[] PROGMEM = {
  0x00, 0x00, 0x00, 0x00, 0x00, 0x1F, 0xF8, 0x00, 0x00, 0x70, 0x0E, 0x00,
  0x01, 0x80, 0x01, 0x80, 0x03, 0x00, 0x00, 0xC0, 0x06, 0x00, 0x00, 0x60,
  0x0C, 0x00, 0x00, 0x30, 0x18, 0x18, 0x0C, 0x18, 0x10, 0x00, 0x1C, 0x08,
  0x20, 0x00, 0x3C, 0x04, 0x20, 0x00, 0x78, 0x04, 0x60, 0x00, 0x78, 0x06,
  0x40, 0x00, 0xF8, 0x02, 0x40, 0x00, 0xFA, 0x02, 0x40, 0x01, 0xFC, 0x02,
  0x40, 0x07, 0xF8, 0x02, 0x40, 0x07, 0xF0, 0x02, 0x40, 0x01, 0xF0, 0x02,
  0x40, 0x01, 0xF0, 0x02, 0x40, 0x01, 0xF0, 0x02, 0x60, 0x81, 0x38, 0x06,
  0x20, 0x01, 0x38, 0x04, 0x20, 0x00, 0x1C, 0x04, 0x10, 0x00, 0x08, 0x08,
  0x18, 0x00, 0x0C, 0x18, 0x0C, 0x00, 0x04, 0x30, 0x06, 0x00, 0x00, 0x60,
  0x03, 0x00, 0x00, 0xC0, 0x01, 0x80, 0x01, 0x80, 0x00, 0x70, 0x0E, 0x00,
  0x00, 0x1F, 0xF8, 0x00, 0x00, 0x00, 0x00, 0x00,
};

const uint8_t bitmap_nba_min_layer_1[] PROGMEM = {
  0x00, 0x00, 0x00, 0x00, 0x00, 0x00, 0x00, 0x00, 0x00, 0x01, 0x80, 0x00,
  0x00, 0x18, 0x18, 0x00, 0x00, 0x40, 0x02, 0x00, 0x01, 0x01, 0x00, 0x80,
  0x02, 0x00, 0x0C, 0x40, 0x04, 0x40, 0x20, 0x20, 0x00, 0x00, 0x00, 0x00,
  0x08, 0x60, 0x02, 0x10, 0x00, 0x00, 0x82, 0x10, 0x10, 0x03, 0x02, 0x08,
  0x10, 0x0C, 0x04, 0x08, 0x00, 0x0A, 0x00, 0x00, 0x00, 0x18, 0x02, 0x00,
  0x20, 0x38, 0x02, 0x04, 0x20, 0x70, 0x04, 0x04, 0x00, 0xF4, 0x04, 0x00,
  0x03, 0xDC, 0x08, 0x00, 0x02, 0x1C, 0x00, 0x00, 0x14, 0x3C, 0x00, 0x08,
  0x03, 0xFC, 0xC0, 0x00, 0x0B, 0xFE, 0xC0, 0x10, 0x07, 0xFF, 0xE2, 0x00,
  0x07, 0xFF, 0xF0, 0x20, 0x03, 0xFF, 0xF0, 0x40, 0x01, 0xFF, 0xF8, 0x80,
  0x00, 0x7F, 0xFE, 0x00, 0x00, 0x1F, 0xF8, 0x00, 0x00, 0x01, 0x80, 0x00,
  0x00, 0x00, 0x00, 0x00, 0x00, 0x00, 0x00, 0x00,
};

const uint8_t bitmap_nba_min_layer_2[] PROGMEM = {
  0x00, 0x00, 0x00, 0x00, 0x00, 0x00, 0x00, 0x00, 0x00, 0x08, 0x10, 0x00,
  0x00, 0x41, 0x82, 0x00, 0x00, 0x16, 0x00, 0x00, 0x00, 0x70, 0x72, 0x00,
  0x00, 0x00, 0x01, 0x00, 0x00, 0x03, 0x10, 0x80, 0x03, 0x91, 0xA0, 0x00,
  0x14, 0x00, 0x01, 0x88, 0x01, 0x0E, 0x05, 0xC0, 0x03, 0x60, 0x80, 0xE0,
  0x2E, 0x70, 0x03, 0x74, 0x0E, 0xE1, 0x04, 0x70, 0x0C, 0xC2, 0x00, 0xF0,
  0x1C, 0x80, 0x01, 0xF8, 0x1D, 0x08, 0x08, 0xF8, 0x0C, 0x0A, 0x02, 0x70,
  0x0C, 0x02, 0x03, 0x30, 0x28, 0x42, 0x0B, 0x34, 0x01, 0x00, 0x81, 0x90,
  0x04, 0x00, 0x05, 0x80, 0x10, 0x00, 0x21, 0xC8, 0x00, 0x00, 0x15, 0xC0,
  0x00, 0x00, 0x01, 0x80, 0x00, 0x00, 0x01, 0x00, 0x00, 0x00, 0x00, 0x00,
  0x00, 0x00, 0x00, 0x00, 0x00, 0x40, 0x02, 0x00, 0x00, 0x08, 0x10, 0x00,
  0x00, 0x00, 0x00, 0x00, 0x00, 0x00, 0x00, 0x00,
};

const uint8_t bitmap_nba_min_layer_3[] PROGMEM = {
  0x00, 0x00, 0x00, 0x00, 0x00, 0x00, 0x00, 0x00, 0x00, 0x06, 0x60, 0x00,
  0x00, 0x20, 0x24, 0x00, 0x00, 0x88, 0xE1, 0x00, 0x00, 0x06, 0x00, 0x00,
  0x01, 0x5F, 0xD0, 0x00, 0x00, 0x24, 0x00, 0x00, 0x08, 0x2E, 0x03, 0x90,
  0x03, 0x83, 0x40, 0x40, 0x14, 0x50, 0x00, 0x28, 0x08, 0x88, 0x05, 0x10,
  0x01, 0x03, 0x00, 0x00, 0x21, 0x14, 0x01, 0x0C, 0x21, 0x04, 0x00, 0x04,
  0x02, 0x00, 0x04, 0x00, 0x02, 0x00, 0x03, 0x00, 0x22, 0x00, 0x09, 0x04,
  0x20, 0x20, 0x04, 0x84, 0x15, 0x20, 0x04, 0x48, 0x02, 0x40, 0x44, 0x40,
  0x10, 0x02, 0x00, 0x28, 0x00, 0x01, 0x02, 0x20, 0x08, 0x00, 0x00, 0x30,
  0x00, 0x00, 0x02, 0x00, 0x00, 0x00, 0x0A, 0x00, 0x00, 0x00, 0x06, 0x00,
  0x00, 0x80, 0x01, 0x00, 0x00, 0x20, 0x04, 0x00, 0x00, 0x06, 0x60, 0x00,
  0x00, 0x00, 0x00, 0x00, 0x00, 0x00, 0x00, 0x00,
};

const uint8_t bitmap_nba_min_layer_4[] PROGMEM = {
  0x00, 0x00, 0x00, 0x00, 0x00, 0x00, 0x00, 0x00, 0x00, 0x00, 0x00, 0x00,
  0x00, 0x06, 0x40, 0x00, 0x00, 0x21, 0x1C, 0x00, 0x00, 0x88, 0x8D, 0x00,
  0x00, 0xA0, 0x22, 0x80, 0x03, 0x80, 0xC3, 0x40, 0x04, 0x40, 0x40, 0x60,
  0x00, 0x1C, 0x80, 0x20, 0x0A, 0xA1, 0x00, 0x00, 0x04, 0x14, 0x00, 0x00,
  0x00, 0x80, 0x00, 0x80, 0x10, 0x00, 0x00, 0x80, 0x12, 0x20, 0x01, 0x08,
  0x01, 0x40, 0x00, 0x00, 0x00, 0x80, 0x00, 0x00, 0x11, 0x00, 0x00, 0x88,
  0x10, 0x00, 0x00, 0x48, 0x00, 0x80, 0x00, 0x80, 0x08, 0x02, 0x02, 0x20,
  0x08, 0x00, 0x02, 0x50, 0x04, 0x00, 0x00, 0x00, 0x00, 0x00, 0x00, 0x00,
  0x00, 0x00, 0x00, 0x40, 0x00, 0x00, 0x00, 0x80, 0x00, 0x00, 0x01, 0x00,
  0x00, 0x00, 0x00, 0x00, 0x00, 0x00, 0x00, 0x00, 0x00, 0x00, 0x00, 0x00,
  0x00, 0x00, 0x00, 0x00, 0x00, 0x00, 0x00, 0x00,
};

const SportsLogoLayerDef layers_nba_min[] = {
  { bitmap_nba_min_layer_0, 153, 157, 158 },
  { bitmap_nba_min_layer_1, 10, 34, 62 },
  { bitmap_nba_min_layer_2, 52, 99, 140 },
  { bitmap_nba_min_layer_3, 27, 54, 81 },
  { bitmap_nba_min_layer_4, 29, 73, 115 },
};

const uint8_t bitmap_nba_no_layer_0[] PROGMEM = {
  0x00, 0x00, 0x00, 0x00, 0x00, 0x00, 0x00, 0x00, 0x00, 0x00, 0x00, 0x00,
  0x00, 0x00, 0x00, 0x00, 0x00, 0x00, 0x00, 0x00, 0x00, 0x00, 0x00, 0x00,
  0x00, 0x00, 0x00, 0x00, 0x00, 0x00, 0x00, 0x00, 0x00, 0x00, 0x00, 0x00,
  0x00, 0x00, 0x00, 0x00, 0x00, 0x7E, 0x7F, 0x00, 0x07, 0x02, 0x40, 0xE0,
  0x18, 0x06, 0x60, 0x18, 0x41, 0xE4, 0x27, 0x82, 0x41, 0xF0, 0x0F, 0x82,
  0x20, 0xF1, 0x8F, 0x04, 0x10, 0x79, 0x9E, 0x08, 0x0C, 0x01, 0x80, 0x30,
  0x03, 0x03, 0xC0, 0xC0, 0x00, 0xC1, 0x83, 0x00, 0x00, 0x04, 0x20, 0x00,
  0x00, 0x02, 0x40, 0x00, 0x00, 0x00, 0x00, 0x00, 0x00, 0x00, 0x00, 0x00,
  0x00, 0x00, 0x00, 0x00, 0x00, 0x00, 0x00, 0x00, 0x00, 0x00, 0x00, 0x00,
  0x00, 0x00, 0x00, 0x00, 0x00, 0x00, 0x00, 0x00, 0x00, 0x00, 0x00, 0x00,
  0x00, 0x00, 0x00, 0x00, 0x00, 0x00, 0x00, 0x00,
};

const uint8_t bitmap_nba_no_layer_1[] PROGMEM = {
  0x00, 0x00, 0x00, 0x00, 0x00, 0x00, 0x00, 0x00, 0x00, 0x00, 0x00, 0x00,
  0x00, 0x00, 0x00, 0x00, 0x00, 0x00, 0x00, 0x00, 0x00, 0x00, 0x00, 0x00,
  0x00, 0x00, 0x00, 0x00, 0x00, 0x00, 0x00, 0x00, 0x00, 0x00, 0x00, 0x00,
  0x00, 0x00, 0x00, 0x00, 0x00, 0x00, 0x00, 0x00, 0x00, 0x01, 0x80, 0x00,
  0x00, 0xE8, 0x17, 0x00, 0x26, 0x12, 0x48, 0x64, 0x02, 0x0C, 0x30, 0x40,
  0x00, 0x04, 0x20, 0x00, 0x08, 0x00, 0x00, 0x10, 0x00, 0x18, 0x18, 0x00,
  0x00, 0x04, 0x20, 0x00, 0x00, 0x0E, 0x70, 0x00, 0x00, 0x03, 0xC0, 0x00,
  0x00, 0x01, 0x80, 0x00, 0x00, 0x00, 0x00, 0x00, 0x00, 0x00, 0x00, 0x00,
  0x00, 0x00, 0x00, 0x00, 0x00, 0x00, 0x00, 0x00, 0x00, 0x00, 0x00, 0x00,
  0x00, 0x00, 0x00, 0x00, 0x00, 0x00, 0x00, 0x00, 0x00, 0x00, 0x00, 0x00,
  0x00, 0x00, 0x00, 0x00, 0x00, 0x00, 0x00, 0x00,
};

const uint8_t bitmap_nba_no_layer_2[] PROGMEM = {
  0x00, 0x00, 0x00, 0x00, 0x00, 0x00, 0x00, 0x00, 0x00, 0x00, 0x00, 0x00,
  0x00, 0x00, 0x00, 0x00, 0x00, 0x00, 0x00, 0x00, 0x00, 0x00, 0x00, 0x00,
  0x00, 0x00, 0x00, 0x00, 0x00, 0x00, 0x00, 0x00, 0x00, 0x00, 0x00, 0x00,
  0x00, 0x00, 0x00, 0x00, 0x00, 0x00, 0x00, 0x00, 0x00, 0x00, 0x00, 0x00,
  0x00, 0x00, 0x00, 0x00, 0x00, 0x00, 0x00, 0x00, 0x0C, 0x00, 0x00, 0x30,
  0x0E, 0x02, 0x40, 0x70, 0x07, 0x80, 0x01, 0xE0, 0x03, 0xC0, 0x03, 0xC0,
  0x00, 0x78, 0x1E, 0x00, 0x00, 0x00, 0x00, 0x00, 0x00, 0x00, 0x00, 0x00,
  0x00, 0x00, 0x00, 0x00, 0x00, 0x00, 0x00, 0x00, 0x00, 0x00, 0x00, 0x00,
  0x00, 0x00, 0x00, 0x00, 0x00, 0x00, 0x00, 0x00, 0x00, 0x00, 0x00, 0x00,
  0x00, 0x00, 0x00, 0x00, 0x00, 0x00, 0x00, 0x00, 0x00, 0x00, 0x00, 0x00,
  0x00, 0x00, 0x00, 0x00, 0x00, 0x00, 0x00, 0x00,
};

const uint8_t bitmap_nba_no_layer_3[] PROGMEM = {
  0x00, 0x00, 0x00, 0x00, 0x00, 0x00, 0x00, 0x00, 0x00, 0x00, 0x00, 0x00,
  0x00, 0x00, 0x00, 0x00, 0x00, 0x00, 0x00, 0x00, 0x00, 0x00, 0x00, 0x00,
  0x00, 0x00, 0x00, 0x00, 0x00, 0x00, 0x00, 0x00, 0x00, 0x00, 0x00, 0x00,
  0x00, 0x00, 0x00, 0x00, 0x00, 0x00, 0x00, 0x00, 0x00, 0xFC, 0x3F, 0x00,
  0x07, 0x01, 0x80, 0xE0, 0x18, 0x09, 0x90, 0x18, 0x00, 0x00, 0x00, 0x00,
  0x00, 0x00, 0x00, 0x00, 0x00, 0x02, 0x40, 0x00, 0x00, 0x06, 0x60, 0x00,
  0x00, 0x00, 0x00, 0x00, 0x00, 0x00, 0x00, 0x00, 0x00, 0x00, 0x00, 0x00,
  0x00, 0x00, 0x00, 0x00, 0x00, 0x00, 0x00, 0x00, 0x00, 0x00, 0x00, 0x00,
  0x00, 0x00, 0x00, 0x00, 0x00, 0x00, 0x00, 0x00, 0x00, 0x00, 0x00, 0x00,
  0x00, 0x00, 0x00, 0x00, 0x00, 0x00, 0x00, 0x00, 0x00, 0x00, 0x00, 0x00,
  0x00, 0x00, 0x00, 0x00, 0x00, 0x00, 0x00, 0x00,
};

const uint8_t bitmap_nba_no_layer_4[] PROGMEM = {
  0x00, 0x00, 0x00, 0x00, 0x00, 0x00, 0x00, 0x00, 0x00, 0x00, 0x00, 0x00,
  0x00, 0x00, 0x00, 0x00, 0x00, 0x00, 0x00, 0x00, 0x00, 0x00, 0x00, 0x00,
  0x00, 0x00, 0x00, 0x00, 0x00, 0x00, 0x00, 0x00, 0x00, 0x00, 0x00, 0x00,
  0x00, 0x00, 0x00, 0x00, 0x00, 0x00, 0x00, 0x00, 0x00, 0x00, 0x00, 0x00,
  0x00, 0x10, 0x08, 0x00, 0x00, 0x00, 0x00, 0x00, 0x30, 0x03, 0xC0, 0x0C,
  0x11, 0x08, 0x10, 0x88, 0x00, 0x04, 0x20, 0x00, 0x00, 0x20, 0x04, 0x00,
  0x00, 0x80, 0x01, 0x00, 0x00, 0x30, 0x0C, 0x00, 0x00, 0x00, 0x00, 0x00,
  0x00, 0x00, 0x00, 0x00, 0x00, 0x00, 0x00, 0x00, 0x00, 0x00, 0x00, 0x00,
  0x00, 0x00, 0x00, 0x00, 0x00, 0x00, 0x00, 0x00, 0x00, 0x00, 0x00, 0x00,
  0x00, 0x00, 0x00, 0x00, 0x00, 0x00, 0x00, 0x00, 0x00, 0x00, 0x00, 0x00,
  0x00, 0x00, 0x00, 0x00, 0x00, 0x00, 0x00, 0x00,
};

const SportsLogoLayerDef layers_nba_no[] = {
  { bitmap_nba_no_layer_0, 131, 103, 80 },
  { bitmap_nba_no_layer_1, 83, 85, 90 },
  { bitmap_nba_no_layer_2, 5, 28, 63 },
  { bitmap_nba_no_layer_3, 131, 141, 157 },
  { bitmap_nba_no_layer_4, 48, 52, 67 },
};

const uint8_t bitmap_nba_ny_layer_0[] PROGMEM = {
  0x00, 0x00, 0x00, 0x00, 0x00, 0x00, 0x00, 0x00, 0x00, 0x00, 0x00, 0x00,
  0x00, 0x00, 0x00, 0x00, 0x00, 0x00, 0x00, 0x00, 0x00, 0x00, 0x00, 0x00,
  0x00, 0x00, 0x00, 0x00, 0x00, 0x52, 0x82, 0x80, 0x00, 0x1A, 0x80, 0x00,
  0x03, 0x2A, 0x99, 0x00, 0x03, 0x2A, 0x94, 0x40, 0x04, 0x0A, 0xD0, 0x20,
  0x05, 0x40, 0x02, 0xA0, 0x09, 0x00, 0x00, 0xE0, 0x08, 0x00, 0xC0, 0x30,
  0x00, 0x08, 0xE0, 0x00, 0x00, 0x03, 0x70, 0x00, 0x00, 0x1D, 0xB8, 0x00,
  0x00, 0x1D, 0xD8, 0x00, 0x00, 0x1D, 0xE8, 0x00, 0x00, 0x0E, 0xF8, 0x00,
  0x00, 0x0E, 0xF0, 0x00, 0x00, 0x06, 0xF0, 0x00, 0x00, 0x07, 0x60, 0x00,
  0x00, 0x00, 0x00, 0x00, 0x00, 0x00, 0x00, 0x00, 0x00, 0x00, 0x00, 0x00,
  0x00, 0x00, 0x00, 0x00, 0x00, 0x00, 0x00, 0x00, 0x00, 0x00, 0x00, 0x00,
  0x00, 0x00, 0x00, 0x00, 0x00, 0x00, 0x00, 0x00,
};

const uint8_t bitmap_nba_ny_layer_1[] PROGMEM = {
  0x00, 0x00, 0x00, 0x00, 0x00, 0x00, 0x00, 0x00, 0x00, 0x00, 0x00, 0x00,
  0x00, 0x00, 0x00, 0x00, 0x00, 0x00, 0x00, 0x00, 0x00, 0x02, 0x00, 0x00,
  0x00, 0xAD, 0x1C, 0x00, 0x00, 0x81, 0x00, 0x00, 0x00, 0x05, 0x60, 0xC0,
  0x14, 0x45, 0x62, 0x68, 0x08, 0xD5, 0x63, 0x30, 0x00, 0x15, 0x09, 0x80,
  0x02, 0x15, 0xA8, 0x40, 0x02, 0xB7, 0xAD, 0x00, 0x06, 0x98, 0x19, 0x00,
  0x06, 0x50, 0x0A, 0x00, 0x03, 0xE0, 0x07, 0x00, 0x00, 0x20, 0x00, 0x00,
  0x00, 0x00, 0x00, 0x00, 0x00, 0x00, 0x00, 0x00, 0x00, 0x00, 0x00, 0x00,
  0x00, 0x00, 0x00, 0x00, 0x00, 0x00, 0x00, 0x00, 0x00, 0x00, 0x00, 0x00,
  0x00, 0x02, 0x40, 0x00, 0x00, 0x01, 0x80, 0x00, 0x00, 0x00, 0x00, 0x00,
  0x00, 0x00, 0x00, 0x00, 0x00, 0x00, 0x00, 0x00, 0x00, 0x00, 0x00, 0x00,
  0x00, 0x00, 0x00, 0x00, 0x00, 0x00, 0x00, 0x00,
};

const uint8_t bitmap_nba_ny_layer_2[] PROGMEM = {
  0x00, 0x00, 0x00, 0x00, 0x00, 0x00, 0x00, 0x00, 0x00, 0x00, 0x00, 0x00,
  0x00, 0x00, 0x00, 0x00, 0x00, 0x1F, 0xF0, 0x00, 0x00, 0x5C, 0xFA, 0x00,
  0x01, 0x10, 0x00, 0x80, 0x02, 0x00, 0x00, 0x40, 0x1C, 0x00, 0x00, 0x38,
  0x28, 0x00, 0x00, 0x14, 0x10, 0x00, 0x00, 0x08, 0x08, 0x00, 0x00, 0x10,
  0x08, 0x00, 0x00, 0x10, 0x10, 0x48, 0x10, 0x08, 0x11, 0x60, 0x06, 0x88,
  0x11, 0xA0, 0x05, 0xE8, 0x0C, 0x00, 0x00, 0xF0, 0x07, 0xC0, 0x03, 0xE0,
  0x00, 0x40, 0x02, 0x00, 0x00, 0x00, 0x00, 0x00, 0x00, 0x20, 0x04, 0x00,
  0x00, 0x20, 0x04, 0x00, 0x00, 0x10, 0x08, 0x00, 0x00, 0x08, 0x10, 0x00,
  0x00, 0x04, 0x20, 0x00, 0x00, 0x00, 0x00, 0x00, 0x00, 0x01, 0x80, 0x00,
  0x00, 0x00, 0x00, 0x00, 0x00, 0x00, 0x00, 0x00, 0x00, 0x00, 0x00, 0x00,
  0x00, 0x00, 0x00, 0x00, 0x00, 0x00, 0x00, 0x00,
};

const uint8_t bitmap_nba_ny_layer_3[] PROGMEM = {
  0x00, 0x00, 0x00, 0x00, 0x00, 0x00, 0x00, 0x00, 0x00, 0x00, 0x00, 0x00,
  0x00, 0x00, 0x00, 0x00, 0x00, 0x00, 0x00, 0x00, 0x00, 0x00, 0x00, 0x00,
  0x00, 0x42, 0xE3, 0x00, 0x01, 0x2C, 0x7D, 0x00, 0x03, 0xE0, 0x1F, 0x00,
  0x00, 0x90, 0x04, 0x80, 0x04, 0x00, 0x08, 0x80, 0x03, 0xE0, 0x26, 0x40,
  0x00, 0xAA, 0x55, 0x00, 0x04, 0x00, 0x42, 0x10, 0x00, 0x07, 0x20, 0x40,
  0x08, 0x07, 0x10, 0x10, 0x00, 0x1C, 0x88, 0x00, 0x00, 0x02, 0x44, 0x00,
  0x00, 0x22, 0x24, 0x00, 0x00, 0x22, 0x14, 0x00, 0x00, 0x11, 0x00, 0x00,
  0x00, 0x11, 0x08, 0x00, 0x00, 0x09, 0x00, 0x00, 0x00, 0x00, 0x80, 0x00,
  0x00, 0x01, 0x80, 0x00, 0x00, 0x00, 0x00, 0x00, 0x00, 0x00, 0x00, 0x00,
  0x00, 0x00, 0x00, 0x00, 0x00, 0x00, 0x00, 0x00, 0x00, 0x00, 0x00, 0x00,
  0x00, 0x00, 0x00, 0x00, 0x00, 0x00, 0x00, 0x00,
};

const uint8_t bitmap_nba_ny_layer_4[] PROGMEM = {
  0x00, 0x00, 0x00, 0x00, 0x00, 0x00, 0x00, 0x00, 0x00, 0x00, 0x00, 0x00,
  0x00, 0x1F, 0xF8, 0x00, 0x00, 0x20, 0x0C, 0x00, 0x01, 0xA1, 0x05, 0x80,
  0x02, 0x00, 0x00, 0x40, 0x04, 0x00, 0x00, 0x20, 0x60, 0x00, 0x00, 0x06,
  0x00, 0x00, 0x00, 0x00, 0x20, 0x00, 0x00, 0x04, 0x10, 0x00, 0x00, 0x08,
  0x10, 0x00, 0x00, 0x08, 0x00, 0x00, 0x00, 0x00, 0x20, 0x00, 0x00, 0x04,
  0x20, 0x00, 0x00, 0x04, 0x10, 0x00, 0x00, 0x08, 0x08, 0x00, 0x00, 0x10,
  0x06, 0x80, 0x00, 0xE0, 0x00, 0x40, 0x02, 0x00, 0x00, 0x40, 0x02, 0x00,
  0x00, 0x00, 0x00, 0x00, 0x00, 0x20, 0x04, 0x00, 0x00, 0x10, 0x08, 0x00,
  0x00, 0x08, 0x10, 0x00, 0x00, 0x02, 0x40, 0x00, 0x00, 0x00, 0x00, 0x00,
  0x00, 0x01, 0x80, 0x00, 0x00, 0x00, 0x00, 0x00, 0x00, 0x00, 0x00, 0x00,
  0x00, 0x00, 0x00, 0x00, 0x00, 0x00, 0x00, 0x00,
};

const SportsLogoLayerDef layers_nba_ny[] = {
  { bitmap_nba_ny_layer_0, 239, 129, 21 },
  { bitmap_nba_ny_layer_1, 70, 92, 127 },
  { bitmap_nba_ny_layer_2, 137, 154, 180 },
  { bitmap_nba_ny_layer_3, 165, 111, 65 },
  { bitmap_nba_ny_layer_4, 218, 230, 244 },
};

const uint8_t bitmap_nba_okc_layer_0[] PROGMEM = {
  0x00, 0x00, 0x00, 0x00, 0x00, 0x00, 0x00, 0x00, 0x00, 0x00, 0x00, 0x00,
  0x00, 0x00, 0x00, 0x00, 0x00, 0x00, 0x00, 0x00, 0x00, 0x00, 0x00, 0x00,
  0x00, 0x00, 0x00, 0x00, 0x00, 0x3F, 0xFC, 0x00, 0x00, 0xC0, 0x03, 0x00,
  0x03, 0x00, 0x00, 0x40, 0x02, 0x00, 0x03, 0x40, 0x02, 0x02, 0x0B, 0x00,
  0x00, 0x02, 0x4A, 0x7C, 0x01, 0x10, 0x42, 0xF0, 0x00, 0x94, 0x34, 0x80,
  0x00, 0x25, 0x81, 0x00, 0x01, 0x2E, 0x02, 0x00, 0x02, 0x1C, 0x02, 0x00,
  0x02, 0x30, 0x24, 0x00, 0x03, 0xF1, 0xC8, 0x00, 0x03, 0xC8, 0x90, 0x00,
  0x07, 0x06, 0x60, 0x00, 0x0C, 0x01, 0x80, 0x00, 0x10, 0x00, 0x00, 0x00,
  0x00, 0x00, 0x00, 0x00, 0x00, 0x00, 0x00, 0x00, 0x00, 0x00, 0x00, 0x00,
  0x00, 0x00, 0x00, 0x00, 0x00, 0x00, 0x00, 0x00, 0x00, 0x00, 0x00, 0x00,
  0x00, 0x00, 0x00, 0x00, 0x00, 0x00, 0x00, 0x00,
};

const uint8_t bitmap_nba_okc_layer_1[] PROGMEM = {
  0x00, 0x00, 0x00, 0x00, 0x00, 0x00, 0x00, 0x00, 0x00, 0x00, 0x00, 0x00,
  0x00, 0x00, 0x00, 0x00, 0x00, 0x00, 0x00, 0x00, 0x00, 0x00, 0x00, 0x00,
  0x00, 0x00, 0x00, 0x00, 0x00, 0x00, 0x00, 0x00, 0x00, 0x00, 0x00, 0x00,
  0x00, 0x0F, 0xF8, 0x00, 0x00, 0x7F, 0xC4, 0x3C, 0x00, 0x78, 0x04, 0x60,
  0x00, 0x40, 0x04, 0x00, 0x00, 0x00, 0x04, 0x00, 0x01, 0x00, 0x08, 0x00,
  0x07, 0x00, 0x78, 0x00, 0x1C, 0x01, 0xF0, 0x00, 0x20, 0x03, 0xE0, 0x00,
  0x00, 0x07, 0x80, 0x00, 0x00, 0x00, 0x00, 0x00, 0x00, 0x00, 0x00, 0x00,
  0x00, 0x00, 0x00, 0x00, 0x00, 0x00, 0x00, 0x00, 0x00, 0x00, 0x00, 0x00,
  0x00, 0x00, 0x00, 0x00, 0x00, 0x00, 0x00, 0x00, 0x00, 0x00, 0x00, 0x00,
  0x00, 0x00, 0x00, 0x00, 0x00, 0x00, 0x00, 0x00, 0x00, 0x00, 0x00, 0x00,
  0x00, 0x00, 0x00, 0x00, 0x00, 0x00, 0x00, 0x00,
};

const uint8_t bitmap_nba_okc_layer_2[] PROGMEM = {
  0x00, 0x00, 0x00, 0x00, 0x00, 0x00, 0x00, 0x00, 0x00, 0x00, 0x00, 0x00,
  0x00, 0x00, 0x00, 0x00, 0x00, 0x00, 0x00, 0x00, 0x00, 0x00, 0x00, 0x00,
  0x00, 0x00, 0x00, 0x00, 0x00, 0x00, 0x00, 0x00, 0x00, 0x1E, 0x30, 0x00,
  0x00, 0xC0, 0x00, 0x00, 0x01, 0x00, 0x00, 0x80, 0x01, 0x01, 0x00, 0x00,
  0x00, 0x9D, 0x80, 0x00, 0x00, 0x29, 0xB0, 0x00, 0x00, 0x4A, 0x80, 0x00,
  0x00, 0x4A, 0x02, 0x00, 0x00, 0xD0, 0x04, 0x00, 0x00, 0xE0, 0x00, 0x00,
  0x01, 0x88, 0x00, 0x00, 0x00, 0x04, 0x00, 0x00, 0x00, 0x02, 0x40, 0x00,
  0x00, 0x01, 0x80, 0x00, 0x00, 0x00, 0x00, 0x00, 0x00, 0x00, 0x00, 0x00,
  0x00, 0x00, 0x00, 0x00, 0x00, 0x00, 0x00, 0x00, 0x00, 0x00, 0x00, 0x00,
  0x00, 0x00, 0x00, 0x00, 0x00, 0x00, 0x00, 0x00, 0x00, 0x00, 0x00, 0x00,
  0x00, 0x00, 0x00, 0x00, 0x00, 0x00, 0x00, 0x00,
};

const uint8_t bitmap_nba_okc_layer_3[] PROGMEM = {
  0x00, 0x00, 0x00, 0x00, 0x00, 0x00, 0x00, 0x00, 0x00, 0x00, 0x00, 0x00,
  0x00, 0x00, 0x00, 0x00, 0x00, 0x00, 0x00, 0x00, 0x00, 0x00, 0x00, 0x00,
  0x00, 0x00, 0x00, 0x00, 0x00, 0x00, 0x00, 0x00, 0x00, 0x20, 0x0C, 0x00,
  0x00, 0x00, 0x03, 0x80, 0x00, 0x00, 0x38, 0x00, 0x00, 0x00, 0xF0, 0x80,
  0x01, 0x20, 0x31, 0x80, 0x00, 0xC6, 0x01, 0x00, 0x00, 0x21, 0x43, 0x00,
  0x00, 0x90, 0x04, 0x00, 0x00, 0x00, 0x08, 0x00, 0x01, 0x00, 0x1C, 0x00,
  0x00, 0x40, 0x18, 0x00, 0x00, 0x08, 0x30, 0x00, 0x00, 0x04, 0x20, 0x00,
  0x00, 0x00, 0x00, 0x00, 0x00, 0x00, 0x00, 0x00, 0x00, 0x00, 0x00, 0x00,
  0x00, 0x00, 0x00, 0x00, 0x00, 0x00, 0x00, 0x00, 0x00, 0x00, 0x00, 0x00,
  0x00, 0x00, 0x00, 0x00, 0x00, 0x00, 0x00, 0x00, 0x00, 0x00, 0x00, 0x00,
  0x00, 0x00, 0x00, 0x00, 0x00, 0x00, 0x00, 0x00,
};

const uint8_t bitmap_nba_okc_layer_4[] PROGMEM = {
  0x00, 0x00, 0x00, 0x00, 0x00, 0x00, 0x00, 0x00, 0x00, 0x00, 0x00, 0x00,
  0x00, 0x00, 0x00, 0x00, 0x00, 0x00, 0x00, 0x00, 0x00, 0x00, 0x00, 0x00,
  0x00, 0x00, 0x00, 0x00, 0x00, 0x00, 0x00, 0x00, 0x00, 0x01, 0xC0, 0x00,
  0x00, 0x30, 0x04, 0x00, 0x00, 0x80, 0x00, 0x00, 0x00, 0x84, 0x00, 0x00,
  0x00, 0x00, 0x00, 0x00, 0x00, 0x00, 0x08, 0x00, 0x00, 0x00, 0x00, 0x00,
  0x00, 0x00, 0x00, 0x00, 0x00, 0x00, 0x00, 0x00, 0x00, 0x00, 0x00, 0x00,
  0x00, 0x00, 0x40, 0x00, 0x00, 0x02, 0x00, 0x00, 0x00, 0x01, 0x00, 0x00,
  0x00, 0x00, 0x00, 0x00, 0x00, 0x00, 0x00, 0x00, 0x00, 0x00, 0x00, 0x00,
  0x00, 0x00, 0x00, 0x00, 0x00, 0x00, 0x00, 0x00, 0x00, 0x00, 0x00, 0x00,
  0x00, 0x00, 0x00, 0x00, 0x00, 0x00, 0x00, 0x00, 0x00, 0x00, 0x00, 0x00,
  0x00, 0x00, 0x00, 0x00, 0x00, 0x00, 0x00, 0x00,
};

const SportsLogoLayerDef layers_nba_okc[] = {
  { bitmap_nba_okc_layer_0, 48, 95, 148 },
  { bitmap_nba_okc_layer_1, 197, 64, 46 },
  { bitmap_nba_okc_layer_2, 255, 255, 255 },
  { bitmap_nba_okc_layer_3, 148, 172, 201 },
  { bitmap_nba_okc_layer_4, 233, 186, 125 },
};

const uint8_t bitmap_nba_orl_layer_0[] PROGMEM = {
  0x00, 0x00, 0x00, 0x00, 0x00, 0x00, 0x00, 0x00, 0x00, 0x00, 0x00, 0x00,
  0x00, 0x00, 0x00, 0x00, 0x00, 0x00, 0x00, 0x00, 0x00, 0x00, 0x00, 0x00,
  0x00, 0x00, 0x00, 0x00, 0x00, 0x00, 0x80, 0x00, 0x00, 0x00, 0x40, 0x00,
  0x00, 0x04, 0x00, 0x20, 0x02, 0x22, 0x7E, 0x00, 0x00, 0x40, 0x07, 0x28,
  0x03, 0x80, 0xE1, 0xB0, 0x00, 0x01, 0xF8, 0x80, 0x00, 0x03, 0xFE, 0x00,
  0x00, 0x03, 0xFF, 0x9A, 0x04, 0x03, 0xC0, 0x02, 0x12, 0x02, 0x00, 0x02,
  0x00, 0xA3, 0xFF, 0xDA, 0x14, 0x8B, 0xFF, 0x08, 0x00, 0x13, 0xFC, 0x00,
  0x00, 0x11, 0xF1, 0xB4, 0x00, 0x10, 0x07, 0x20, 0x00, 0x08, 0x1E, 0x40,
  0x00, 0x01, 0x1C, 0x00, 0x00, 0x00, 0x00, 0x40, 0x00, 0x00, 0x1F, 0x00,
  0x00, 0x00, 0x00, 0x00, 0x00, 0x00, 0x00, 0x00, 0x00, 0x00, 0x00, 0x00,
  0x00, 0x00, 0x00, 0x00, 0x00, 0x00, 0x00, 0x00,
};

const uint8_t bitmap_nba_orl_layer_1[] PROGMEM = {
  0x00, 0x00, 0x00, 0x00, 0x00, 0x00, 0x00, 0x00, 0x00, 0x00, 0x00, 0x00,
  0x00, 0x00, 0x00, 0x00, 0x00, 0x00, 0x00, 0x00, 0x00, 0x00, 0x40, 0x00,
  0x00, 0x00, 0xC0, 0x00, 0x00, 0x40, 0x5F, 0x00, 0x00, 0xCF, 0x00, 0x40,
  0x07, 0x78, 0x00, 0x10, 0x04, 0x14, 0x00, 0x08, 0x02, 0x0C, 0x00, 0x04,
  0x04, 0x48, 0x00, 0x04, 0x06, 0xD0, 0x00, 0x02, 0x05, 0xE0, 0x00, 0x02,
  0x04, 0x80, 0x00, 0x00, 0x08, 0x40, 0x00, 0x00, 0x21, 0x80, 0x00, 0x00,
  0x02, 0x10, 0x00, 0x00, 0x21, 0x40, 0x00, 0x02, 0x75, 0x20, 0x00, 0x02,
  0x40, 0x00, 0x00, 0x00, 0x00, 0x00, 0x00, 0x04, 0x00, 0x24, 0x00, 0x08,
  0x00, 0x72, 0x00, 0x10, 0x00, 0x40, 0x80, 0x20, 0x00, 0x00, 0x60, 0x80,
  0x00, 0x00, 0x00, 0x00, 0x00, 0x00, 0x00, 0x00, 0x00, 0x00, 0x00, 0x00,
  0x00, 0x00, 0x00, 0x00, 0x00, 0x00, 0x00, 0x00,
};

const uint8_t bitmap_nba_orl_layer_2[] PROGMEM = {
  0x00, 0x00, 0x00, 0x00, 0x00, 0x00, 0x00, 0x00, 0x00, 0x00, 0x00, 0x00,
  0x00, 0x00, 0x00, 0x00, 0x00, 0x00, 0x00, 0x00, 0x00, 0x00, 0x00, 0x00,
  0x00, 0x00, 0x00, 0x00, 0x00, 0x00, 0x00, 0x00, 0x00, 0x00, 0x1A, 0x00,
  0x00, 0x01, 0x61, 0xC0, 0x01, 0x00, 0x81, 0x00, 0x00, 0x02, 0xF0, 0x80,
  0x00, 0x00, 0x0C, 0x00, 0x00, 0x04, 0x01, 0x40, 0x00, 0x04, 0x01, 0x94,
  0x00, 0x40, 0x00, 0x24, 0x00, 0x00, 0x00, 0x04, 0x08, 0x10, 0x07, 0xD8,
  0x00, 0x08, 0x00, 0x24, 0x00, 0x04, 0x00, 0xC4, 0x00, 0x00, 0x02, 0x74,
  0x00, 0x02, 0x02, 0x40, 0x00, 0x0C, 0x38, 0xD0, 0x00, 0x00, 0x80, 0xB0,
  0x00, 0x00, 0xC1, 0x60, 0x00, 0x00, 0x39, 0x80, 0x00, 0x00, 0x00, 0x00,
  0x00, 0x00, 0x00, 0x00, 0x00, 0x00, 0x00, 0x00, 0x00, 0x00, 0x00, 0x00,
  0x00, 0x00, 0x00, 0x00, 0x00, 0x00, 0x00, 0x00,
};

const uint8_t bitmap_nba_orl_layer_3[] PROGMEM = {
  0x00, 0x00, 0x00, 0x00, 0x00, 0x00, 0x00, 0x00, 0x00, 0x00, 0x00, 0x00,
  0x00, 0x00, 0x00, 0x00, 0x00, 0x00, 0x00, 0x00, 0x00, 0x00, 0x00, 0x00,
  0x00, 0x00, 0x00, 0x00, 0x00, 0x00, 0x00, 0x00, 0x00, 0x00, 0xA1, 0x80,
  0x00, 0x82, 0x1C, 0x00, 0x00, 0x40, 0x00, 0xD0, 0x00, 0x00, 0x08, 0x40,
  0x00, 0x05, 0x12, 0x00, 0x00, 0x0A, 0x04, 0x34, 0x00, 0x10, 0x00, 0x08,
  0x00, 0x04, 0x00, 0x40, 0x00, 0x04, 0x3F, 0xD8, 0x04, 0x45, 0xF8, 0x00,
  0x14, 0x44, 0x00, 0x00, 0x08, 0x00, 0x00, 0x10, 0x00, 0x08, 0x00, 0x80,
  0x00, 0x00, 0x08, 0x00, 0x00, 0x00, 0xC0, 0x08, 0x00, 0x12, 0x61, 0x00,
  0x00, 0x00, 0x22, 0x80, 0x00, 0x00, 0x40, 0x00, 0x00, 0x00, 0x00, 0x00,
  0x00, 0x00, 0x00, 0x00, 0x00, 0x00, 0x00, 0x00, 0x00, 0x00, 0x00, 0x00,
  0x00, 0x00, 0x00, 0x00, 0x00, 0x00, 0x00, 0x00,
};

const uint8_t bitmap_nba_orl_layer_4[] PROGMEM = {
  0x00, 0x00, 0x00, 0x00, 0x00, 0x00, 0x00, 0x00, 0x00, 0x00, 0x00, 0x00,
  0x00, 0x00, 0x00, 0x00, 0x00, 0x00, 0x00, 0x00, 0x00, 0x00, 0x00, 0x00,
  0x00, 0x00, 0x00, 0x00, 0x00, 0x00, 0x00, 0x00, 0x00, 0x00, 0x04, 0x00,
  0x00, 0x00, 0x82, 0x00, 0x00, 0x81, 0x00, 0x20, 0x01, 0x81, 0x00, 0x10,
  0x00, 0x02, 0x00, 0x48, 0x00, 0x00, 0x02, 0x08, 0x00, 0x08, 0x00, 0x60,
  0x00, 0x38, 0x00, 0x00, 0x00, 0x38, 0x00, 0x20, 0x00, 0x28, 0x00, 0x24,
  0x08, 0x00, 0x00, 0x00, 0x00, 0x00, 0x00, 0x20, 0x00, 0x04, 0x01, 0x08,
  0x00, 0x0C, 0x04, 0x08, 0x00, 0x03, 0x00, 0x00, 0x00, 0x01, 0x00, 0x00,
  0x00, 0x00, 0x00, 0x00, 0x00, 0x00, 0x06, 0x00, 0x00, 0x00, 0x00, 0x00,
  0x00, 0x00, 0x00, 0x00, 0x00, 0x00, 0x00, 0x00, 0x00, 0x00, 0x00, 0x00,
  0x00, 0x00, 0x00, 0x00, 0x00, 0x00, 0x00, 0x00,
};

const SportsLogoLayerDef layers_nba_orl[] = {
  { bitmap_nba_orl_layer_0, 33, 82, 156 },
  { bitmap_nba_orl_layer_1, 10, 30, 66 },
  { bitmap_nba_orl_layer_2, 177, 196, 226 },
  { bitmap_nba_orl_layer_3, 105, 139, 192 },
  { bitmap_nba_orl_layer_4, 255, 255, 255 },
};

const uint8_t bitmap_nba_phi_layer_0[] PROGMEM = {
  0x00, 0x00, 0x00, 0x00, 0x00, 0x60, 0x00, 0x00, 0x03, 0x6C, 0x00, 0x00,
  0x01, 0x08, 0x00, 0x00, 0x0C, 0x03, 0x00, 0x00, 0x00, 0x02, 0x00, 0x00,
  0x08, 0x01, 0x00, 0x00, 0x08, 0x01, 0x00, 0x00, 0x00, 0x00, 0x00, 0x00,
  0x0C, 0x03, 0x00, 0x00, 0x00, 0x03, 0x00, 0x00, 0x06, 0x04, 0x00, 0x00,
  0x02, 0x94, 0x1F, 0xC0, 0x00, 0x90, 0x3F, 0xE0, 0x00, 0x00, 0x7B, 0xF0,
  0x00, 0x00, 0xF9, 0xF0, 0x00, 0x00, 0xF9, 0xF0, 0x00, 0x01, 0xF0, 0xE0,
  0x00, 0x01, 0xF3, 0x00, 0x00, 0x01, 0xFF, 0xC0, 0x00, 0x03, 0xFF, 0xE0,
  0x00, 0x03, 0xFF, 0xF0, 0x00, 0x03, 0xFB, 0xF0, 0x00, 0x03, 0xF1, 0xF0,
  0x00, 0x01, 0xF1, 0xF0, 0x00, 0x01, 0xF1, 0xF0, 0x00, 0x01, 0xF1, 0xF0,
  0x00, 0x01, 0xF3, 0xF0, 0x00, 0x00, 0xFB, 0xE0, 0x00, 0x00, 0x7F, 0xC0,
  0x00, 0x00, 0x3F, 0x80, 0x00, 0x00, 0x00, 0x00,
};

const uint8_t bitmap_nba_phi_layer_1[] PROGMEM = {
  0x00, 0x00, 0x00, 0x00, 0x00, 0x00, 0x00, 0x00, 0x00, 0x00, 0x00, 0x00,
  0x00, 0x00, 0x00, 0x00, 0x00, 0x00, 0x00, 0x00, 0x00, 0x00, 0x00, 0x00,
  0x00, 0x00, 0x00, 0x00, 0x00, 0x00, 0x00, 0x00, 0x00, 0x00, 0x00, 0x00,
  0x00, 0x00, 0x00, 0x00, 0x00, 0x00, 0x00, 0x00, 0x00, 0x00, 0x00, 0x00,
  0x18, 0x01, 0x80, 0x00, 0x10, 0x00, 0x00, 0x00, 0x19, 0x6E, 0x00, 0x00,
  0x1E, 0x06, 0x00, 0x00, 0x1F, 0xEC, 0x00, 0x00, 0x1F, 0x88, 0x00, 0x00,
  0x1F, 0xD0, 0x00, 0x00, 0x04, 0x20, 0x00, 0x00, 0x00, 0x48, 0x00, 0x00,
  0x00, 0xB0, 0x00, 0x00, 0x01, 0x50, 0x00, 0x00, 0x02, 0xE0, 0x00, 0x00,
  0x07, 0xA0, 0x00, 0x00, 0x05, 0xA0, 0x00, 0x00, 0x0B, 0xA0, 0x00, 0x00,
  0x0B, 0xA0, 0x00, 0x00, 0x1E, 0xA0, 0x00, 0x00, 0x17, 0xA0, 0x00, 0x00,
  0x10, 0x20, 0x00, 0x00, 0x00, 0x00, 0x00, 0x00,
};

const uint8_t bitmap_nba_phi_layer_2[] PROGMEM = {
  0x00, 0x00, 0x00, 0x00, 0x00, 0x00, 0x00, 0x00, 0x00, 0x00, 0x00, 0x00,
  0x00, 0x00, 0x00, 0x00, 0x00, 0x00, 0x00, 0x00, 0x00, 0x00, 0x00, 0x00,
  0x00, 0x00, 0x00, 0x00, 0x00, 0x00, 0x00, 0x00, 0x00, 0x00, 0x00, 0x00,
  0x00, 0x00, 0x00, 0x00, 0x00, 0x00, 0x00, 0x00, 0x00, 0x00, 0x00, 0x00,
  0x00, 0x00, 0x00, 0x00, 0x0E, 0x03, 0x80, 0x00, 0x06, 0x91, 0x00, 0x00,
  0x01, 0xF9, 0x00, 0x00, 0x00, 0x12, 0x00, 0x00, 0x00, 0x76, 0x00, 0x00,
  0x00, 0x2C, 0x00, 0x00, 0x00, 0x18, 0x00, 0x00, 0x00, 0x30, 0x00, 0x00,
  0x00, 0x40, 0x00, 0x00, 0x00, 0xA0, 0x00, 0x00, 0x01, 0x00, 0x00, 0x00,
  0x00, 0x40, 0x00, 0x00, 0x02, 0x40, 0x00, 0x00, 0x04, 0x40, 0x00, 0x00,
  0x04, 0x40, 0x00, 0x00, 0x01, 0x40, 0x00, 0x00, 0x08, 0x40, 0x00, 0x00,
  0x08, 0x40, 0x00, 0x00, 0x00, 0x00, 0x00, 0x00,
};

const SportsLogoLayerDef layers_nba_phi[] = {
  { bitmap_nba_phi_layer_0, 0, 65, 144 },
  { bitmap_nba_phi_layer_1, 234, 7, 43 },
  { bitmap_nba_phi_layer_2, 248, 7, 44 },
};

const uint8_t bitmap_nba_phx_layer_0[] PROGMEM = {
  0x00, 0x00, 0x00, 0x00, 0x00, 0x00, 0x00, 0x00, 0x00, 0x00, 0x00, 0x00,
  0x00, 0x01, 0x03, 0x00, 0x00, 0x01, 0xC7, 0x00, 0x00, 0x01, 0xFF, 0x10,
  0x00, 0x03, 0xE1, 0xF0, 0x00, 0x03, 0x00, 0xF0, 0x00, 0x1E, 0x00, 0x30,
  0x00, 0x3C, 0x00, 0x30, 0x00, 0x0C, 0x00, 0x1C, 0x00, 0x38, 0x00, 0x1E,
  0x00, 0x18, 0x00, 0x0C, 0x00, 0x38, 0x00, 0x08, 0x00, 0x78, 0x00, 0x18,
  0x00, 0xF8, 0x00, 0x18, 0x03, 0xFC, 0x00, 0x18, 0x06, 0xFC, 0x00, 0x3C,
  0x0D, 0xFE, 0x00, 0x30, 0x07, 0x7F, 0x00, 0x40, 0x0D, 0xFF, 0xC1, 0xC0,
  0x13, 0xFF, 0xFF, 0xC0, 0x06, 0xFF, 0x0F, 0x80, 0x19, 0xDC, 0x07, 0x80,
  0x37, 0x30, 0x03, 0x80, 0x0C, 0xE0, 0x01, 0x00, 0x19, 0x80, 0x00, 0x00,
  0x22, 0x00, 0x00, 0x00, 0x00, 0x00, 0x00, 0x00, 0x00, 0x00, 0x00, 0x00,
  0x00, 0x00, 0x00, 0x00, 0x00, 0x00, 0x00, 0x00,
};

const uint8_t bitmap_nba_phx_layer_1[] PROGMEM = {
  0x00, 0x00, 0x00, 0x00, 0x00, 0x00, 0x00, 0x00, 0x00, 0x00, 0x00, 0x00,
  0x00, 0x00, 0x00, 0x00, 0x00, 0x00, 0x00, 0x00, 0x00, 0x00, 0x00, 0x00,
  0x00, 0x00, 0x18, 0x00, 0x00, 0x00, 0x00, 0x00, 0x00, 0x00, 0x00, 0x00,
  0x00, 0x01, 0xFE, 0x40, 0x00, 0x01, 0xC0, 0x00, 0x00, 0x03, 0x03, 0x20,
  0x00, 0x00, 0x3E, 0x00, 0x00, 0x00, 0xF8, 0x80, 0x00, 0x01, 0xF3, 0xA0,
  0x00, 0x01, 0xE7, 0x20, 0x00, 0x00, 0x8F, 0x20, 0x00, 0x00, 0x1F, 0x00,
  0x00, 0x00, 0x3E, 0x40, 0x00, 0x00, 0x0C, 0x80, 0x00, 0x00, 0x00, 0x00,
  0x00, 0x00, 0x00, 0x00, 0x00, 0x00, 0x00, 0x00, 0x00, 0x00, 0x00, 0x00,
  0x00, 0x00, 0x00, 0x00, 0x00, 0x00, 0x00, 0x00, 0x00, 0x00, 0x00, 0x00,
  0x00, 0x00, 0x00, 0x00, 0x00, 0x00, 0x00, 0x00, 0x00, 0x00, 0x00, 0x00,
  0x00, 0x00, 0x00, 0x00, 0x00, 0x00, 0x00, 0x00,
};

const uint8_t bitmap_nba_phx_layer_2[] PROGMEM = {
  0x00, 0x00, 0x00, 0x00, 0x00, 0x00, 0x00, 0x00, 0x00, 0x00, 0x00, 0x00,
  0x00, 0x00, 0x00, 0x00, 0x00, 0x00, 0x00, 0x00, 0x00, 0x00, 0x00, 0x00,
  0x00, 0x00, 0x04, 0x00, 0x00, 0x00, 0x04, 0x00, 0x00, 0x01, 0xF0, 0x40,
  0x00, 0x02, 0x01, 0x00, 0x00, 0x02, 0x20, 0x00, 0x00, 0x04, 0x0C, 0x80,
  0x00, 0x04, 0x40, 0x10, 0x00, 0x01, 0x04, 0x30, 0x00, 0x02, 0x00, 0x00,
  0x00, 0x06, 0x00, 0x80, 0x00, 0x03, 0x40, 0x00, 0x00, 0x02, 0x00, 0x40,
  0x00, 0x00, 0x40, 0x00, 0x00, 0x00, 0xF0, 0x00, 0x00, 0x00, 0x38, 0x00,
  0x00, 0x00, 0x00, 0x00, 0x00, 0x00, 0x00, 0x00, 0x00, 0x00, 0x00, 0x00,
  0x00, 0x00, 0x00, 0x00, 0x00, 0x00, 0x00, 0x00, 0x00, 0x00, 0x00, 0x00,
  0x00, 0x00, 0x00, 0x00, 0x00, 0x00, 0x00, 0x00, 0x00, 0x00, 0x00, 0x00,
  0x00, 0x00, 0x00, 0x00, 0x00, 0x00, 0x00, 0x00,
};

const uint8_t bitmap_nba_phx_layer_3[] PROGMEM = {
  0x00, 0x00, 0x00, 0x00, 0x00, 0x00, 0x00, 0x00, 0x00, 0x00, 0x00, 0x00,
  0x00, 0x00, 0x00, 0x00, 0x00, 0x00, 0x00, 0x00, 0x00, 0x00, 0x00, 0x00,
  0x00, 0x00, 0x02, 0x00, 0x00, 0x00, 0x9B, 0x00, 0x00, 0x00, 0x0E, 0x00,
  0x00, 0x00, 0x00, 0x00, 0x00, 0x00, 0x19, 0x20, 0x00, 0x00, 0x90, 0x00,
  0x00, 0x02, 0x81, 0xA0, 0x00, 0x00, 0x01, 0x00, 0x00, 0x00, 0x08, 0x00,
  0x00, 0x00, 0x10, 0x00, 0x00, 0x00, 0x10, 0xC0, 0x00, 0x01, 0xA0, 0x00,
  0x00, 0x00, 0x01, 0x80, 0x00, 0x00, 0x02, 0x00, 0x00, 0x00, 0x06, 0x00,
  0x00, 0x00, 0x00, 0x00, 0x00, 0x00, 0x00, 0x00, 0x00, 0x00, 0x00, 0x00,
  0x00, 0x00, 0x00, 0x00, 0x00, 0x00, 0x00, 0x00, 0x00, 0x00, 0x00, 0x00,
  0x00, 0x00, 0x00, 0x00, 0x00, 0x00, 0x00, 0x00, 0x00, 0x00, 0x00, 0x00,
  0x00, 0x00, 0x00, 0x00, 0x00, 0x00, 0x00, 0x00,
};

const uint8_t bitmap_nba_phx_layer_4[] PROGMEM = {
  0x00, 0x00, 0x00, 0x00, 0x00, 0x00, 0x00, 0x00, 0x00, 0x00, 0x00, 0x00,
  0x00, 0x00, 0x00, 0x00, 0x00, 0x00, 0x00, 0x00, 0x00, 0x00, 0x00, 0x00,
  0x00, 0x00, 0x00, 0x00, 0x00, 0x00, 0x60, 0x00, 0x00, 0x00, 0x01, 0x80,
  0x00, 0x00, 0x00, 0x80, 0x00, 0x00, 0x06, 0xC0, 0x00, 0x00, 0x60, 0x40,
  0x00, 0x01, 0x00, 0x40, 0x00, 0x06, 0x02, 0x40, 0x00, 0x04, 0x04, 0x40,
  0x00, 0x00, 0x08, 0x40, 0x00, 0x00, 0x20, 0x00, 0x00, 0x00, 0x40, 0x80,
  0x00, 0x01, 0x80, 0x00, 0x00, 0x00, 0x01, 0x00, 0x00, 0x00, 0x00, 0x00,
  0x00, 0x00, 0x00, 0x00, 0x00, 0x00, 0x00, 0x00, 0x00, 0x00, 0x00, 0x00,
  0x00, 0x00, 0x00, 0x00, 0x00, 0x00, 0x00, 0x00, 0x00, 0x00, 0x00, 0x00,
  0x00, 0x00, 0x00, 0x00, 0x00, 0x00, 0x00, 0x00, 0x00, 0x00, 0x00, 0x00,
  0x00, 0x00, 0x00, 0x00, 0x00, 0x00, 0x00, 0x00,
};

const SportsLogoLayerDef layers_nba_phx[] = {
  { bitmap_nba_phx_layer_0, 254, 165, 1 },
  { bitmap_nba_phx_layer_1, 251, 100, 18 },
  { bitmap_nba_phx_layer_2, 206, 92, 15 },
  { bitmap_nba_phx_layer_3, 141, 59, 10 },
  { bitmap_nba_phx_layer_4, 83, 34, 6 },
};

const uint8_t bitmap_nba_por_layer_0[] PROGMEM = {
  0x00, 0x00, 0x00, 0x00, 0x00, 0x0F, 0xFF, 0xF8, 0x00, 0x19, 0x49, 0x30,
  0x00, 0x32, 0x42, 0x20, 0x00, 0x64, 0x84, 0xC0, 0x00, 0xC9, 0x09, 0x80,
  0x01, 0x92, 0x13, 0x00, 0x03, 0x24, 0x24, 0x80, 0x06, 0x48, 0x48, 0xC0,
  0x04, 0x90, 0x90, 0x40, 0x09, 0x21, 0x21, 0x20, 0x0A, 0x42, 0x44, 0x20,
  0x12, 0x94, 0x82, 0x90, 0x10, 0x21, 0x08, 0x10, 0x10, 0x09, 0x20, 0x10,
  0x14, 0x03, 0x80, 0x10, 0x14, 0x03, 0x80, 0x10, 0x10, 0x09, 0x20, 0x10,
  0x10, 0x21, 0x08, 0x10, 0x12, 0x82, 0x42, 0x90, 0x0A, 0x44, 0x84, 0x20,
  0x09, 0x09, 0x01, 0x20, 0x04, 0x12, 0x00, 0x40, 0x06, 0x24, 0x00, 0x40,
  0x02, 0x48, 0x00, 0x80, 0x01, 0x90, 0x01, 0x00, 0x03, 0x20, 0x02, 0x00,
  0x06, 0x40, 0x04, 0x00, 0x08, 0x80, 0x08, 0x00, 0x19, 0x20, 0x10, 0x00,
  0x3F, 0xFF, 0xE0, 0x00, 0x00, 0x00, 0x00, 0x00,
};

const uint8_t bitmap_nba_por_layer_1[] PROGMEM = {
  0x00, 0x00, 0x00, 0x00, 0x00, 0x00, 0x00, 0x00, 0x00, 0x02, 0x24, 0x80,
  0x00, 0x04, 0x99, 0x40, 0x00, 0x09, 0x32, 0x00, 0x00, 0x12, 0x64, 0x00,
  0x00, 0x24, 0xC8, 0x00, 0x00, 0x49, 0x91, 0x00, 0x00, 0x93, 0x20, 0x00,
  0x01, 0x26, 0x42, 0x00, 0x04, 0x4C, 0x80, 0x00, 0x00, 0x19, 0x00, 0x80,
  0x08, 0x22, 0x00, 0x00, 0x06, 0x8C, 0x02, 0x00, 0x05, 0xE2, 0x00, 0x40,
  0x01, 0x58, 0x01, 0x40, 0x01, 0x5C, 0x01, 0x40, 0x05, 0xE2, 0x80, 0x40,
  0x06, 0x8A, 0x22, 0x00, 0x08, 0x34, 0x10, 0x00, 0x00, 0x08, 0x10, 0x80,
  0x04, 0x50, 0x2C, 0x00, 0x01, 0xA0, 0x5A, 0x00, 0x00, 0x40, 0xB4, 0x80,
  0x01, 0x81, 0x69, 0x00, 0x00, 0x02, 0xD2, 0x00, 0x00, 0x05, 0xA4, 0x00,
  0x00, 0x0B, 0x48, 0x00, 0x04, 0x16, 0x90, 0x00, 0x00, 0x05, 0xA0, 0x00,
  0x00, 0x00, 0x00, 0x00, 0x00, 0x00, 0x00, 0x00,
};

const uint8_t bitmap_nba_por_layer_2[] PROGMEM = {
  0x00, 0x00, 0x00, 0x00, 0x00, 0x00, 0x00, 0x00, 0x00, 0x04, 0x92, 0x40,
  0x00, 0x09, 0x24, 0x80, 0x00, 0x12, 0x49, 0x00, 0x00, 0x24, 0x92, 0x00,
  0x00, 0x49, 0x24, 0x00, 0x00, 0x92, 0x48, 0x00, 0x01, 0x24, 0x90, 0x00,
  0x02, 0x49, 0x20, 0x00, 0x02, 0x92, 0x40, 0x00, 0x05, 0xA4, 0x80, 0x00,
  0x05, 0x49, 0x00, 0x00, 0x09, 0x52, 0x00, 0x00, 0x0A, 0x14, 0x00, 0x00,
  0x0A, 0xA4, 0x00, 0x00, 0x0A, 0xA0, 0x00, 0x00, 0x0A, 0x14, 0x00, 0x00,
  0x09, 0x54, 0x00, 0x00, 0x05, 0x48, 0x00, 0x00, 0x05, 0xB0, 0x00, 0x00,
  0x02, 0xA0, 0x00, 0x00, 0x02, 0x40, 0x00, 0x00, 0x01, 0x80, 0x00, 0x00,
  0x00, 0x00, 0x00, 0x00, 0x00, 0x00, 0x00, 0x00, 0x00, 0x00, 0x00, 0x00,
  0x00, 0x00, 0x00, 0x00, 0x00, 0x00, 0x00, 0x00, 0x00, 0x00, 0x00, 0x00,
  0x00, 0x00, 0x00, 0x00, 0x00, 0x00, 0x00, 0x00,
};

const uint8_t bitmap_nba_por_layer_3[] PROGMEM = {
  0x00, 0x00, 0x00, 0x00, 0x00, 0x00, 0x00, 0x00, 0x00, 0x00, 0x00, 0x00,
  0x00, 0x00, 0x00, 0x00, 0x00, 0x00, 0x00, 0x00, 0x00, 0x00, 0x00, 0x00,
  0x00, 0x00, 0x00, 0x00, 0x00, 0x00, 0x00, 0x00, 0x00, 0x00, 0x03, 0x00,
  0x00, 0x00, 0x04, 0x80, 0x00, 0x00, 0x0A, 0x80, 0x00, 0x00, 0x18, 0x40,
  0x00, 0x00, 0x25, 0x40, 0x00, 0x00, 0x54, 0x00, 0x00, 0x00, 0x50, 0x20,
  0x00, 0x00, 0x02, 0xA0, 0x00, 0x00, 0x02, 0xA0, 0x00, 0x00, 0x50, 0x20,
  0x00, 0x00, 0x94, 0x00, 0x00, 0x01, 0x25, 0x40, 0x00, 0x02, 0x48, 0x40,
  0x00, 0x04, 0x92, 0x80, 0x00, 0x09, 0x24, 0x80, 0x00, 0x12, 0x49, 0x00,
  0x00, 0x24, 0x92, 0x00, 0x00, 0x49, 0x24, 0x00, 0x00, 0x92, 0x48, 0x00,
  0x01, 0x24, 0x90, 0x00, 0x02, 0x49, 0x20, 0x00, 0x04, 0x92, 0x40, 0x00,
  0x00, 0x00, 0x00, 0x00, 0x00, 0x00, 0x00, 0x00,
};

const uint8_t bitmap_nba_por_layer_4[] PROGMEM = {
  0x00, 0x00, 0x00, 0x00, 0x00, 0x00, 0x00, 0x00, 0x00, 0x00, 0x00, 0x00,
  0x00, 0x00, 0x00, 0x00, 0x00, 0x00, 0x00, 0x00, 0x00, 0x00, 0x00, 0x00,
  0x00, 0x00, 0x00, 0x00, 0x00, 0x00, 0x02, 0x00, 0x00, 0x00, 0x04, 0x00,
  0x00, 0x00, 0x09, 0x00, 0x00, 0x00, 0x14, 0x40, 0x00, 0x00, 0x23, 0x00,
  0x00, 0x00, 0x58, 0x20, 0x00, 0x00, 0xA1, 0xE0, 0x00, 0x00, 0x8F, 0x80,
  0x00, 0x00, 0x7C, 0x00, 0x00, 0x00, 0x7C, 0x00, 0x00, 0x00, 0x0F, 0x80,
  0x00, 0x00, 0x41, 0xE0, 0x00, 0x00, 0x88, 0x20, 0x00, 0x01, 0x23, 0x00,
  0x00, 0x02, 0x40, 0x40, 0x00, 0x04, 0x81, 0x00, 0x00, 0x09, 0x02, 0x00,
  0x00, 0x12, 0x04, 0x00, 0x00, 0x24, 0x08, 0x00, 0x00, 0x48, 0x10, 0x00,
  0x00, 0x90, 0x20, 0x00, 0x01, 0x20, 0x40, 0x00, 0x02, 0x48, 0x00, 0x00,
  0x00, 0x00, 0x00, 0x00, 0x00, 0x00, 0x00, 0x00,
};

const SportsLogoLayerDef layers_nba_por[] = {
  { bitmap_nba_por_layer_0, 0, 0, 0 },
  { bitmap_nba_por_layer_1, 78, 33, 34 },
  { bitmap_nba_por_layer_2, 228, 52, 56 },
  { bitmap_nba_por_layer_3, 255, 255, 255 },
  { bitmap_nba_por_layer_4, 113, 114, 114 },
};

const uint8_t bitmap_nba_sa_layer_0[] PROGMEM = {
  0x00, 0x00, 0x00, 0x00, 0x00, 0x00, 0x20, 0x00, 0x00, 0x04, 0x20, 0x40,
  0x00, 0x01, 0x20, 0x40, 0x00, 0x08, 0x20, 0x00, 0x00, 0x02, 0x20, 0x80,
  0x00, 0x00, 0x20, 0x00, 0x00, 0x00, 0x04, 0x00, 0x00, 0x04, 0x01, 0x10,
  0x00, 0x04, 0x0A, 0x00, 0x00, 0x08, 0x82, 0x00, 0x00, 0x50, 0x04, 0x00,
  0x00, 0x10, 0x04, 0x00, 0x00, 0xB0, 0x08, 0x80, 0x00, 0x07, 0x00, 0x00,
  0x01, 0x02, 0x01, 0x00, 0x00, 0x06, 0x00, 0x00, 0x01, 0xE4, 0x7C, 0x00,
  0x00, 0x08, 0x00, 0x00, 0x01, 0x08, 0x00, 0x00, 0x01, 0x12, 0x80, 0x00,
  0x10, 0x00, 0x80, 0x00, 0x00, 0x61, 0x00, 0x00, 0x04, 0x92, 0x00, 0x00,
  0x02, 0xF0, 0x00, 0x00, 0x00, 0x20, 0x00, 0x00, 0x00, 0x00, 0x00, 0x00,
  0x0A, 0x11, 0x80, 0x00, 0x00, 0x10, 0x00, 0x00, 0x00, 0x40, 0x00, 0x00,
  0x00, 0x20, 0x00, 0x00, 0x00, 0x00, 0x00, 0x00,
};

const uint8_t bitmap_nba_sa_layer_1[] PROGMEM = {
  0x00, 0x00, 0x00, 0x00, 0x00, 0x02, 0x00, 0x90, 0x00, 0x01, 0x01, 0x00,
  0x00, 0x02, 0x00, 0x80, 0x00, 0x00, 0x02, 0x00, 0x00, 0x08, 0x01, 0x00,
  0x00, 0x0A, 0x00, 0x80, 0x00, 0x00, 0x00, 0x00, 0x00, 0x12, 0x40, 0x00,
  0x00, 0x08, 0x01, 0x20, 0x00, 0x20, 0x04, 0x00, 0x00, 0x09, 0x10, 0x40,
  0x00, 0x01, 0x28, 0x00, 0x00, 0x0F, 0xF0, 0x00, 0x00, 0x38, 0xF9, 0x00,
  0x00, 0x05, 0x00, 0x00, 0x00, 0x80, 0x02, 0x00, 0x00, 0x00, 0x80, 0x00,
  0x01, 0x80, 0x00, 0x00, 0x00, 0x20, 0x00, 0x00, 0x00, 0x00, 0x00, 0x00,
  0x0A, 0x40, 0x00, 0x00, 0x08, 0x98, 0x00, 0x00, 0x02, 0x20, 0x00, 0x00,
  0x00, 0x00, 0x00, 0x00, 0x00, 0x40, 0x00, 0x00, 0x04, 0x0D, 0x00, 0x00,
  0x04, 0x00, 0x00, 0x00, 0x00, 0x40, 0x00, 0x00, 0x00, 0x20, 0x00, 0x00,
  0x00, 0x00, 0x00, 0x00, 0x00, 0x00, 0x00, 0x00,
};

const uint8_t bitmap_nba_sa_layer_2[] PROGMEM = {
  0x00, 0x00, 0x00, 0x00, 0x00, 0x01, 0xC0, 0x60, 0x00, 0x00, 0x80, 0x90,
  0x00, 0x04, 0x01, 0x10, 0x00, 0x00, 0x00, 0x90, 0x00, 0x05, 0x02, 0x10,
  0x00, 0x00, 0x03, 0x10, 0x00, 0x0A, 0x41, 0x10, 0x00, 0x00, 0x06, 0x00,
  0x00, 0x00, 0x80, 0x00, 0x00, 0x14, 0x08, 0x40, 0x00, 0x00, 0x02, 0x00,
  0x00, 0x60, 0xC0, 0x80, 0x00, 0x00, 0x04, 0x00, 0x00, 0xC0, 0x00, 0x00,
  0x00, 0x00, 0x00, 0x00, 0x00, 0x00, 0x00, 0x00, 0x00, 0x18, 0x00, 0x00,
  0x00, 0x05, 0x00, 0x00, 0x00, 0x52, 0x00, 0x00, 0x00, 0x04, 0x00, 0x00,
  0x05, 0x35, 0x00, 0x00, 0x05, 0x00, 0x00, 0x00, 0x01, 0x04, 0x00, 0x00,
  0x00, 0x0C, 0x00, 0x00, 0x00, 0x8A, 0x00, 0x00, 0x01, 0xB2, 0x00, 0x00,
  0x00, 0x40, 0x00, 0x00, 0x00, 0x00, 0x00, 0x00, 0x00, 0x00, 0x00, 0x00,
  0x00, 0x00, 0x00, 0x00, 0x00, 0x00, 0x00, 0x00,
};

const uint8_t bitmap_nba_sa_layer_3[] PROGMEM = {
  0x00, 0x00, 0x00, 0x00, 0x00, 0x00, 0x00, 0x00, 0x00, 0x00, 0x40, 0x20,
  0x00, 0x00, 0x00, 0x20, 0x00, 0x00, 0x81, 0x60, 0x00, 0x00, 0x80, 0x60,
  0x00, 0x00, 0x80, 0x60, 0x00, 0x01, 0x80, 0x60, 0x00, 0x01, 0x80, 0x40,
  0x00, 0x03, 0x00, 0xC0, 0x00, 0x02, 0x01, 0x80, 0x00, 0x06, 0x01, 0x80,
  0x00, 0x0E, 0x03, 0x00, 0x00, 0x00, 0x02, 0x00, 0x00, 0x00, 0x06, 0x00,
  0x00, 0x78, 0xFC, 0x00, 0x00, 0x19, 0x80, 0x00, 0x00, 0x01, 0x00, 0x00,
  0x00, 0x02, 0x00, 0x00, 0x00, 0x04, 0x00, 0x00, 0x00, 0x40, 0x00, 0x00,
  0x00, 0x08, 0x00, 0x00, 0x02, 0x04, 0x00, 0x00, 0x00, 0x00, 0x00, 0x00,
  0x00, 0x00, 0x00, 0x00, 0x00, 0x04, 0x00, 0x00, 0x00, 0x00, 0x00, 0x00,
  0x00, 0x20, 0x00, 0x00, 0x00, 0x00, 0x00, 0x00, 0x00, 0x00, 0x00, 0x00,
  0x00, 0x00, 0x00, 0x00, 0x00, 0x00, 0x00, 0x00,
};

const uint8_t bitmap_nba_sa_layer_4[] PROGMEM = {
  0x00, 0x00, 0x00, 0x00, 0x00, 0x00, 0x00, 0x00, 0x00, 0x02, 0x00, 0x00,
  0x00, 0x00, 0xC0, 0x00, 0x00, 0x07, 0x40, 0x00, 0x00, 0x00, 0x40, 0x00,
  0x00, 0x05, 0x40, 0x00, 0x00, 0x04, 0x02, 0x80, 0x00, 0x08, 0x00, 0xA0,
  0x00, 0x10, 0x04, 0x00, 0x00, 0x01, 0x00, 0x00, 0x00, 0x20, 0x08, 0x00,
  0x00, 0x00, 0x10, 0x00, 0x00, 0x40, 0x01, 0x00, 0x00, 0x00, 0x00, 0x00,
  0x00, 0x80, 0x02, 0x00, 0x00, 0x60, 0x7C, 0x00, 0x00, 0x02, 0x00, 0x00,
  0x00, 0x10, 0x00, 0x00, 0x00, 0x80, 0x00, 0x00, 0x00, 0xA8, 0x00, 0x00,
  0x00, 0x82, 0x00, 0x00, 0x00, 0x02, 0x00, 0x00, 0x00, 0x48, 0x00, 0x00,
  0x01, 0x00, 0x00, 0x00, 0x03, 0x10, 0x00, 0x00, 0x02, 0x40, 0x00, 0x00,
  0x00, 0x00, 0x00, 0x00, 0x00, 0x20, 0x00, 0x00, 0x00, 0x00, 0x00, 0x00,
  0x00, 0x00, 0x00, 0x00, 0x00, 0x00, 0x00, 0x00,
};

const SportsLogoLayerDef layers_nba_sa[] = {
  { bitmap_nba_sa_layer_0, 194, 204, 208 },
  { bitmap_nba_sa_layer_1, 124, 129, 131 },
  { bitmap_nba_sa_layer_2, 72, 74, 75 },
  { bitmap_nba_sa_layer_3, 0, 0, 0 },
  { bitmap_nba_sa_layer_4, 37, 38, 38 },
};

const uint8_t bitmap_nba_sac_layer_0[] PROGMEM = {
  0x00, 0x00, 0x00, 0x00, 0x10, 0x00, 0x00, 0x08, 0x18, 0x61, 0x86, 0x18,
  0x1C, 0xB2, 0x4D, 0x38, 0x17, 0x1C, 0x78, 0xE8, 0x12, 0x08, 0x30, 0xC8,
  0x10, 0x10, 0x00, 0x88, 0x10, 0x20, 0x01, 0x08, 0x10, 0x00, 0x00, 0x08,
  0x10, 0x00, 0x00, 0x08, 0x10, 0x00, 0x00, 0x08, 0x10, 0x00, 0x00, 0x08,
  0x10, 0x00, 0x00, 0x08, 0x1F, 0xFF, 0xFF, 0xF8, 0x12, 0x00, 0x00, 0x08,
  0x10, 0x02, 0x0E, 0x48, 0x10, 0x82, 0x08, 0x08, 0x10, 0x02, 0x09, 0xC8,
  0x12, 0x02, 0x00, 0x08, 0x1F, 0xFF, 0xFF, 0xF8, 0x10, 0x20, 0x00, 0x08,
  0x10, 0x20, 0x00, 0x08, 0x08, 0xFF, 0x80, 0x10, 0x09, 0xB0, 0x60, 0x10,
  0x06, 0x10, 0x18, 0x20, 0x06, 0x08, 0x06, 0x60, 0x03, 0x08, 0x01, 0xC0,
  0x01, 0x84, 0x01, 0x80, 0x00, 0xC3, 0x03, 0x00, 0x00, 0x79, 0xDC, 0x00,
  0x00, 0x0F, 0xF0, 0x00, 0x00, 0x00, 0x00, 0x00,
};

const uint8_t bitmap_nba_sac_layer_1[] PROGMEM = {
  0x00, 0x00, 0x00, 0x00, 0x00, 0x00, 0x00, 0x00, 0x00, 0x00, 0x00, 0x00,
  0x00, 0x00, 0x00, 0x00, 0x00, 0x61, 0x86, 0x00, 0x08, 0xE3, 0xCF, 0x20,
  0x07, 0xE7, 0xFE, 0x20, 0x07, 0xCF, 0xFC, 0x60, 0x07, 0x9F, 0xF8, 0xE0,
  0x07, 0xFF, 0xFF, 0xE0, 0x00, 0x00, 0x00, 0x00, 0x00, 0x00, 0x00, 0x00,
  0x00, 0x00, 0x00, 0x00, 0x00, 0x00, 0x00, 0x00, 0x00, 0x25, 0x20, 0xA0,
  0x01, 0x24, 0xA0, 0x80, 0x07, 0x24, 0x24, 0xA0, 0x01, 0x24, 0xA4, 0x30,
  0x00, 0x24, 0x34, 0x20, 0x00, 0x00, 0x00, 0x00, 0x00, 0x00, 0x00, 0x00,
  0x00, 0x00, 0x00, 0x00, 0x00, 0x00, 0x00, 0x00, 0x00, 0x00, 0x00, 0x00,
  0x00, 0x00, 0x00, 0x00, 0x00, 0x00, 0x00, 0x00, 0x00, 0x00, 0x00, 0x00,
  0x00, 0x00, 0x00, 0x00, 0x00, 0x00, 0x00, 0x00, 0x00, 0x00, 0x00, 0x00,
  0x00, 0x00, 0x00, 0x00, 0x00, 0x00, 0x00, 0x00,
};

const uint8_t bitmap_nba_sac_layer_2[] PROGMEM = {
  0x00, 0x00, 0x00, 0x00, 0x00, 0x00, 0x00, 0x00, 0x00, 0x00, 0x00, 0x00,
  0x00, 0x00, 0x00, 0x00, 0x00, 0x00, 0x00, 0x00, 0x00, 0x00, 0x00, 0x00,
  0x00, 0x00, 0x00, 0x00, 0x00, 0x00, 0x00, 0x00, 0x00, 0x00, 0x00, 0x00,
  0x00, 0x00, 0x00, 0x00, 0x00, 0x00, 0x00, 0x00, 0x00, 0x00, 0x00, 0x00,
  0x00, 0x00, 0x00, 0x00, 0x00, 0x00, 0x00, 0x00, 0x00, 0x00, 0x00, 0x00,
  0x00, 0x00, 0x00, 0x00, 0x00, 0x00, 0x00, 0x00, 0x00, 0x00, 0x00, 0x00,
  0x00, 0x00, 0x00, 0x00, 0x00, 0x00, 0x00, 0x00, 0x07, 0x9F, 0xFF, 0xE0,
  0x07, 0x81, 0xFF, 0xE0, 0x07, 0x00, 0x3F, 0xE0, 0x02, 0x4F, 0x0F, 0xC0,
  0x00, 0xEF, 0xC3, 0xC0, 0x01, 0xE7, 0xF0, 0x00, 0x00, 0xF3, 0xFC, 0x00,
  0x00, 0x79, 0xFE, 0x00, 0x00, 0x1C, 0xF8, 0x00, 0x00, 0x00, 0x00, 0x00,
  0x00, 0x00, 0x00, 0x00, 0x00, 0x00, 0x00, 0x00,
};

const uint8_t bitmap_nba_sac_layer_3[] PROGMEM = {
  0x00, 0x00, 0x00, 0x00, 0x00, 0x00, 0x00, 0x00, 0x00, 0x00, 0x00, 0x00,
  0x00, 0x00, 0x00, 0x00, 0x08, 0x00, 0x00, 0x10, 0x04, 0x10, 0x00, 0x10,
  0x08, 0x00, 0x00, 0x50, 0x08, 0x00, 0x00, 0x90, 0x08, 0x00, 0x05, 0x10,
  0x08, 0x00, 0x00, 0x10, 0x0A, 0xF5, 0x29, 0x50, 0x08, 0x20, 0x29, 0xD0,
  0x0F, 0xFF, 0xFF, 0xF0, 0x00, 0x00, 0x00, 0x00, 0x0D, 0x8A, 0x9D, 0x50,
  0x0C, 0x09, 0x01, 0x00, 0x08, 0x09, 0x81, 0x50, 0x0C, 0x09, 0x00, 0x00,
  0x0D, 0x89, 0x88, 0xD0, 0x00, 0x00, 0x00, 0x00, 0x00, 0x00, 0x00, 0x00,
  0x00, 0x00, 0x00, 0x00, 0x00, 0x00, 0x00, 0x00, 0x00, 0x00, 0x00, 0x00,
  0x00, 0x00, 0x00, 0x00, 0x00, 0x00, 0x00, 0x00, 0x00, 0x00, 0x00, 0x00,
  0x00, 0x00, 0x00, 0x00, 0x00, 0x00, 0x00, 0x00, 0x00, 0x00, 0x00, 0x00,
  0x00, 0x00, 0x00, 0x00, 0x00, 0x00, 0x00, 0x00,
};

const uint8_t bitmap_nba_sac_layer_4[] PROGMEM = {
  0x00, 0x00, 0x00, 0x00, 0x00, 0x00, 0x00, 0x00, 0x00, 0x00, 0x00, 0x00,
  0x00, 0x41, 0x82, 0x00, 0x00, 0x82, 0x01, 0x00, 0x01, 0x04, 0x00, 0x00,
  0x00, 0x08, 0x01, 0x00, 0x00, 0x10, 0x02, 0x00, 0x00, 0x60, 0x02, 0x00,
  0x00, 0x00, 0x00, 0x00, 0x05, 0x0A, 0xD6, 0xA0, 0x07, 0xDF, 0xD6, 0x20,
  0x00, 0x00, 0x00, 0x00, 0x00, 0x00, 0x00, 0x00, 0x00, 0x50, 0x42, 0x00,
  0x02, 0xD0, 0x50, 0x30, 0x00, 0x50, 0x52, 0x00, 0x02, 0xD0, 0x52, 0x00,
  0x00, 0x50, 0x43, 0x00, 0x00, 0x00, 0x00, 0x00, 0x08, 0x40, 0x00, 0x10,
  0x08, 0x5E, 0x00, 0x10, 0x00, 0x00, 0x40, 0x00, 0x04, 0x00, 0x90, 0x20,
  0x01, 0x00, 0x24, 0x00, 0x00, 0x10, 0x09, 0x80, 0x00, 0x04, 0x02, 0x00,
  0x00, 0x02, 0x00, 0x00, 0x00, 0x20, 0x04, 0x00, 0x00, 0x06, 0x20, 0x00,
  0x00, 0x00, 0x00, 0x00, 0x00, 0x00, 0x00, 0x00,
};

const SportsLogoLayerDef layers_nba_sac[] = {
  { bitmap_nba_sac_layer_0, 255, 255, 255 },
  { bitmap_nba_sac_layer_1, 99, 37, 129 },
  { bitmap_nba_sac_layer_2, 114, 117, 116 },
  { bitmap_nba_sac_layer_3, 134, 86, 158 },
  { bitmap_nba_sac_layer_4, 187, 168, 196 },
};

const uint8_t bitmap_nba_tor_layer_0[] PROGMEM = {
  0x00, 0x00, 0x00, 0x00, 0x00, 0x1F, 0xF8, 0x00, 0x00, 0x7F, 0xFE, 0x00,
  0x01, 0xFF, 0xFF, 0x80, 0x03, 0x03, 0xFF, 0xC0, 0x00, 0x00, 0x7F, 0xE0,
  0x00, 0x03, 0xCF, 0xF0, 0x00, 0x7F, 0xFF, 0xF8, 0x07, 0xFF, 0xFF, 0xF8,
  0x0F, 0xFF, 0xFF, 0xFC, 0x1F, 0xFF, 0xFF, 0xFC, 0x7F, 0xFF, 0xFF, 0xDE,
  0x7F, 0xF1, 0xC5, 0xFE, 0x7F, 0xE0, 0x1F, 0xFE, 0x7E, 0x00, 0x7F, 0xFE,
  0x70, 0x01, 0xFF, 0xFE, 0x60, 0x03, 0xFF, 0xEE, 0x40, 0x0F, 0xFE, 0xFE,
  0x00, 0x7F, 0xFB, 0xFE, 0x01, 0xFF, 0xE7, 0xFE, 0x03, 0xFF, 0x8F, 0xFE,
  0x07, 0xFF, 0x0F, 0xFC, 0x07, 0xFE, 0x1F, 0xFC, 0x1F, 0xFC, 0x1F, 0xF8,
  0x1F, 0xF8, 0x3F, 0xF8, 0x0F, 0xF0, 0x3F, 0xF0, 0x07, 0xF0, 0x7F, 0xE0,
  0x00, 0x00, 0x7F, 0xC0, 0x00, 0x00, 0xFF, 0x80, 0x00, 0x01, 0xFE, 0x00,
  0x00, 0x03, 0xF0, 0x00, 0x00, 0x00, 0x00, 0x00,
};

const SportsLogoLayerDef layers_nba_tor[] = {
  { bitmap_nba_tor_layer_0, 245, 9, 65 },
};

const uint8_t bitmap_nba_utah_layer_0[] PROGMEM = {
  0x00, 0x00, 0x00, 0x00, 0x00, 0x00, 0x00, 0x00, 0x00, 0x00, 0x00, 0x00,
  0x00, 0x00, 0x00, 0x00, 0x00, 0x00, 0x00, 0x00, 0x00, 0x00, 0x00, 0x00,
  0x00, 0x00, 0x7F, 0xFE, 0x00, 0x00, 0xFF, 0xFE, 0x00, 0x00, 0xFF, 0xFC,
  0x00, 0x01, 0xFF, 0xFC, 0x00, 0x01, 0xFF, 0xF8, 0x00, 0x03, 0xFF, 0xF8,
  0x00, 0x03, 0xFF, 0xF0, 0x00, 0x07, 0x00, 0x00, 0x07, 0x87, 0x00, 0x00,
  0x1F, 0xEE, 0x00, 0x00, 0x3F, 0xEE, 0x00, 0x00, 0x7F, 0xFC, 0x00, 0x00,
  0x7F, 0xFC, 0x00, 0x00, 0x7F, 0xF8, 0x00, 0x00, 0x77, 0xF8, 0x00, 0x00,
  0x7F, 0xF8, 0x00, 0x00, 0x7F, 0xF0, 0x00, 0x00, 0x3F, 0xF0, 0x00, 0x00,
  0x1F, 0xE0, 0x00, 0x00, 0x0F, 0xC0, 0x00, 0x00, 0x00, 0x00, 0x00, 0x00,
  0x00, 0x00, 0x00, 0x00, 0x00, 0x00, 0x00, 0x00, 0x00, 0x00, 0x00, 0x00,
  0x00, 0x00, 0x00, 0x00, 0x00, 0x00, 0x00, 0x00,
};

const SportsLogoLayerDef layers_nba_utah[] = {
  { bitmap_nba_utah_layer_0, 82, 45, 137 },
};

const uint8_t bitmap_nba_wsh_layer_0[] PROGMEM = {
  0x00, 0x00, 0x00, 0x00, 0x00, 0x00, 0x00, 0x00, 0x00, 0x00, 0x00, 0x00,
  0x00, 0x00, 0x00, 0x00, 0x00, 0x00, 0x00, 0x00, 0x00, 0x00, 0x00, 0x00,
  0x00, 0x00, 0x00, 0x00, 0x00, 0x30, 0x0C, 0x00, 0x00, 0xF8, 0x1F, 0x00,
  0x01, 0xF8, 0x1F, 0x80, 0x03, 0xF0, 0x8F, 0xC0, 0x07, 0xF3, 0xCF, 0xE0,
  0x0F, 0xE6, 0x67, 0xF0, 0x0F, 0xCC, 0x73, 0xF0, 0x0F, 0x9C, 0x39, 0xF0,
  0x1F, 0x3C, 0x3C, 0xF8, 0x1E, 0x7C, 0x3E, 0x78, 0x1C, 0x7C, 0x3E, 0x38,
  0x1C, 0xFC, 0x3F, 0x38, 0x08, 0xFC, 0x3F, 0x10, 0x09, 0xFC, 0x3F, 0x90,
  0x09, 0xFC, 0x3F, 0x90, 0x01, 0xFC, 0x3F, 0x80, 0x01, 0xFC, 0x3F, 0x80,
  0x01, 0xFC, 0x3F, 0x80, 0x01, 0xFC, 0x3F, 0x80, 0x00, 0xFC, 0x3F, 0x00,
  0x00, 0x3C, 0x3C, 0x00, 0x00, 0x00, 0x00, 0x00, 0x00, 0x00, 0x00, 0x00,
  0x00, 0x00, 0x00, 0x00, 0x00, 0x00, 0x00, 0x00,
};

const uint8_t bitmap_nba_wsh_layer_1[] PROGMEM = {
  0x00, 0x00, 0x00, 0x00, 0x00, 0x0F, 0xF0, 0x00, 0x00, 0x7C, 0x3E, 0x00,
  0x00, 0xE4, 0x27, 0x00, 0x03, 0x80, 0x01, 0xC0, 0x06, 0x03, 0xC0, 0x60,
  0x0C, 0x1C, 0x38, 0x30, 0x08, 0x82, 0x41, 0x10, 0x1A, 0x03, 0xC0, 0x58,
  0x34, 0x03, 0xC0, 0x2C, 0x38, 0x04, 0x20, 0x1C, 0x30, 0x08, 0x10, 0x0C,
  0x70, 0x00, 0x00, 0x0E, 0x60, 0x01, 0x00, 0x06, 0x60, 0x01, 0x00, 0x06,
  0x40, 0x01, 0x00, 0x02, 0x40, 0x81, 0x01, 0x02, 0x41, 0x01, 0x80, 0x82,
  0x61, 0x01, 0x80, 0x86, 0x62, 0x01, 0x80, 0x46, 0x22, 0x01, 0x80, 0x44,
  0x34, 0x01, 0x80, 0x2C, 0x34, 0x01, 0x80, 0x2C, 0x1C, 0x01, 0x80, 0x38,
  0x0C, 0x01, 0x80, 0x30, 0x0C, 0x03, 0x00, 0x30, 0x06, 0x03, 0x00, 0x60,
  0x03, 0x83, 0x01, 0xC0, 0x00, 0xE3, 0x07, 0x00, 0x00, 0x7F, 0x7E, 0x00,
  0x00, 0x0F, 0xF0, 0x00, 0x00, 0x00, 0x00, 0x00,
};

const uint8_t bitmap_nba_wsh_layer_2[] PROGMEM = {
  0x00, 0x00, 0x00, 0x00, 0x00, 0x10, 0x08, 0x00, 0x00, 0x03, 0xC0, 0x00,
  0x01, 0x08, 0x10, 0x80, 0x00, 0x07, 0xE0, 0x00, 0x01, 0x0C, 0x30, 0x80,
  0x02, 0x63, 0xC6, 0x40, 0x15, 0x05, 0xA0, 0xA8, 0x01, 0x04, 0x20, 0x80,
  0x02, 0x04, 0x20, 0x40, 0x04, 0x02, 0x40, 0x20, 0x48, 0x04, 0x20, 0x12,
  0x00, 0x19, 0x98, 0x00, 0x10, 0x30, 0x8C, 0x08, 0x00, 0x60, 0x86, 0x00,
  0x20, 0xC0, 0x83, 0x04, 0x20, 0x00, 0x80, 0x04, 0x20, 0x00, 0x00, 0x04,
  0x02, 0x00, 0x00, 0x40, 0x00, 0x02, 0x00, 0x00, 0x44, 0x02, 0x00, 0x22,
  0x02, 0x02, 0x40, 0x40, 0x02, 0x02, 0x40, 0x50, 0x02, 0x02, 0x40, 0x00,
  0x12, 0x02, 0x40, 0x48, 0x02, 0x00, 0xC0, 0x40, 0x01, 0x00, 0xC0, 0x80,
  0x00, 0x00, 0xC0, 0x00, 0x01, 0x00, 0xC0, 0x80, 0x00, 0x00, 0x80, 0x00,
  0x00, 0x10, 0x08, 0x00, 0x00, 0x00, 0x00, 0x00,
};

const uint8_t bitmap_nba_wsh_layer_3[] PROGMEM = {
  0x00, 0x00, 0x00, 0x00, 0x00, 0x00, 0x00, 0x00, 0x00, 0x00, 0x00, 0x00,
  0x00, 0x00, 0x00, 0x00, 0x00, 0x00, 0x00, 0x00, 0x00, 0x00, 0x00, 0x00,
  0x00, 0x00, 0x00, 0x00, 0x00, 0x48, 0x12, 0x00, 0x00, 0x00, 0x00, 0x00,
  0x00, 0x00, 0x00, 0x00, 0x00, 0x09, 0x10, 0x00, 0x00, 0x00, 0x00, 0x00,
  0x00, 0x00, 0x00, 0x00, 0x00, 0x02, 0x00, 0x00, 0x10, 0x02, 0x40, 0x08,
  0x00, 0x02, 0x40, 0x00, 0x01, 0x02, 0x40, 0x80, 0x02, 0x82, 0x41, 0x40,
  0x00, 0x02, 0x40, 0x00, 0x15, 0x00, 0x40, 0xA8, 0x10, 0x00, 0x40, 0x08,
  0x00, 0x00, 0x00, 0x00, 0x08, 0x00, 0x00, 0x00, 0x00, 0x00, 0x00, 0x40,
  0x00, 0x00, 0x00, 0x00, 0x00, 0x00, 0x00, 0x00, 0x00, 0x00, 0x00, 0x00,
  0x00, 0x40, 0x02, 0x00, 0x00, 0x1C, 0x38, 0x00, 0x00, 0x00, 0x00, 0x00,
  0x00, 0x00, 0x00, 0x00, 0x00, 0x00, 0x00, 0x00,
};

const uint8_t bitmap_nba_wsh_layer_4[] PROGMEM = {
  0x00, 0x00, 0x00, 0x00, 0x00, 0x00, 0x00, 0x00, 0x00, 0x00, 0x00, 0x00,
  0x00, 0x13, 0xC8, 0x00, 0x00, 0x78, 0x1E, 0x00, 0x00, 0xF0, 0x0F, 0x00,
  0x01, 0x80, 0x01, 0x80, 0x02, 0x00, 0x00, 0x40, 0x04, 0x00, 0x00, 0x20,
  0x08, 0x00, 0x00, 0x10, 0x00, 0x00, 0x00, 0x00, 0x00, 0x00, 0x00, 0x00,
  0x00, 0x00, 0x00, 0x00, 0x00, 0x00, 0x00, 0x00, 0x00, 0x00, 0x00, 0x00,
  0x00, 0x00, 0x00, 0x00, 0x00, 0x00, 0x00, 0x00, 0x00, 0x00, 0x00, 0x00,
  0x00, 0x00, 0x00, 0x00, 0x00, 0x00, 0x00, 0x00, 0x00, 0x00, 0x00, 0x00,
  0x00, 0x00, 0x00, 0x00, 0x00, 0x00, 0x00, 0x00, 0x00, 0x00, 0x00, 0x00,
  0x00, 0x00, 0x00, 0x00, 0x00, 0x00, 0x00, 0x00, 0x00, 0x00, 0x00, 0x00,
  0x00, 0x00, 0x00, 0x00, 0x00, 0x00, 0x00, 0x00, 0x00, 0x00, 0x00, 0x00,
  0x00, 0x00, 0x00, 0x00, 0x00, 0x00, 0x00, 0x00,
};

const SportsLogoLayerDef layers_nba_wsh[] = {
  { bitmap_nba_wsh_layer_0, 1, 34, 90 },
  { bitmap_nba_wsh_layer_1, 255, 255, 255 },
  { bitmap_nba_wsh_layer_2, 181, 176, 193 },
  { bitmap_nba_wsh_layer_3, 38, 69, 115 },
  { bitmap_nba_wsh_layer_4, 253, 36, 64 },
};

const uint8_t bitmap_mlb_ari_layer_0[] PROGMEM = {
  0x00, 0x00, 0x00, 0x00, 0x00, 0x00, 0x00, 0x00, 0x00, 0x00, 0x00, 0x00,
  0x00, 0x00, 0x00, 0x00, 0x00, 0x00, 0x00, 0x00, 0x00, 0x00, 0x0F, 0x00,
  0x00, 0x00, 0x0F, 0x00, 0x00, 0x00, 0x3F, 0x80, 0x00, 0x00, 0x7F, 0x80,
  0x00, 0x00, 0x7F, 0x80, 0x00, 0x00, 0x3F, 0x80, 0x00, 0x00, 0x7F, 0x80,
  0x00, 0x01, 0xCF, 0xC0, 0x00, 0x03, 0x87, 0xC0, 0x00, 0x03, 0x87, 0xC0,
  0x00, 0x01, 0x07, 0xC0, 0x00, 0x02, 0x03, 0xE0, 0x00, 0x06, 0x03, 0xE0,
  0x00, 0x1C, 0x03, 0xE0, 0x00, 0x3C, 0x63, 0xE0, 0x00, 0x38, 0x61, 0xE0,
  0x00, 0x10, 0x81, 0xF0, 0x00, 0x10, 0x01, 0xF0, 0x00, 0x00, 0x01, 0xF0,
  0x00, 0x20, 0x01, 0xF0, 0x00, 0xE0, 0x01, 0xF0, 0x03, 0xE0, 0x01, 0xF8,
  0x00, 0x00, 0x00, 0x00, 0x00, 0x00, 0x00, 0x00, 0x00, 0x00, 0x00, 0x00,
  0x00, 0x00, 0x00, 0x00, 0x00, 0x00, 0x00, 0x00,
};

const uint8_t bitmap_mlb_ari_layer_1[] PROGMEM = {
  0x00, 0x00, 0x00, 0x00, 0x00, 0x00, 0x00, 0x00, 0x00, 0x00, 0x00, 0x00,
  0x00, 0x00, 0x3F, 0x80, 0x00, 0x00, 0x20, 0x00, 0x00, 0x00, 0x90, 0x40,
  0x00, 0x01, 0x30, 0x40, 0x00, 0x01, 0xC0, 0x40, 0x00, 0x02, 0x80, 0x00,
  0x00, 0x00, 0x80, 0x00, 0x00, 0x00, 0xC0, 0x20, 0x00, 0x09, 0x80, 0x20,
  0x00, 0x06, 0x00, 0x00, 0x00, 0x0C, 0x30, 0x00, 0x00, 0x24, 0x00, 0x10,
  0x00, 0x02, 0x08, 0x10, 0x00, 0x44, 0x88, 0x10, 0x00, 0x18, 0x08, 0x00,
  0x00, 0x21, 0x70, 0x00, 0x01, 0x40, 0x10, 0x08, 0x00, 0x42, 0x94, 0x08,
  0x02, 0x25, 0x34, 0x08, 0x04, 0x20, 0x00, 0x00, 0x00, 0x68, 0x00, 0x00,
  0x08, 0xC0, 0x02, 0x04, 0x03, 0x00, 0x00, 0x04, 0x04, 0x08, 0x04, 0x00,
  0x38, 0x00, 0x08, 0x00, 0x0F, 0xF8, 0x0F, 0xFC, 0x00, 0x00, 0x00, 0x00,
  0x00, 0x00, 0x00, 0x00, 0x00, 0x00, 0x00, 0x00,
};

const uint8_t bitmap_mlb_ari_layer_2[] PROGMEM = {
  0x00, 0x00, 0x00, 0x00, 0x00, 0x00, 0x00, 0x00, 0x00, 0x00, 0x00, 0x00,
  0x00, 0x00, 0xC0, 0x40, 0x00, 0x00, 0x80, 0x40, 0x00, 0x01, 0x00, 0x00,
  0x00, 0x00, 0x00, 0x00, 0x00, 0x02, 0x00, 0x20, 0x00, 0x04, 0x00, 0x20,
  0x00, 0x04, 0x00, 0x20, 0x00, 0x08, 0x00, 0x00, 0x00, 0x10, 0x00, 0x10,
  0x00, 0x10, 0x00, 0x10, 0x00, 0x20, 0x00, 0x10, 0x00, 0x00, 0x30, 0x00,
  0x00, 0x40, 0x50, 0x00, 0x00, 0x80, 0x40, 0x08, 0x00, 0x80, 0x80, 0x08,
  0x01, 0x00, 0x88, 0x08, 0x00, 0x01, 0x88, 0x00, 0x02, 0x01, 0x08, 0x00,
  0x04, 0x02, 0x48, 0x04, 0x00, 0x07, 0xBC, 0x04, 0x08, 0x07, 0x1C, 0x04,
  0x10, 0x0E, 0x0C, 0x00, 0x10, 0x08, 0x04, 0x02, 0x20, 0x00, 0x08, 0x02,
  0x00, 0x04, 0x00, 0x02, 0x70, 0x04, 0x10, 0x02, 0x00, 0x00, 0x00, 0x00,
  0x00, 0x00, 0x00, 0x00, 0x00, 0x00, 0x00, 0x00,
};

const uint8_t bitmap_mlb_ari_layer_3[] PROGMEM = {
  0x00, 0x00, 0x00, 0x00, 0x00, 0x00, 0x00, 0x00, 0x00, 0x00, 0x00, 0x00,
  0x00, 0x00, 0x00, 0x00, 0x00, 0x00, 0x40, 0x80, 0x00, 0x00, 0x60, 0x00,
  0x00, 0x00, 0xC0, 0x00, 0x00, 0x00, 0x00, 0x00, 0x00, 0x01, 0x00, 0x40,
  0x00, 0x03, 0x00, 0x00, 0x00, 0x07, 0x00, 0x00, 0x00, 0x06, 0x00, 0x00,
  0x00, 0x08, 0x00, 0x20, 0x00, 0x10, 0x00, 0x20, 0x00, 0x18, 0x48, 0x00,
  0x00, 0x3C, 0x00, 0x00, 0x00, 0x38, 0x00, 0x00, 0x00, 0x61, 0x00, 0x10,
  0x00, 0xC0, 0x04, 0x00, 0x00, 0x82, 0x04, 0x00, 0x01, 0x80, 0x00, 0x00,
  0x01, 0xC0, 0x00, 0x00, 0x03, 0xC8, 0x00, 0x08, 0x07, 0x80, 0x02, 0x00,
  0x07, 0x10, 0x00, 0x00, 0x0C, 0x10, 0x02, 0x00, 0x18, 0x00, 0x00, 0x04,
  0x00, 0x08, 0x04, 0x04, 0x00, 0x00, 0x00, 0x00, 0x00, 0x00, 0x00, 0x00,
  0x00, 0x00, 0x00, 0x00, 0x00, 0x00, 0x00, 0x00,
};

const uint8_t bitmap_mlb_ari_layer_4[] PROGMEM = {
  0x00, 0x00, 0x00, 0x00, 0x00, 0x00, 0x00, 0x00, 0x00, 0x00, 0x00, 0x00,
  0x00, 0x00, 0x00, 0x00, 0x00, 0x00, 0x1F, 0x00, 0x00, 0x00, 0x00, 0x80,
  0x00, 0x00, 0x00, 0x80, 0x00, 0x00, 0x00, 0x00, 0x00, 0x00, 0x00, 0x00,
  0x00, 0x00, 0x00, 0x40, 0x00, 0x00, 0x00, 0x40, 0x00, 0x00, 0x00, 0x40,
  0x00, 0x00, 0x30, 0x00, 0x00, 0x00, 0x48, 0x00, 0x00, 0x00, 0x00, 0x20,
  0x00, 0x00, 0x80, 0x20, 0x00, 0x01, 0x04, 0x00, 0x00, 0x00, 0x04, 0x00,
  0x00, 0x02, 0x00, 0x10, 0x00, 0x00, 0x00, 0x10, 0x00, 0x04, 0x02, 0x10,
  0x00, 0x08, 0x02, 0x00, 0x00, 0x00, 0x02, 0x00, 0x00, 0x10, 0x00, 0x08,
  0x00, 0x00, 0x00, 0x08, 0x00, 0x00, 0x00, 0x08, 0x00, 0x10, 0x02, 0x00,
  0x07, 0xF0, 0x03, 0xF8, 0x00, 0x00, 0x00, 0x00, 0x00, 0x00, 0x00, 0x00,
  0x00, 0x00, 0x00, 0x00, 0x00, 0x00, 0x00, 0x00,
};

const SportsLogoLayerDef layers_mlb_ari[] = {
  { bitmap_mlb_ari_layer_0, 201, 19, 42 },
  { bitmap_mlb_ari_layer_1, 22, 114, 122 },
  { bitmap_mlb_ari_layer_2, 6, 189, 200 },
  { bitmap_mlb_ari_layer_3, 13, 27, 30 },
  { bitmap_mlb_ari_layer_4, 136, 6, 20 },
};

const uint8_t bitmap_mlb_ath_layer_0[] PROGMEM = {
  0x00, 0x00, 0x00, 0x00, 0x00, 0x00, 0x00, 0x00, 0x00, 0x00, 0x00, 0x00,
  0x00, 0x00, 0x00, 0x00, 0x00, 0x38, 0x00, 0x00, 0x00, 0x1C, 0x00, 0x00,
  0x00, 0x0E, 0x00, 0x00, 0x00, 0x06, 0x00, 0x00, 0x00, 0x06, 0x00, 0x00,
  0x00, 0x0F, 0x08, 0x00, 0x00, 0xFB, 0x00, 0x48, 0x00, 0x39, 0x00, 0x80,
  0x00, 0x11, 0x80, 0xC0, 0x00, 0x11, 0x80, 0x30, 0x00, 0x10, 0x80, 0x08,
  0x00, 0x20, 0xC0, 0x04, 0x00, 0x20, 0xC0, 0x84, 0x00, 0x3F, 0xC0, 0x38,
  0x00, 0x60, 0x60, 0x00, 0x00, 0x40, 0x60, 0x00, 0x00, 0x40, 0x20, 0x00,
  0x00, 0x80, 0x30, 0x00, 0x00, 0x80, 0x30, 0x00, 0x01, 0x80, 0x19, 0x00,
  0x0F, 0xC0, 0x1E, 0x00, 0x10, 0x78, 0x1C, 0x00, 0x00, 0x00, 0x08, 0x00,
  0x00, 0x00, 0x00, 0x00, 0x00, 0x00, 0x00, 0x00, 0x00, 0x00, 0x00, 0x00,
  0x00, 0x00, 0x00, 0x00, 0x00, 0x00, 0x00, 0x00,
};

const uint8_t bitmap_mlb_ath_layer_1[] PROGMEM = {
  0x00, 0x00, 0x00, 0x00, 0x00, 0x00, 0x00, 0x00, 0x00, 0x00, 0x00, 0x00,
  0x00, 0x44, 0x00, 0x00, 0x00, 0x80, 0x00, 0x00, 0x00, 0x01, 0x00, 0x00,
  0x00, 0x60, 0x00, 0x00, 0x01, 0x10, 0x80, 0x00, 0x00, 0x10, 0x14, 0x30,
  0x01, 0x00, 0x00, 0x84, 0x00, 0x00, 0x51, 0x02, 0x02, 0x00, 0x14, 0x2C,
  0x03, 0x44, 0x18, 0x08, 0x00, 0x40, 0x20, 0x00, 0x00, 0x42, 0x00, 0x40,
  0x00, 0x0A, 0x00, 0x50, 0x00, 0x00, 0x10, 0x00, 0x00, 0x80, 0x01, 0x02,
  0x00, 0x00, 0x00, 0x44, 0x00, 0x1F, 0x08, 0x00, 0x01, 0x00, 0x80, 0x40,
  0x00, 0x20, 0x80, 0x00, 0x02, 0x00, 0x06, 0x40, 0x10, 0x2A, 0x40, 0x00,
  0x20, 0x02, 0x40, 0x00, 0x40, 0x00, 0x01, 0x00, 0x19, 0x80, 0x23, 0x40,
  0x40, 0x38, 0x11, 0x40, 0x00, 0x00, 0x00, 0x00, 0x00, 0x00, 0x00, 0x00,
  0x00, 0x00, 0x00, 0x00, 0x00, 0x00, 0x00, 0x00,
};

const uint8_t bitmap_mlb_ath_layer_2[] PROGMEM = {
  0x00, 0x00, 0x00, 0x00, 0x00, 0x00, 0x00, 0x00, 0x00, 0x00, 0x00, 0x00,
  0x00, 0x18, 0x00, 0x00, 0x00, 0x40, 0x00, 0x00, 0x00, 0x80, 0x00, 0x00,
  0x00, 0x11, 0x00, 0x00, 0x00, 0x01, 0x00, 0x00, 0x00, 0x00, 0x00, 0x00,
  0x00, 0x40, 0x84, 0x48, 0x01, 0x00, 0x80, 0xB4, 0x01, 0x80, 0x00, 0x40,
  0x00, 0x02, 0x40, 0x00, 0x00, 0x28, 0x40, 0x08, 0x00, 0x00, 0x00, 0x10,
  0x00, 0x11, 0x20, 0x0A, 0x00, 0x51, 0x20, 0x08, 0x00, 0x00, 0x00, 0x04,
  0x00, 0x1F, 0x10, 0x00, 0x00, 0xA0, 0x10, 0x00, 0x00, 0x00, 0x00, 0x00,
  0x00, 0x00, 0x40, 0x00, 0x01, 0x00, 0x01, 0x80, 0x06, 0x40, 0x00, 0x00,
  0x10, 0x14, 0x20, 0x00, 0x2F, 0x00, 0x02, 0x00, 0x20, 0x20, 0x10, 0x00,
  0x00, 0x00, 0x00, 0x00, 0x00, 0x00, 0x00, 0x00, 0x00, 0x00, 0x00, 0x00,
  0x00, 0x00, 0x00, 0x00, 0x00, 0x00, 0x00, 0x00,
};

const uint8_t bitmap_mlb_ath_layer_3[] PROGMEM = {
  0x00, 0x00, 0x00, 0x00, 0x00, 0x00, 0x00, 0x00, 0x00, 0x00, 0x00, 0x00,
  0x00, 0x20, 0x00, 0x00, 0x00, 0x02, 0x00, 0x00, 0x00, 0x00, 0x00, 0x00,
  0x01, 0x80, 0x00, 0x00, 0x00, 0x00, 0x00, 0x00, 0x00, 0x00, 0x88, 0x00,
  0x00, 0xB0, 0x10, 0x00, 0x00, 0x00, 0x04, 0x00, 0x00, 0x04, 0x49, 0x00,
  0x00, 0x00, 0x01, 0x30, 0x00, 0x02, 0x00, 0x84, 0x00, 0x08, 0x20, 0x22,
  0x00, 0x40, 0x00, 0x80, 0x00, 0x0E, 0x01, 0x32, 0x00, 0x00, 0x10, 0x80,
  0x00, 0x80, 0x00, 0x38, 0x00, 0x00, 0x80, 0x00, 0x00, 0x20, 0x08, 0x00,
  0x01, 0x00, 0x08, 0xC0, 0x00, 0x40, 0x40, 0x00, 0x08, 0x04, 0x00, 0x80,
  0x00, 0x00, 0x01, 0x00, 0x00, 0x04, 0x20, 0x00, 0x40, 0x48, 0x00, 0x80,
  0x00, 0x00, 0x0C, 0x80, 0x00, 0x00, 0x00, 0x00, 0x00, 0x00, 0x00, 0x00,
  0x00, 0x00, 0x00, 0x00, 0x00, 0x00, 0x00, 0x00,
};

const uint8_t bitmap_mlb_ath_layer_4[] PROGMEM = {
  0x00, 0x00, 0x00, 0x00, 0x00, 0x00, 0x00, 0x00, 0x00, 0x00, 0x00, 0x00,
  0x00, 0x00, 0x00, 0x00, 0x00, 0x04, 0x00, 0x00, 0x00, 0x62, 0x00, 0x00,
  0x00, 0x00, 0x00, 0x00, 0x00, 0x08, 0x00, 0x00, 0x00, 0x09, 0x00, 0x00,
  0x00, 0x00, 0x00, 0x30, 0x00, 0x04, 0x08, 0x00, 0x00, 0x42, 0x80, 0x00,
  0x00, 0x28, 0x00, 0x00, 0x00, 0x00, 0x00, 0x40, 0x00, 0x21, 0x40, 0x04,
  0x00, 0x00, 0x00, 0x00, 0x00, 0x00, 0x00, 0x40, 0x00, 0x40, 0x20, 0x40,
  0x00, 0x00, 0x80, 0x00, 0x00, 0x00, 0x00, 0x00, 0x00, 0x80, 0x50, 0x00,
  0x00, 0x40, 0x00, 0x00, 0x00, 0x00, 0x08, 0x00, 0x00, 0x00, 0x26, 0x00,
  0x00, 0x28, 0x00, 0x00, 0x00, 0x80, 0x00, 0x00, 0x00, 0x10, 0x04, 0x00,
  0x00, 0x00, 0x00, 0x00, 0x00, 0x00, 0x00, 0x00, 0x00, 0x00, 0x00, 0x00,
  0x00, 0x00, 0x00, 0x00, 0x00, 0x00, 0x00, 0x00,
};

const SportsLogoLayerDef layers_mlb_ath[] = {
  { bitmap_mlb_ath_layer_0, 1, 94, 59 },
  { bitmap_mlb_ath_layer_1, 210, 228, 222 },
  { bitmap_mlb_ath_layer_2, 67, 142, 116 },
  { bitmap_mlb_ath_layer_3, 131, 179, 163 },
  { bitmap_mlb_ath_layer_4, 21, 115, 83 },
};

const uint8_t bitmap_mlb_atl_layer_0[] PROGMEM = {
  0x00, 0x00, 0x00, 0x00, 0x00, 0x00, 0x00, 0x00, 0x00, 0x00, 0x00, 0xE0,
  0x00, 0x00, 0x01, 0x00, 0x00, 0x00, 0x06, 0x20, 0x00, 0x00, 0x08, 0x40,
  0x00, 0x00, 0x10, 0x40, 0x00, 0x00, 0x20, 0x80, 0x00, 0x00, 0x40, 0x80,
  0x00, 0x00, 0xC0, 0x80, 0x00, 0x00, 0x81, 0x00, 0x00, 0x01, 0x01, 0x20,
  0x00, 0x02, 0x01, 0x50, 0x00, 0x02, 0x22, 0x50, 0x00, 0x04, 0x22, 0x88,
  0x00, 0x04, 0x63, 0x80, 0x00, 0x08, 0x22, 0x10, 0x00, 0x08, 0xE0, 0x10,
  0x00, 0x10, 0x00, 0x20, 0x00, 0x60, 0x00, 0xC0, 0x00, 0x80, 0x01, 0x00,
  0x01, 0x00, 0xF1, 0x0C, 0x72, 0x03, 0x11, 0x12, 0x52, 0x04, 0x00, 0x92,
  0x4B, 0x84, 0x08, 0x92, 0x47, 0x08, 0x08, 0x62, 0x40, 0x10, 0x04, 0x02,
  0x60, 0x30, 0x02, 0x02, 0x30, 0x60, 0x01, 0x04, 0x1F, 0x80, 0x00, 0xF8,
  0x00, 0x00, 0x00, 0x00, 0x00, 0x00, 0x00, 0x00,
};

const uint8_t bitmap_mlb_atl_layer_1[] PROGMEM = {
  0x00, 0x00, 0x00, 0x00, 0x00, 0x00, 0x00, 0x00, 0x00, 0x00, 0x00, 0x00,
  0x00, 0x00, 0x00, 0x00, 0x00, 0x00, 0x00, 0x80, 0x00, 0x00, 0x01, 0x80,
  0x00, 0x00, 0x07, 0x00, 0x00, 0x00, 0x0F, 0x00, 0x00, 0x00, 0x1E, 0x00,
  0x00, 0x00, 0x3E, 0x00, 0x00, 0x00, 0x3C, 0x00, 0x00, 0x00, 0x6C, 0x00,
  0x00, 0x00, 0xCC, 0x00, 0x00, 0x00, 0x8C, 0x00, 0x00, 0x01, 0x88, 0x20,
  0x00, 0x01, 0x08, 0x20, 0x00, 0x03, 0x08, 0x40, 0x00, 0x02, 0x09, 0xC0,
  0x00, 0x06, 0x0F, 0x80, 0x00, 0x0E, 0xFC, 0x00, 0x00, 0x1F, 0x8C, 0x00,
  0x00, 0x78, 0x04, 0x00, 0x00, 0xF8, 0x04, 0x00, 0x00, 0x30, 0x06, 0x00,
  0x20, 0x30, 0x02, 0x04, 0x30, 0x60, 0x03, 0x08, 0x19, 0xC0, 0x01, 0x88,
  0x0F, 0x80, 0x00, 0xF8, 0x00, 0x00, 0x00, 0x00, 0x00, 0x00, 0x00, 0x00,
  0x00, 0x00, 0x00, 0x00, 0x00, 0x00, 0x00, 0x00,
};

const uint8_t bitmap_mlb_atl_layer_2[] PROGMEM = {
  0x00, 0x00, 0x00, 0x00, 0x00, 0x00, 0x00, 0x00, 0x00, 0x00, 0x00, 0x00,
  0x00, 0x00, 0x00, 0x40, 0x00, 0x00, 0x00, 0x00, 0x00, 0x00, 0x02, 0x00,
  0x00, 0x00, 0x00, 0x00, 0x00, 0x00, 0x00, 0x00, 0x00, 0x00, 0x00, 0x00,
  0x00, 0x00, 0x00, 0x00, 0x00, 0x00, 0x42, 0x00, 0x00, 0x00, 0x00, 0x00,
  0x00, 0x00, 0x00, 0x00, 0x00, 0x01, 0x40, 0x20, 0x00, 0x00, 0x04, 0x00,
  0x00, 0x02, 0x04, 0x40, 0x00, 0x00, 0x04, 0xA0, 0x00, 0x04, 0x04, 0x00,
  0x00, 0x00, 0x10, 0x00, 0x00, 0x01, 0x02, 0x00, 0x00, 0x20, 0x60, 0x00,
  0x00, 0x04, 0x08, 0x00, 0x00, 0x00, 0x02, 0x00, 0x00, 0x88, 0x00, 0x04,
  0x00, 0x40, 0x05, 0x00, 0x00, 0x80, 0x00, 0x04, 0x06, 0x20, 0x00, 0x54,
  0x10, 0x40, 0x00, 0x00, 0x07, 0x00, 0x00, 0x70, 0x00, 0x00, 0x00, 0x00,
  0x00, 0x00, 0x00, 0x00, 0x00, 0x00, 0x00, 0x00,
};

const uint8_t bitmap_mlb_atl_layer_3[] PROGMEM = {
  0x00, 0x00, 0x00, 0x00, 0x00, 0x00, 0x00, 0x00, 0x00, 0x00, 0x00, 0x00,
  0x00, 0x00, 0x00, 0xA0, 0x00, 0x00, 0x00, 0x00, 0x00, 0x00, 0x04, 0x00,
  0x00, 0x00, 0x08, 0x00, 0x00, 0x00, 0x10, 0x00, 0x00, 0x00, 0x20, 0x00,
  0x00, 0x00, 0x01, 0x00, 0x00, 0x00, 0x00, 0x00, 0x00, 0x00, 0x00, 0x00,
  0x00, 0x01, 0x12, 0x20, 0x00, 0x00, 0x00, 0x00, 0x00, 0x02, 0x40, 0x50,
  0x00, 0x00, 0x00, 0x10, 0x00, 0x00, 0x81, 0x00, 0x00, 0x00, 0x10, 0x20,
  0x00, 0x01, 0xC0, 0x40, 0x00, 0x10, 0x00, 0x00, 0x00, 0x40, 0x02, 0x00,
  0x00, 0x81, 0x02, 0x00, 0x01, 0x04, 0x00, 0x04, 0x00, 0x40, 0x09, 0x00,
  0x10, 0x08, 0x00, 0x00, 0x08, 0x00, 0x04, 0x10, 0x00, 0x00, 0x00, 0x00,
  0x00, 0x00, 0x00, 0x04, 0x00, 0x00, 0x00, 0x88, 0x00, 0x00, 0x00, 0x00,
  0x00, 0x00, 0x00, 0x00, 0x00, 0x00, 0x00, 0x00,
};

const uint8_t bitmap_mlb_atl_layer_4[] PROGMEM = {
  0x00, 0x00, 0x00, 0x00, 0x00, 0x00, 0x00, 0x00, 0x00, 0x00, 0x00, 0x00,
  0x00, 0x00, 0x00, 0x00, 0x00, 0x00, 0x01, 0x40, 0x00, 0x00, 0x00, 0x00,
  0x00, 0x00, 0x00, 0x80, 0x00, 0x00, 0x00, 0x00, 0x00, 0x00, 0x01, 0x00,
  0x00, 0x00, 0x00, 0x00, 0x00, 0x00, 0x00, 0x00, 0x00, 0x00, 0x92, 0x00,
  0x00, 0x00, 0x20, 0x00, 0x00, 0x00, 0x10, 0x00, 0x00, 0x00, 0x10, 0x00,
  0x00, 0x00, 0x90, 0x00, 0x00, 0x04, 0x10, 0x00, 0x00, 0x01, 0x02, 0x00,
  0x00, 0x08, 0x20, 0x00, 0x00, 0x00, 0x01, 0x00, 0x00, 0x00, 0x10, 0x00,
  0x00, 0x02, 0x00, 0x00, 0x00, 0x00, 0x08, 0x08, 0x21, 0x00, 0x00, 0x08,
  0x00, 0x00, 0x00, 0x08, 0x00, 0x10, 0x00, 0x80, 0x20, 0x00, 0x02, 0x20,
  0x00, 0x00, 0x01, 0x00, 0x08, 0x80, 0x00, 0x00, 0x00, 0x00, 0x00, 0x00,
  0x00, 0x00, 0x00, 0x00, 0x00, 0x00, 0x00, 0x00,
};

const SportsLogoLayerDef layers_mlb_atl[] = {
  { bitmap_mlb_atl_layer_0, 5, 31, 64 },
  { bitmap_mlb_atl_layer_1, 227, 3, 43 },
  { bitmap_mlb_atl_layer_2, 173, 10, 50 },
  { bitmap_mlb_atl_layer_3, 50, 26, 62 },
  { bitmap_mlb_atl_layer_4, 116, 18, 57 },
};

const uint8_t bitmap_mlb_bal_layer_0[] PROGMEM = {
  0x00, 0x00, 0x00, 0x00, 0x00, 0x00, 0x00, 0x00, 0x00, 0xFC, 0x00, 0x00,
  0x01, 0xBF, 0x00, 0x18, 0x03, 0x03, 0xC7, 0xFC, 0x06, 0x00, 0xFF, 0x86,
  0x0C, 0x00, 0x70, 0x02, 0x18, 0x00, 0x01, 0x06, 0x18, 0x00, 0x3E, 0x0E,
  0x10, 0x01, 0xF8, 0x1C, 0x10, 0x07, 0xE0, 0xF0, 0x18, 0x00, 0x07, 0xC0,
  0x18, 0x00, 0x0E, 0x00, 0x18, 0x00, 0x07, 0xC0, 0x18, 0x00, 0x07, 0xF8,
  0x30, 0x00, 0x00, 0x3C, 0x60, 0x00, 0x07, 0x3C, 0x60, 0x00, 0x3E, 0x70,
  0x70, 0x20, 0xFC, 0xC0, 0x70, 0x4F, 0xF9, 0x80, 0x30, 0x4F, 0xE3, 0x80,
  0x30, 0x40, 0x0F, 0x00, 0x30, 0x58, 0x1F, 0x00, 0x18, 0x7F, 0xFF, 0x00,
  0x18, 0x3F, 0xFF, 0x00, 0x0C, 0x0F, 0xE6, 0x00, 0x06, 0x00, 0x0C, 0x00,
  0x03, 0x80, 0x18, 0x00, 0x01, 0xF9, 0xF0, 0x00, 0x00, 0x7F, 0xC0, 0x00,
  0x00, 0x00, 0x00, 0x00, 0x00, 0x00, 0x00, 0x00,
};

const uint8_t bitmap_mlb_bal_layer_1[] PROGMEM = {
  0x00, 0x00, 0x00, 0x00, 0x00, 0x00, 0x00, 0x00, 0x00, 0x00, 0x00, 0x00,
  0x00, 0x00, 0x00, 0x00, 0x00, 0x20, 0x00, 0x00, 0x00, 0xBA, 0x00, 0x00,
  0x01, 0xF1, 0x00, 0x68, 0x03, 0xF0, 0x80, 0x00, 0x07, 0xF1, 0x00, 0x00,
  0x07, 0xF8, 0x03, 0x80, 0x07, 0xF0, 0x0C, 0x00, 0x07, 0xF8, 0x30, 0x00,
  0x07, 0xFF, 0x10, 0x00, 0x00, 0xF8, 0x00, 0x00, 0x01, 0xF8, 0xC0, 0x00,
  0x07, 0xFC, 0x08, 0x00, 0x0F, 0xFC, 0x00, 0x00, 0x0F, 0xFC, 0x80, 0x00,
  0x0F, 0x80, 0x00, 0x00, 0x0F, 0x80, 0x00, 0x00, 0x0F, 0x20, 0x00, 0x00,
  0x07, 0x00, 0x00, 0x00, 0x07, 0x00, 0x00, 0x00, 0x07, 0x80, 0x00, 0x00,
  0x03, 0xC0, 0x00, 0x00, 0x01, 0xE0, 0x00, 0x00, 0x00, 0xF0, 0x00, 0x00,
  0x00, 0x1F, 0x80, 0x00, 0x00, 0x00, 0x00, 0x00, 0x00, 0x00, 0x00, 0x00,
  0x00, 0x00, 0x00, 0x00, 0x00, 0x00, 0x00, 0x00,
};

const uint8_t bitmap_mlb_bal_layer_2[] PROGMEM = {
  0x00, 0x00, 0x00, 0x00, 0x00, 0x00, 0x00, 0x00, 0x00, 0x00, 0x00, 0x00,
  0x00, 0x00, 0x00, 0x00, 0x00, 0x50, 0x00, 0x00, 0x00, 0x45, 0x00, 0x10,
  0x00, 0x0A, 0x83, 0x90, 0x00, 0x0F, 0x7C, 0x58, 0x00, 0x0E, 0x01, 0xF0,
  0x00, 0x04, 0x00, 0x40, 0x00, 0x08, 0x02, 0x00, 0x00, 0x07, 0xC0, 0x00,
  0x00, 0x00, 0x80, 0x00, 0x01, 0x01, 0x90, 0x00, 0x02, 0x00, 0x08, 0x00,
  0x08, 0x02, 0xD0, 0x00, 0x10, 0x02, 0xF0, 0xC0, 0x00, 0x02, 0x01, 0x00,
  0x00, 0x42, 0x02, 0x00, 0x00, 0x30, 0x04, 0x00, 0x00, 0x10, 0x08, 0x00,
  0x08, 0x28, 0x30, 0x00, 0x08, 0x83, 0x80, 0x00, 0x00, 0x00, 0x00, 0x00,
  0x00, 0x00, 0x00, 0x00, 0x02, 0x00, 0x00, 0x00, 0x00, 0x08, 0x20, 0x00,
  0x00, 0x20, 0x40, 0x00, 0x00, 0x00, 0x00, 0x00, 0x00, 0x00, 0x00, 0x00,
  0x00, 0x00, 0x00, 0x00, 0x00, 0x00, 0x00, 0x00,
};

const uint8_t bitmap_mlb_bal_layer_3[] PROGMEM = {
  0x00, 0x00, 0x00, 0x00, 0x00, 0x00, 0x00, 0x00, 0x00, 0x00, 0x00, 0x00,
  0x00, 0x40, 0x00, 0x00, 0x00, 0x8C, 0x00, 0x00, 0x01, 0x00, 0x00, 0x68,
  0x02, 0x04, 0x0C, 0x04, 0x04, 0x00, 0x02, 0xA0, 0x00, 0x00, 0xC0, 0x00,
  0x08, 0x02, 0x04, 0x20, 0x08, 0x00, 0x11, 0x00, 0x00, 0x00, 0x08, 0x00,
  0x00, 0x00, 0x00, 0x00, 0x04, 0x00, 0x08, 0x00, 0x04, 0x00, 0x00, 0x00,
  0x00, 0x00, 0x07, 0xC0, 0x00, 0x00, 0x08, 0x00, 0x10, 0x00, 0x40, 0x80,
  0x00, 0x1D, 0x01, 0x00, 0x00, 0x00, 0x02, 0x00, 0x00, 0x80, 0x14, 0x00,
  0x00, 0x97, 0xC0, 0x00, 0x00, 0x24, 0x60, 0x00, 0x00, 0x00, 0x00, 0x00,
  0x04, 0x00, 0x00, 0x00, 0x00, 0x10, 0x18, 0x00, 0x01, 0x07, 0xD0, 0x00,
  0x00, 0x40, 0x20, 0x00, 0x00, 0x06, 0x00, 0x00, 0x00, 0x00, 0x00, 0x00,
  0x00, 0x00, 0x00, 0x00, 0x00, 0x00, 0x00, 0x00,
};

const uint8_t bitmap_mlb_bal_layer_4[] PROGMEM = {
  0x00, 0x00, 0x00, 0x00, 0x00, 0x00, 0x00, 0x00, 0x00, 0x00, 0x00, 0x00,
  0x00, 0x00, 0x00, 0x00, 0x00, 0x00, 0x00, 0x00, 0x00, 0x00, 0x00, 0x00,
  0x00, 0x00, 0x00, 0x00, 0x00, 0x00, 0x00, 0x00, 0x00, 0x00, 0x00, 0x00,
  0x00, 0x00, 0x00, 0x00, 0x00, 0x00, 0x00, 0x00, 0x00, 0x00, 0x00, 0x00,
  0x00, 0x00, 0x60, 0x00, 0x02, 0x06, 0x60, 0x00, 0x00, 0x07, 0x30, 0x00,
  0x00, 0x01, 0x20, 0x00, 0x00, 0x01, 0x00, 0x00, 0x00, 0x01, 0x00, 0x00,
  0x00, 0x00, 0x00, 0x00, 0x00, 0x00, 0x00, 0x00, 0x00, 0x00, 0x00, 0x00,
  0x00, 0x00, 0x00, 0x00, 0x00, 0x00, 0x00, 0x00, 0x00, 0x00, 0x00, 0x00,
  0x00, 0x00, 0x00, 0x00, 0x00, 0x00, 0x00, 0x00, 0x00, 0x00, 0x00, 0x00,
  0x00, 0x00, 0x00, 0x00, 0x00, 0x00, 0x00, 0x00, 0x00, 0x00, 0x00, 0x00,
  0x00, 0x00, 0x00, 0x00, 0x00, 0x00, 0x00, 0x00,
};

const SportsLogoLayerDef layers_mlb_bal[] = {
  { bitmap_mlb_bal_layer_0, 250, 70, 0 },
  { bitmap_mlb_bal_layer_1, 0, 0, 0 },
  { bitmap_mlb_bal_layer_2, 88, 34, 14 },
  { bitmap_mlb_bal_layer_3, 170, 47, 1 },
  { bitmap_mlb_bal_layer_4, 210, 211, 212 },
};

const uint8_t bitmap_mlb_bos_layer_0[] PROGMEM = {
  0x00, 0x00, 0x00, 0x00, 0x00, 0x00, 0x00, 0x00, 0x00, 0xC1, 0x80, 0x00,
  0x01, 0xE7, 0xF0, 0x00, 0x00, 0x7F, 0xF8, 0x00, 0x00, 0x3C, 0x1C, 0x00,
  0x00, 0x18, 0x0C, 0x00, 0x00, 0x18, 0x0C, 0x00, 0x00, 0x18, 0x0E, 0x00,
  0x00, 0x18, 0x0F, 0x00, 0x00, 0x18, 0x0F, 0x00, 0x00, 0x18, 0x0E, 0x00,
  0x00, 0x18, 0x0E, 0x00, 0x00, 0x18, 0x0E, 0x00, 0x00, 0x3C, 0x1C, 0x00,
  0x00, 0x3F, 0xF8, 0x00, 0x00, 0x3F, 0xF8, 0x00, 0x00, 0x3C, 0x1C, 0x00,
  0x00, 0x18, 0x0E, 0x00, 0x00, 0x18, 0x0E, 0x00, 0x00, 0x18, 0x0E, 0x00,
  0x00, 0x18, 0x0F, 0x00, 0x00, 0x18, 0x0F, 0x00, 0x00, 0x18, 0x0E, 0x00,
  0x00, 0x18, 0x0C, 0x00, 0x00, 0x18, 0x0C, 0x00, 0x00, 0x3C, 0x1C, 0x00,
  0x00, 0x7F, 0x78, 0x00, 0x01, 0xF7, 0xF0, 0x00, 0x00, 0xC1, 0xC0, 0x00,
  0x00, 0x00, 0x00, 0x00, 0x00, 0x00, 0x00, 0x00,
};

const uint8_t bitmap_mlb_bos_layer_1[] PROGMEM = {
  0x00, 0x00, 0x00, 0x00, 0x01, 0xE7, 0xF0, 0x00, 0x02, 0x08, 0x08, 0x00,
  0x04, 0x00, 0x04, 0x00, 0x04, 0x00, 0x02, 0x00, 0x07, 0x81, 0x82, 0x00,
  0x00, 0x42, 0x21, 0x00, 0x00, 0x40, 0x11, 0x00, 0x00, 0x40, 0x10, 0x80,
  0x00, 0x40, 0x20, 0x40, 0x00, 0x40, 0x20, 0x40, 0x00, 0x40, 0x10, 0x80,
  0x00, 0x40, 0x00, 0x80, 0x00, 0x43, 0x61, 0x00, 0x00, 0x40, 0x01, 0x00,
  0x01, 0x80, 0x02, 0x00, 0x01, 0x80, 0x02, 0x00, 0x00, 0xC0, 0x01, 0x00,
  0x00, 0x43, 0x61, 0x00, 0x00, 0x40, 0x00, 0x80, 0x00, 0x40, 0x10, 0x80,
  0x00, 0x40, 0x20, 0x40, 0x00, 0x40, 0x20, 0x40, 0x00, 0x40, 0x10, 0x80,
  0x00, 0x40, 0x11, 0x00, 0x00, 0x42, 0x21, 0x00, 0x07, 0x81, 0xC2, 0x00,
  0x04, 0x00, 0x02, 0x00, 0x04, 0x00, 0x04, 0x00, 0x02, 0x08, 0x08, 0x00,
  0x01, 0xF7, 0x70, 0x00, 0x00, 0x00, 0x00, 0x00,
};

const uint8_t bitmap_mlb_bos_layer_2[] PROGMEM = {
  0x00, 0x00, 0x00, 0x00, 0x00, 0x00, 0x00, 0x00, 0x01, 0x00, 0x00, 0x00,
  0x00, 0x00, 0x08, 0x00, 0x03, 0x00, 0x04, 0x00, 0x00, 0x02, 0x20, 0x00,
  0x00, 0x00, 0x12, 0x00, 0x00, 0x20, 0x00, 0x00, 0x00, 0x20, 0x00, 0x00,
  0x00, 0x20, 0x00, 0x00, 0x00, 0x20, 0x00, 0x00, 0x00, 0x20, 0x00, 0x00,
  0x00, 0x20, 0x00, 0x00, 0x00, 0x04, 0x00, 0x00, 0x00, 0x00, 0x42, 0x00,
  0x00, 0x00, 0x00, 0x00, 0x00, 0x00, 0x04, 0x00, 0x00, 0x01, 0x42, 0x00,
  0x00, 0x04, 0x00, 0x00, 0x00, 0x20, 0x00, 0x00, 0x00, 0x20, 0x00, 0x00,
  0x00, 0x20, 0x00, 0x00, 0x00, 0x20, 0x10, 0x00, 0x00, 0x20, 0x00, 0x00,
  0x00, 0x20, 0x00, 0x00, 0x00, 0x00, 0x12, 0x00, 0x00, 0x02, 0x20, 0x00,
  0x02, 0x80, 0x04, 0x00, 0x00, 0x00, 0x08, 0x00, 0x01, 0x04, 0x00, 0x00,
  0x00, 0x00, 0x00, 0x00, 0x00, 0x00, 0x00, 0x00,
};

const uint8_t bitmap_mlb_bos_layer_3[] PROGMEM = {
  0x00, 0x00, 0x00, 0x00, 0x00, 0x00, 0x00, 0x00, 0x00, 0x14, 0x10, 0x00,
  0x00, 0x00, 0x00, 0x00, 0x00, 0x00, 0x00, 0x00, 0x00, 0x40, 0x40, 0x00,
  0x00, 0x04, 0x00, 0x00, 0x00, 0x04, 0x00, 0x00, 0x00, 0x04, 0x01, 0x00,
  0x00, 0x04, 0x10, 0x80, 0x00, 0x04, 0x10, 0x80, 0x00, 0x04, 0x00, 0x00,
  0x00, 0x04, 0x11, 0x00, 0x00, 0x00, 0x00, 0x00, 0x00, 0x01, 0x80, 0x00,
  0x00, 0x00, 0x00, 0x00, 0x00, 0x00, 0x00, 0x00, 0x00, 0x00, 0x80, 0x00,
  0x00, 0x00, 0x00, 0x00, 0x00, 0x04, 0x11, 0x00, 0x00, 0x04, 0x00, 0x00,
  0x00, 0x04, 0x10, 0x80, 0x00, 0x04, 0x00, 0x80, 0x00, 0x04, 0x01, 0x00,
  0x00, 0x04, 0x00, 0x00, 0x00, 0x04, 0x00, 0x00, 0x00, 0x40, 0x00, 0x00,
  0x01, 0x00, 0x00, 0x00, 0x00, 0x00, 0x00, 0x00, 0x00, 0x10, 0x10, 0x00,
  0x00, 0x00, 0x80, 0x00, 0x00, 0x00, 0x00, 0x00,
};

const uint8_t bitmap_mlb_bos_layer_4[] PROGMEM = {
  0x00, 0x00, 0x00, 0x00, 0x00, 0x00, 0x00, 0x00, 0x00, 0x22, 0x60, 0x00,
  0x02, 0x18, 0x00, 0x00, 0x00, 0x80, 0x00, 0x00, 0x00, 0x00, 0x00, 0x00,
  0x00, 0x20, 0x00, 0x00, 0x00, 0x00, 0x02, 0x00, 0x00, 0x00, 0x00, 0x00,
  0x00, 0x00, 0x00, 0x00, 0x00, 0x00, 0x00, 0x00, 0x00, 0x00, 0x01, 0x00,
  0x00, 0x00, 0x00, 0x00, 0x00, 0x20, 0x10, 0x00, 0x00, 0x02, 0x20, 0x00,
  0x00, 0x40, 0x04, 0x00, 0x00, 0x40, 0x00, 0x00, 0x00, 0x02, 0x20, 0x00,
  0x00, 0x20, 0x10, 0x00, 0x00, 0x00, 0x00, 0x00, 0x00, 0x00, 0x01, 0x00,
  0x00, 0x00, 0x00, 0x00, 0x00, 0x00, 0x00, 0x00, 0x00, 0x00, 0x00, 0x00,
  0x00, 0x00, 0x02, 0x00, 0x00, 0x20, 0x00, 0x00, 0x00, 0x00, 0x00, 0x00,
  0x00, 0x00, 0x80, 0x00, 0x02, 0x08, 0x00, 0x00, 0x00, 0x22, 0x20, 0x00,
  0x00, 0x00, 0x00, 0x00, 0x00, 0x00, 0x00, 0x00,
};

const SportsLogoLayerDef layers_mlb_bos[] = {
  { bitmap_mlb_bos_layer_0, 223, 44, 55 },
  { bitmap_mlb_bos_layer_1, 4, 39, 89 },
  { bitmap_mlb_bos_layer_2, 91, 43, 80 },
  { bitmap_mlb_bos_layer_3, 43, 40, 82 },
  { bitmap_mlb_bos_layer_4, 149, 44, 70 },
};

const uint8_t bitmap_mlb_chc_layer_0[] PROGMEM = {
  0x00, 0x00, 0x00, 0x00, 0x00, 0x1F, 0xF8, 0x00, 0x00, 0x70, 0x0E, 0x00,
  0x01, 0x80, 0x01, 0x80, 0x03, 0x00, 0x00, 0xC0, 0x06, 0x00, 0x00, 0x60,
  0x0C, 0x0F, 0xF0, 0x30, 0x18, 0x38, 0x1C, 0x18, 0x10, 0x60, 0x06, 0x08,
  0x20, 0xC0, 0x03, 0x04, 0x21, 0x80, 0x01, 0x84, 0x61, 0x07, 0xE3, 0x86,
  0x43, 0x0F, 0xF7, 0xC2, 0x42, 0x1F, 0xFF, 0xC2, 0x42, 0x10, 0x80, 0x42,
  0x42, 0x10, 0x88, 0x42, 0x42, 0x10, 0x8C, 0x42, 0x42, 0x10, 0x80, 0x42,
  0x42, 0x1F, 0xFF, 0xC2, 0x43, 0x0F, 0xF7, 0xC2, 0x61, 0x07, 0xE3, 0x86,
  0x21, 0x80, 0x01, 0x84, 0x30, 0xC0, 0x03, 0x0C, 0x10, 0x60, 0x06, 0x08,
  0x18, 0x38, 0x1C, 0x18, 0x0C, 0x0F, 0xF0, 0x30, 0x06, 0x00, 0x00, 0x60,
  0x03, 0x00, 0x00, 0xC0, 0x01, 0xC0, 0x03, 0x80, 0x00, 0x70, 0x0E, 0x00,
  0x00, 0x1F, 0xF8, 0x00, 0x00, 0x00, 0x00, 0x00,
};

const uint8_t bitmap_mlb_chc_layer_1[] PROGMEM = {
  0x00, 0x00, 0x00, 0x00, 0x00, 0x00, 0x00, 0x00, 0x00, 0x01, 0x80, 0x00,
  0x00, 0x1F, 0xF8, 0x00, 0x00, 0x7F, 0xFE, 0x00, 0x01, 0xF8, 0x1F, 0x80,
  0x03, 0xE0, 0x07, 0xC0, 0x07, 0x80, 0x01, 0xE0, 0x07, 0x00, 0x00, 0xE0,
  0x0E, 0x00, 0x00, 0x70, 0x0E, 0x00, 0x00, 0x70, 0x1C, 0x00, 0x00, 0x38,
  0x1C, 0x00, 0x00, 0x38, 0x18, 0x00, 0x00, 0x18, 0x18, 0x00, 0x00, 0x18,
  0x18, 0x00, 0x00, 0x18, 0x18, 0x00, 0x00, 0x18, 0x18, 0x00, 0x00, 0x18,
  0x18, 0x00, 0x00, 0x18, 0x1C, 0x00, 0x00, 0x38, 0x1C, 0x00, 0x00, 0x38,
  0x0E, 0x00, 0x00, 0x70, 0x0E, 0x00, 0x00, 0x70, 0x07, 0x00, 0x00, 0xE0,
  0x07, 0x80, 0x01, 0xE0, 0x03, 0xE0, 0x07, 0xC0, 0x01, 0xFC, 0x3F, 0x80,
  0x00, 0x7F, 0xFE, 0x00, 0x00, 0x1F, 0xF8, 0x00, 0x00, 0x00, 0x00, 0x00,
  0x00, 0x00, 0x00, 0x00, 0x00, 0x00, 0x00, 0x00,
};

const uint8_t bitmap_mlb_chc_layer_2[] PROGMEM = {
  0x00, 0x00, 0x00, 0x00, 0x00, 0x00, 0x00, 0x00, 0x00, 0x00, 0x00, 0x00,
  0x00, 0x00, 0x00, 0x00, 0x00, 0x00, 0x00, 0x00, 0x00, 0x00, 0x00, 0x00,
  0x00, 0x00, 0x00, 0x00, 0x00, 0x07, 0xE0, 0x00, 0x00, 0x1F, 0xF8, 0x00,
  0x00, 0x3F, 0xFC, 0x00, 0x00, 0x7F, 0xFE, 0x00, 0x00, 0xF8, 0x1C, 0x00,
  0x00, 0xF0, 0x08, 0x00, 0x01, 0xE0, 0x00, 0x00, 0x01, 0xEF, 0x7F, 0x80,
  0x01, 0xEF, 0x77, 0x80, 0x01, 0xEF, 0x73, 0x80, 0x01, 0xEF, 0x7F, 0x80,
  0x01, 0xE0, 0x00, 0x00, 0x00, 0xF0, 0x08, 0x00, 0x00, 0xF8, 0x1C, 0x00,
  0x00, 0x7F, 0xFE, 0x00, 0x00, 0x3F, 0xFC, 0x00, 0x00, 0x1F, 0xF8, 0x00,
  0x00, 0x07, 0xE0, 0x00, 0x00, 0x00, 0x00, 0x00, 0x00, 0x00, 0x00, 0x00,
  0x00, 0x00, 0x00, 0x00, 0x00, 0x00, 0x00, 0x00, 0x00, 0x00, 0x00, 0x00,
  0x00, 0x00, 0x00, 0x00, 0x00, 0x00, 0x00, 0x00,
};

const uint8_t bitmap_mlb_chc_layer_3[] PROGMEM = {
  0x00, 0x00, 0x00, 0x00, 0x00, 0x00, 0x00, 0x00, 0x00, 0x06, 0x60, 0x00,
  0x00, 0x20, 0x04, 0x00, 0x00, 0x80, 0x01, 0x00, 0x00, 0x04, 0x20, 0x00,
  0x00, 0x00, 0x00, 0x00, 0x00, 0x40, 0x02, 0x00, 0x08, 0x80, 0x01, 0x10,
  0x01, 0x00, 0x00, 0x80, 0x10, 0x00, 0x00, 0x08, 0x00, 0x00, 0x00, 0x00,
  0x00, 0x00, 0x00, 0x00, 0x24, 0x00, 0x00, 0x24, 0x20, 0x00, 0x00, 0x04,
  0x20, 0x00, 0x00, 0x04, 0x20, 0x00, 0x00, 0x04, 0x24, 0x00, 0x00, 0x04,
  0x24, 0x00, 0x00, 0x24, 0x00, 0x00, 0x00, 0x00, 0x00, 0x00, 0x00, 0x00,
  0x10, 0x00, 0x00, 0x08, 0x01, 0x00, 0x00, 0x80, 0x08, 0x80, 0x01, 0x10,
  0x00, 0x40, 0x02, 0x00, 0x00, 0x00, 0x00, 0x00, 0x00, 0x02, 0x40, 0x00,
  0x00, 0x80, 0x01, 0x00, 0x00, 0x20, 0x04, 0x00, 0x00, 0x03, 0xC0, 0x00,
  0x00, 0x00, 0x00, 0x00, 0x00, 0x00, 0x00, 0x00,
};

const uint8_t bitmap_mlb_chc_layer_4[] PROGMEM = {
  0x00, 0x00, 0x00, 0x00, 0x00, 0x00, 0x00, 0x00, 0x00, 0x08, 0x10, 0x00,
  0x00, 0x40, 0x02, 0x00, 0x00, 0x00, 0x00, 0x00, 0x00, 0x03, 0xC0, 0x00,
  0x00, 0x10, 0x08, 0x00, 0x00, 0x00, 0x00, 0x00, 0x00, 0x00, 0x00, 0x00,
  0x10, 0x00, 0x00, 0x08, 0x00, 0x00, 0x00, 0x00, 0x02, 0x00, 0x00, 0x40,
  0x20, 0x00, 0x00, 0x04, 0x00, 0x00, 0x00, 0x00, 0x04, 0x00, 0x00, 0x20,
  0x04, 0x00, 0x00, 0x20, 0x04, 0x00, 0x00, 0x20, 0x00, 0x00, 0x00, 0x20,
  0x00, 0x00, 0x00, 0x00, 0x20, 0x00, 0x00, 0x04, 0x02, 0x00, 0x00, 0x40,
  0x00, 0x00, 0x00, 0x00, 0x00, 0x00, 0x00, 0x00, 0x00, 0x00, 0x00, 0x00,
  0x00, 0x00, 0x00, 0x00, 0x00, 0x10, 0x08, 0x00, 0x00, 0x01, 0x80, 0x00,
  0x00, 0x00, 0x00, 0x00, 0x00, 0x00, 0x00, 0x00, 0x00, 0x0C, 0x30, 0x00,
  0x00, 0x00, 0x00, 0x00, 0x00, 0x00, 0x00, 0x00,
};

const SportsLogoLayerDef layers_mlb_chc[] = {
  { bitmap_mlb_chc_layer_0, 240, 227, 231 },
  { bitmap_mlb_chc_layer_1, 2, 42, 134 },
  { bitmap_mlb_chc_layer_2, 237, 61, 61 },
  { bitmap_mlb_chc_layer_3, 40, 77, 155 },
  { bitmap_mlb_chc_layer_4, 97, 127, 186 },
};

const uint8_t bitmap_mlb_chw_layer_0[] PROGMEM = {
  0x00, 0x00, 0x00, 0x00, 0x00, 0x3F, 0x80, 0x00, 0x00, 0x60, 0x78, 0x00,
  0x00, 0xC0, 0x04, 0x00, 0x01, 0x87, 0x04, 0x00, 0x01, 0x08, 0x88, 0x00,
  0x00, 0x06, 0x90, 0x00, 0x02, 0x01, 0xF0, 0x00, 0x02, 0x00, 0x60, 0x00,
  0x00, 0x00, 0x18, 0x00, 0x01, 0x00, 0x0C, 0x00, 0x00, 0x80, 0x04, 0x00,
  0x00, 0xC0, 0x82, 0x00, 0x00, 0x30, 0xC2, 0x00, 0x00, 0x0C, 0x00, 0x00,
  0x00, 0x7C, 0x06, 0x00, 0x01, 0x80, 0x02, 0x00, 0x02, 0x00, 0x02, 0x80,
  0x04, 0x00, 0x01, 0xC0, 0x04, 0xF8, 0x03, 0x20, 0x07, 0x08, 0x02, 0x20,
  0x00, 0x08, 0x00, 0x00, 0x00, 0x08, 0x00, 0x60, 0x00, 0x06, 0x00, 0x80,
  0x00, 0x01, 0xA1, 0x00, 0x00, 0x01, 0xE1, 0xE0, 0x00, 0x01, 0x00, 0x20,
  0x00, 0x01, 0x08, 0x20, 0x00, 0x01, 0x0C, 0x60, 0x00, 0x00, 0x94, 0x40,
  0x00, 0x00, 0x63, 0x80, 0x00, 0x00, 0x00, 0x00,
};

const uint8_t bitmap_mlb_chw_layer_1[] PROGMEM = {
  0x00, 0x00, 0x00, 0x00, 0x00, 0x00, 0x00, 0x00, 0x00, 0x04, 0x00, 0x00,
  0x00, 0x19, 0x80, 0x00, 0x00, 0x20, 0x70, 0x00, 0x00, 0x20, 0x20, 0x00,
  0x00, 0x30, 0x00, 0x00, 0x00, 0x38, 0x00, 0x00, 0x00, 0x9E, 0x00, 0x00,
  0x00, 0xC7, 0x80, 0x00, 0x00, 0x61, 0xE0, 0x00, 0x00, 0x38, 0x70, 0x00,
  0x00, 0x0E, 0x38, 0x00, 0x00, 0x02, 0x18, 0x00, 0x00, 0x00, 0x18, 0x00,
  0x00, 0x01, 0xF0, 0x00, 0x00, 0x03, 0x38, 0x00, 0x00, 0x7F, 0x48, 0x00,
  0x01, 0x07, 0x08, 0x00, 0x00, 0x03, 0x08, 0x00, 0x00, 0x02, 0x78, 0xC0,
  0x00, 0x03, 0x39, 0x00, 0x00, 0x01, 0xB3, 0x00, 0x00, 0x00, 0x4E, 0x00,
  0x00, 0x00, 0x0C, 0x00, 0x00, 0x00, 0x0C, 0x00, 0x00, 0x00, 0x12, 0x00,
  0x00, 0x00, 0x63, 0x80, 0x00, 0x00, 0x61, 0x80, 0x00, 0x00, 0x00, 0x00,
  0x00, 0x00, 0x00, 0x00, 0x00, 0x00, 0x00, 0x00,
};

const uint8_t bitmap_mlb_chw_layer_2[] PROGMEM = {
  0x00, 0x00, 0x00, 0x00, 0x00, 0x00, 0x00, 0x00, 0x00, 0x0B, 0x00, 0x00,
  0x00, 0x26, 0x70, 0x00, 0x00, 0x10, 0x00, 0x00, 0x00, 0x40, 0x40, 0x00,
  0x00, 0x40, 0x00, 0x00, 0x00, 0x84, 0x00, 0x00, 0x00, 0x01, 0x00, 0x00,
  0x00, 0x08, 0x40, 0x00, 0x00, 0x12, 0x00, 0x00, 0x00, 0x04, 0x80, 0x00,
  0x00, 0x10, 0x00, 0x00, 0x00, 0x01, 0x00, 0x00, 0x00, 0x00, 0xC0, 0x00,
  0x00, 0x00, 0x08, 0x00, 0x00, 0x00, 0x00, 0x00, 0x00, 0x80, 0xB0, 0x00,
  0x00, 0x88, 0x90, 0x00, 0x00, 0x00, 0x70, 0x80, 0x00, 0x01, 0x01, 0x00,
  0x00, 0x00, 0x00, 0x80, 0x00, 0x02, 0x48, 0x00, 0x00, 0x00, 0xB0, 0x00,
  0x00, 0x00, 0x00, 0x00, 0x00, 0x00, 0x10, 0x00, 0x00, 0x00, 0x2C, 0x00,
  0x00, 0x00, 0x90, 0x00, 0x00, 0x00, 0x00, 0x00, 0x00, 0x00, 0x01, 0x00,
  0x00, 0x00, 0x00, 0x00, 0x00, 0x00, 0x00, 0x00,
};

const uint8_t bitmap_mlb_chw_layer_3[] PROGMEM = {
  0x00, 0x00, 0x00, 0x00, 0x00, 0x00, 0x00, 0x00, 0x00, 0x00, 0x80, 0x00,
  0x00, 0x00, 0x08, 0x00, 0x00, 0x08, 0x08, 0x00, 0x00, 0x80, 0x00, 0x00,
  0x01, 0x08, 0x40, 0x00, 0x00, 0x42, 0x00, 0x00, 0x01, 0x00, 0x80, 0x00,
  0x01, 0x10, 0x20, 0x00, 0x00, 0x0C, 0x00, 0x00, 0x00, 0x03, 0x00, 0x00,
  0x00, 0x21, 0x04, 0x00, 0x00, 0x08, 0x04, 0x00, 0x00, 0x02, 0x04, 0x00,
  0x00, 0x00, 0x00, 0x00, 0x00, 0x40, 0x84, 0x00, 0x01, 0x00, 0x04, 0x00,
  0x02, 0x00, 0x24, 0x00, 0x01, 0x00, 0x84, 0x00, 0x00, 0x04, 0x00, 0x00,
  0x00, 0x00, 0x40, 0x20, 0x00, 0x04, 0x00, 0x80, 0x00, 0x01, 0x01, 0x00,
  0x00, 0x00, 0x10, 0x00, 0x00, 0x00, 0x00, 0x00, 0x00, 0x00, 0x41, 0x40,
  0x00, 0x00, 0x04, 0x40, 0x00, 0x00, 0x10, 0x00, 0x00, 0x00, 0x22, 0x80,
  0x00, 0x00, 0x00, 0x00, 0x00, 0x00, 0x00, 0x00,
};

const uint8_t bitmap_mlb_chw_layer_4[] PROGMEM = {
  0x00, 0x00, 0x00, 0x00, 0x00, 0x00, 0x00, 0x00, 0x00, 0x10, 0x00, 0x00,
  0x00, 0x00, 0x00, 0x00, 0x00, 0x40, 0x80, 0x00, 0x00, 0x10, 0x10, 0x00,
  0x00, 0x80, 0x20, 0x00, 0x01, 0x00, 0x00, 0x00, 0x00, 0x60, 0x00, 0x00,
  0x00, 0x20, 0x00, 0x00, 0x00, 0x80, 0x10, 0x00, 0x00, 0x40, 0x08, 0x00,
  0x00, 0x00, 0x40, 0x00, 0x00, 0x04, 0x20, 0x00, 0x00, 0x01, 0x20, 0x00,
  0x00, 0x02, 0x00, 0x00, 0x00, 0x3C, 0x40, 0x00, 0x00, 0x00, 0x00, 0x00,
  0x00, 0x70, 0x40, 0x00, 0x02, 0x04, 0x00, 0x40, 0x00, 0x00, 0x84, 0x00,
  0x00, 0x04, 0x86, 0x40, 0x00, 0x00, 0x04, 0x00, 0x00, 0x00, 0x00, 0x00,
  0x00, 0x00, 0x42, 0x00, 0x00, 0x00, 0x02, 0x00, 0x00, 0x00, 0x80, 0x80,
  0x00, 0x00, 0x00, 0x00, 0x00, 0x00, 0x82, 0x00, 0x00, 0x00, 0x40, 0x00,
  0x00, 0x00, 0x00, 0x00, 0x00, 0x00, 0x00, 0x00,
};

const SportsLogoLayerDef layers_mlb_chw[] = {
  { bitmap_mlb_chw_layer_0, 255, 255, 255 },
  { bitmap_mlb_chw_layer_1, 25, 21, 22 },
  { bitmap_mlb_chw_layer_2, 87, 85, 86 },
  { bitmap_mlb_chw_layer_3, 208, 209, 210 },
  { bitmap_mlb_chw_layer_4, 152, 152, 153 },
};

const uint8_t bitmap_mlb_cin_layer_0[] PROGMEM = {
  0x00, 0x00, 0x00, 0x00, 0x00, 0x00, 0x00, 0x00, 0x00, 0x00, 0x00, 0x00,
  0x00, 0x00, 0x00, 0x00, 0x00, 0x00, 0x00, 0x00, 0x00, 0x0F, 0xFE, 0x00,
  0x00, 0x3F, 0xFF, 0x80, 0x00, 0x7F, 0xFF, 0xE0, 0x01, 0xFE, 0x07, 0xF0,
  0x03, 0xF0, 0x00, 0xF8, 0x07, 0xE0, 0x00, 0x7C, 0x0F, 0xC0, 0x00, 0x00,
  0x1F, 0x80, 0x00, 0x00, 0x3F, 0x80, 0x00, 0x00, 0x7F, 0x00, 0x00, 0x00,
  0x3F, 0x00, 0x00, 0x00, 0x1F, 0x00, 0x00, 0x00, 0x0F, 0x80, 0x00, 0x00,
  0x07, 0xC0, 0x00, 0x3C, 0x03, 0xE0, 0x00, 0xFC, 0x01, 0xF8, 0x03, 0xF8,
  0x00, 0xFF, 0xFF, 0xF0, 0x00, 0x7F, 0xFF, 0xC0, 0x00, 0x1F, 0xFF, 0x00,
  0x00, 0x01, 0xF8, 0x00, 0x00, 0x00, 0x00, 0x00, 0x00, 0x00, 0x00, 0x00,
  0x00, 0x00, 0x00, 0x00, 0x00, 0x00, 0x00, 0x00, 0x00, 0x00, 0x00, 0x00,
  0x00, 0x00, 0x00, 0x00, 0x00, 0x00, 0x00, 0x00,
};

const uint8_t bitmap_mlb_cin_layer_1[] PROGMEM = {
  0x00, 0x00, 0x00, 0x00, 0x00, 0x00, 0x00, 0x00, 0x00, 0x00, 0x00, 0x00,
  0x00, 0x00, 0x00, 0x00, 0x00, 0x00, 0x00, 0x00, 0x00, 0x00, 0x00, 0x00,
  0x00, 0x00, 0x00, 0x00, 0x00, 0x00, 0x00, 0x00, 0x00, 0x00, 0x00, 0x00,
  0x00, 0x03, 0xFC, 0x00, 0x00, 0x0C, 0x01, 0x00, 0x00, 0x10, 0x00, 0x00,
  0x00, 0x20, 0x00, 0x3E, 0x00, 0x40, 0x00, 0x00, 0x00, 0x40, 0x00, 0x00,
  0x00, 0x40, 0x00, 0x00, 0x00, 0x40, 0x00, 0x00, 0x00, 0x00, 0x00, 0x00,
  0x00, 0x00, 0x00, 0x00, 0x00, 0x00, 0x00, 0x00, 0x00, 0x00, 0x00, 0x02,
  0x00, 0x00, 0x00, 0x04, 0x00, 0x00, 0x00, 0x08, 0x00, 0x40, 0x00, 0x20,
  0x00, 0x20, 0x00, 0xC0, 0x00, 0x0E, 0x0E, 0x00, 0x00, 0x00, 0x00, 0x00,
  0x00, 0x00, 0x00, 0x00, 0x00, 0x00, 0x00, 0x00, 0x00, 0x00, 0x00, 0x00,
  0x00, 0x00, 0x00, 0x00, 0x00, 0x00, 0x00, 0x00,
};

const uint8_t bitmap_mlb_cin_layer_2[] PROGMEM = {
  0x00, 0x00, 0x00, 0x00, 0x00, 0x00, 0x00, 0x00, 0x00, 0x00, 0x00, 0x00,
  0x00, 0x00, 0x00, 0x00, 0x00, 0x00, 0x00, 0x00, 0x00, 0x00, 0x00, 0x00,
  0x00, 0x00, 0x00, 0x00, 0x00, 0x00, 0x00, 0x00, 0x00, 0x00, 0x00, 0x00,
  0x00, 0x04, 0x02, 0x00, 0x00, 0x00, 0x00, 0x00, 0x00, 0x20, 0x00, 0x40,
  0x00, 0x00, 0x00, 0x00, 0x00, 0x00, 0x00, 0x00, 0x00, 0x00, 0x00, 0x00,
  0x00, 0x00, 0x00, 0x00, 0x20, 0x00, 0x00, 0x00, 0x10, 0x00, 0x00, 0x00,
  0x00, 0x00, 0x00, 0x00, 0x00, 0x00, 0x00, 0x02, 0x00, 0x00, 0x00, 0x04,
  0x00, 0x00, 0x00, 0x08, 0x00, 0x80, 0x00, 0x10, 0x00, 0x00, 0x00, 0x00,
  0x00, 0x10, 0x01, 0x00, 0x00, 0x01, 0xF0, 0x00, 0x00, 0x00, 0x00, 0x00,
  0x00, 0x00, 0x00, 0x00, 0x00, 0x00, 0x00, 0x00, 0x00, 0x00, 0x00, 0x00,
  0x00, 0x00, 0x00, 0x00, 0x00, 0x00, 0x00, 0x00,
};

const uint8_t bitmap_mlb_cin_layer_3[] PROGMEM = {
  0x00, 0x00, 0x00, 0x00, 0x00, 0x00, 0x00, 0x00, 0x00, 0x00, 0x00, 0x00,
  0x00, 0x00, 0x00, 0x00, 0x00, 0x00, 0x00, 0x00, 0x00, 0x00, 0x00, 0x00,
  0x00, 0x00, 0x00, 0x00, 0x00, 0x00, 0x00, 0x00, 0x00, 0x01, 0x08, 0x00,
  0x00, 0x08, 0x01, 0x00, 0x00, 0x00, 0x00, 0x00, 0x00, 0x00, 0x00, 0x3C,
  0x00, 0x00, 0x00, 0x00, 0x00, 0x00, 0x00, 0x00, 0x00, 0x80, 0x00, 0x00,
  0x00, 0x80, 0x00, 0x00, 0x00, 0x80, 0x00, 0x00, 0x00, 0x40, 0x00, 0x00,
  0x00, 0x00, 0x00, 0x00, 0x00, 0x00, 0x00, 0x00, 0x00, 0x00, 0x00, 0x00,
  0x00, 0x00, 0x00, 0x00, 0x00, 0x00, 0x00, 0x20, 0x00, 0x00, 0x00, 0x80,
  0x00, 0x06, 0x04, 0x00, 0x00, 0x00, 0x00, 0x00, 0x00, 0x00, 0x00, 0x00,
  0x00, 0x00, 0x00, 0x00, 0x00, 0x00, 0x00, 0x00, 0x00, 0x00, 0x00, 0x00,
  0x00, 0x00, 0x00, 0x00, 0x00, 0x00, 0x00, 0x00,
};

const uint8_t bitmap_mlb_cin_layer_4[] PROGMEM = {
  0x00, 0x00, 0x00, 0x00, 0x00, 0x00, 0x00, 0x00, 0x00, 0x00, 0x00, 0x00,
  0x00, 0x00, 0x00, 0x00, 0x00, 0x00, 0x00, 0x00, 0x00, 0x00, 0x00, 0x00,
  0x00, 0x00, 0x00, 0x00, 0x00, 0x00, 0x00, 0x00, 0x00, 0x00, 0xF0, 0x00,
  0x00, 0x00, 0x00, 0x00, 0x00, 0x10, 0x00, 0x80, 0x00, 0x00, 0x00, 0x02,
  0x00, 0x40, 0x00, 0x00, 0x00, 0x00, 0x00, 0x00, 0x00, 0x00, 0x00, 0x00,
  0x40, 0x00, 0x00, 0x00, 0x00, 0x00, 0x00, 0x00, 0x00, 0x00, 0x00, 0x00,
  0x08, 0x00, 0x00, 0x00, 0x04, 0x00, 0x00, 0x00, 0x02, 0x00, 0x00, 0x00,
  0x01, 0x00, 0x00, 0x00, 0x00, 0x00, 0x00, 0x00, 0x00, 0x20, 0x00, 0x40,
  0x00, 0x08, 0x02, 0x00, 0x00, 0x00, 0x00, 0x00, 0x00, 0x00, 0x00, 0x00,
  0x00, 0x00, 0x00, 0x00, 0x00, 0x00, 0x00, 0x00, 0x00, 0x00, 0x00, 0x00,
  0x00, 0x00, 0x00, 0x00, 0x00, 0x00, 0x00, 0x00,
};

const SportsLogoLayerDef layers_mlb_cin[] = {
  { bitmap_mlb_cin_layer_0, 236, 0, 25 },
  { bitmap_mlb_cin_layer_1, 0, 0, 0 },
  { bitmap_mlb_cin_layer_2, 64, 0, 7 },
  { bitmap_mlb_cin_layer_3, 185, 0, 20 },
  { bitmap_mlb_cin_layer_4, 119, 0, 13 },
};

const uint8_t bitmap_mlb_cle_layer_0[] PROGMEM = {
  0x00, 0x00, 0x00, 0x00, 0x00, 0x00, 0x00, 0x00, 0x00, 0x00, 0x00, 0x00,
  0x00, 0x07, 0xC7, 0x00, 0x00, 0x1F, 0xFE, 0x00, 0x00, 0x7F, 0xFE, 0x00,
  0x00, 0xF8, 0x3E, 0x00, 0x00, 0xE0, 0x1E, 0x00, 0x00, 0xE0, 0x0E, 0x00,
  0x00, 0xE0, 0x0E, 0x00, 0x00, 0xE0, 0x0C, 0x00, 0x00, 0xE0, 0x08, 0x00,
  0x00, 0xE0, 0x00, 0x00, 0x00, 0xE0, 0x00, 0x00, 0x00, 0xE0, 0x00, 0x00,
  0x00, 0xE0, 0x00, 0x00, 0x00, 0xE0, 0x00, 0x00, 0x00, 0xE0, 0x00, 0x00,
  0x00, 0xE0, 0x00, 0x00, 0x00, 0xE0, 0x00, 0x00, 0x00, 0xE0, 0x00, 0x00,
  0x00, 0xE0, 0x0E, 0x00, 0x00, 0xE0, 0x0E, 0x00, 0x00, 0xE0, 0x0E, 0x00,
  0x00, 0xE0, 0x0E, 0x00, 0x00, 0xF8, 0x3E, 0x00, 0x00, 0xFF, 0xFE, 0x00,
  0x00, 0x3F, 0xF8, 0x00, 0x00, 0x0F, 0xC0, 0x00, 0x00, 0x00, 0x00, 0x00,
  0x00, 0x00, 0x00, 0x00, 0x00, 0x00, 0x00, 0x00,
};

const uint8_t bitmap_mlb_cle_layer_1[] PROGMEM = {
  0x00, 0x00, 0x00, 0x00, 0x00, 0x07, 0x8E, 0x00, 0x00, 0x18, 0x30, 0x80,
  0x00, 0x60, 0x00, 0x80, 0x01, 0x80, 0x00, 0x80, 0x02, 0x00, 0x00, 0x80,
  0x02, 0x00, 0x00, 0x80, 0x02, 0x06, 0xC0, 0x80, 0x02, 0x08, 0x20, 0x00,
  0x00, 0x08, 0x21, 0x00, 0x00, 0x08, 0x21, 0x00, 0x00, 0x08, 0x21, 0x00,
  0x00, 0x08, 0x3F, 0x00, 0x00, 0x08, 0x00, 0x00, 0x00, 0x08, 0x00, 0x00,
  0x00, 0x08, 0x00, 0x00, 0x00, 0x08, 0x00, 0x00, 0x00, 0x08, 0x00, 0x00,
  0x00, 0x08, 0x00, 0x00, 0x00, 0x08, 0x1F, 0x00, 0x00, 0x08, 0x21, 0x00,
  0x02, 0x08, 0x21, 0x00, 0x02, 0x08, 0x20, 0x00, 0x02, 0x08, 0x20, 0x80,
  0x02, 0x07, 0xC0, 0x80, 0x02, 0x00, 0x00, 0x80, 0x02, 0x00, 0x00, 0x80,
  0x03, 0x00, 0x01, 0x80, 0x00, 0xC0, 0x0C, 0x00, 0x00, 0x18, 0x30, 0x00,
  0x00, 0x07, 0xC0, 0x00, 0x00, 0x00, 0x00, 0x00,
};

const uint8_t bitmap_mlb_cle_layer_2[] PROGMEM = {
  0x00, 0x00, 0x00, 0x00, 0x00, 0x00, 0x00, 0x00, 0x00, 0x02, 0x84, 0x00,
  0x00, 0x00, 0x20, 0x00, 0x00, 0x40, 0x00, 0x00, 0x00, 0x00, 0x01, 0x00,
  0x00, 0x02, 0x81, 0x00, 0x01, 0x00, 0x00, 0x00, 0x00, 0x10, 0x00, 0x00,
  0x00, 0x10, 0x00, 0x00, 0x00, 0x10, 0x00, 0x00, 0x00, 0x10, 0x02, 0x00,
  0x00, 0x10, 0x00, 0x00, 0x00, 0x10, 0x00, 0x00, 0x00, 0x10, 0x00, 0x00,
  0x00, 0x10, 0x00, 0x00, 0x00, 0x10, 0x00, 0x00, 0x00, 0x10, 0x00, 0x00,
  0x00, 0x10, 0x00, 0x00, 0x00, 0x10, 0x00, 0x00, 0x00, 0x10, 0x0E, 0x00,
  0x00, 0x10, 0x00, 0x00, 0x01, 0x10, 0x00, 0x00, 0x01, 0x10, 0x00, 0x00,
  0x01, 0x00, 0x01, 0x00, 0x00, 0x02, 0x80, 0x00, 0x00, 0x00, 0x01, 0x00,
  0x00, 0x00, 0x04, 0x00, 0x00, 0x10, 0x10, 0x00, 0x00, 0x04, 0x80, 0x00,
  0x00, 0x00, 0x00, 0x00, 0x00, 0x00, 0x00, 0x00,
};

const uint8_t bitmap_mlb_cle_layer_3[] PROGMEM = {
  0x00, 0x00, 0x00, 0x00, 0x00, 0x00, 0x00, 0x00, 0x00, 0x04, 0x4B, 0x00,
  0x00, 0x10, 0x10, 0x00, 0x00, 0x00, 0x00, 0x00, 0x01, 0x00, 0x00, 0x00,
  0x00, 0x01, 0x00, 0x00, 0x00, 0x08, 0x21, 0x00, 0x01, 0x00, 0x01, 0x00,
  0x01, 0x00, 0x00, 0x00, 0x01, 0x00, 0x00, 0x00, 0x01, 0x00, 0x00, 0x00,
  0x01, 0x00, 0x00, 0x00, 0x01, 0x00, 0x00, 0x00, 0x01, 0x00, 0x00, 0x00,
  0x01, 0x00, 0x00, 0x00, 0x01, 0x00, 0x00, 0x00, 0x01, 0x00, 0x00, 0x00,
  0x01, 0x00, 0x00, 0x00, 0x01, 0x00, 0x00, 0x00, 0x01, 0x00, 0x10, 0x00,
  0x01, 0x00, 0x00, 0x00, 0x00, 0x00, 0x01, 0x00, 0x00, 0x00, 0x01, 0x00,
  0x00, 0x08, 0x20, 0x00, 0x00, 0x01, 0x00, 0x00, 0x00, 0x00, 0x00, 0x00,
  0x00, 0x80, 0x02, 0x00, 0x00, 0x20, 0x00, 0x00, 0x00, 0x00, 0x40, 0x00,
  0x00, 0x00, 0x00, 0x00, 0x00, 0x00, 0x00, 0x00,
};

const uint8_t bitmap_mlb_cle_layer_4[] PROGMEM = {
  0x00, 0x00, 0x00, 0x00, 0x00, 0x00, 0x00, 0x00, 0x00, 0x01, 0x00, 0x00,
  0x00, 0x08, 0x08, 0x00, 0x00, 0x20, 0x01, 0x00, 0x00, 0x80, 0x00, 0x00,
  0x01, 0x04, 0x40, 0x00, 0x00, 0x10, 0x00, 0x00, 0x00, 0x00, 0x10, 0x00,
  0x00, 0x00, 0x10, 0x00, 0x00, 0x00, 0x12, 0x00, 0x00, 0x00, 0x14, 0x00,
  0x00, 0x00, 0x00, 0x00, 0x00, 0x00, 0x00, 0x00, 0x00, 0x00, 0x00, 0x00,
  0x00, 0x00, 0x00, 0x00, 0x00, 0x00, 0x00, 0x00, 0x00, 0x00, 0x00, 0x00,
  0x00, 0x00, 0x00, 0x00, 0x00, 0x00, 0x00, 0x00, 0x00, 0x00, 0x00, 0x00,
  0x00, 0x00, 0x10, 0x00, 0x00, 0x00, 0x10, 0x00, 0x00, 0x00, 0x10, 0x00,
  0x00, 0x10, 0x10, 0x00, 0x01, 0x04, 0x41, 0x00, 0x01, 0x00, 0x00, 0x00,
  0x00, 0x40, 0x00, 0x00, 0x00, 0x00, 0x20, 0x00, 0x00, 0x03, 0x00, 0x00,
  0x00, 0x00, 0x00, 0x00, 0x00, 0x00, 0x00, 0x00,
};

const SportsLogoLayerDef layers_mlb_cle[] = {
  { bitmap_mlb_cle_layer_0, 253, 17, 52 },
  { bitmap_mlb_cle_layer_1, 3, 43, 96 },
  { bitmap_mlb_cle_layer_2, 136, 31, 77 },
  { bitmap_mlb_cle_layer_3, 61, 36, 84 },
  { bitmap_mlb_cle_layer_4, 202, 24, 65 },
};

const uint8_t bitmap_mlb_col_layer_0[] PROGMEM = {
  0x00, 0x00, 0x00, 0x00, 0x00, 0x7F, 0xE0, 0x00, 0x01, 0xFF, 0xE0, 0x00,
  0x02, 0x61, 0xE0, 0x00, 0x04, 0xC0, 0xE0, 0x00, 0x08, 0x80, 0x60, 0x00,
  0x09, 0x00, 0x60, 0x00, 0x11, 0x00, 0x60, 0x00, 0x11, 0x00, 0x00, 0x00,
  0x11, 0x00, 0x00, 0x00, 0x11, 0x00, 0x00, 0x00, 0x11, 0x01, 0xE0, 0x00,
  0x11, 0x7F, 0xFE, 0x00, 0x11, 0x78, 0xFB, 0x00, 0x11, 0x18, 0x38, 0x80,
  0x18, 0x88, 0xB8, 0xC0, 0x08, 0x88, 0x60, 0x40, 0x04, 0x48, 0xE0, 0x40,
  0x06, 0x68, 0xE0, 0x40, 0x03, 0xF8, 0xE8, 0x80, 0x00, 0xF8, 0xD9, 0x80,
  0x00, 0x08, 0xFB, 0x00, 0x00, 0x08, 0xE4, 0x00, 0x00, 0x08, 0xC2, 0x00,
  0x00, 0x08, 0xA1, 0x00, 0x00, 0x08, 0x91, 0x00, 0x00, 0x08, 0x90, 0x80,
  0x00, 0x08, 0x88, 0x80, 0x00, 0x08, 0x88, 0x40, 0x00, 0x38, 0xE4, 0x30,
  0x00, 0x7F, 0xE3, 0xF0, 0x00, 0x00, 0x00, 0x00,
};

const uint8_t bitmap_mlb_col_layer_1[] PROGMEM = {
  0x00, 0x00, 0x00, 0x00, 0x00, 0x00, 0x00, 0x00, 0x00, 0x00, 0x00, 0x00,
  0x00, 0x00, 0x00, 0x00, 0x00, 0x00, 0x00, 0x00, 0x02, 0x00, 0x00, 0x00,
  0x02, 0x00, 0x00, 0x00, 0x04, 0x00, 0x00, 0x00, 0x04, 0x00, 0x00, 0x00,
  0x04, 0x00, 0x00, 0x00, 0x04, 0x00, 0x00, 0x00, 0x04, 0x00, 0x00, 0x00,
  0x04, 0x00, 0x00, 0x00, 0x04, 0x00, 0x00, 0x00, 0x04, 0x02, 0x02, 0x00,
  0x06, 0x02, 0x02, 0x00, 0x02, 0x02, 0x03, 0x00, 0x01, 0x02, 0x01, 0x00,
  0x00, 0x02, 0x03, 0x00, 0x00, 0x02, 0x02, 0x00, 0x00, 0x02, 0x00, 0x00,
  0x00, 0x02, 0x00, 0x00, 0x00, 0x02, 0x00, 0x00, 0x00, 0x02, 0x18, 0x00,
  0x00, 0x02, 0x0C, 0x00, 0x00, 0x02, 0x04, 0x00, 0x00, 0x02, 0x06, 0x00,
  0x00, 0x02, 0x02, 0x00, 0x00, 0x02, 0x03, 0x00, 0x00, 0x00, 0x00, 0x00,
  0x00, 0x00, 0x00, 0x00, 0x00, 0x00, 0x00, 0x00,
};

const uint8_t bitmap_mlb_col_layer_2[] PROGMEM = {
  0x00, 0x00, 0x00, 0x00, 0x00, 0x00, 0x00, 0x00, 0x00, 0x00, 0x00, 0x00,
  0x01, 0x00, 0x00, 0x00, 0x00, 0x00, 0x00, 0x00, 0x04, 0x00, 0x00, 0x00,
  0x00, 0x00, 0x00, 0x00, 0x08, 0x00, 0x00, 0x00, 0x00, 0x00, 0x00, 0x00,
  0x00, 0x00, 0x00, 0x00, 0x00, 0x00, 0x00, 0x00, 0x00, 0x00, 0x00, 0x00,
  0x00, 0x00, 0x00, 0x00, 0x00, 0x01, 0x00, 0x00, 0x00, 0x01, 0x01, 0x00,
  0x01, 0x01, 0x04, 0x00, 0x00, 0x01, 0x04, 0x80, 0x00, 0x81, 0x04, 0x00,
  0x00, 0x01, 0x04, 0x80, 0x00, 0x01, 0x00, 0x00, 0x00, 0x01, 0x00, 0x00,
  0x00, 0x01, 0x04, 0x00, 0x00, 0x01, 0x18, 0x00, 0x00, 0x01, 0x20, 0x00,
  0x00, 0x01, 0x00, 0x00, 0x00, 0x01, 0x00, 0x00, 0x00, 0x01, 0x00, 0x00,
  0x00, 0x01, 0x00, 0x00, 0x00, 0x01, 0x04, 0x00, 0x00, 0x01, 0x00, 0x40,
  0x00, 0x00, 0x00, 0x00, 0x00, 0x00, 0x00, 0x00,
};

const uint8_t bitmap_mlb_col_layer_3[] PROGMEM = {
  0x00, 0x00, 0x00, 0x00, 0x00, 0x00, 0x00, 0x00, 0x00, 0x00, 0x00, 0x00,
  0x00, 0x00, 0x00, 0x00, 0x01, 0x00, 0x00, 0x00, 0x00, 0x00, 0x00, 0x00,
  0x04, 0x00, 0x00, 0x00, 0x02, 0x00, 0x00, 0x00, 0x00, 0x00, 0x00, 0x00,
  0x08, 0x00, 0x00, 0x00, 0x08, 0x00, 0x00, 0x00, 0x08, 0x00, 0x00, 0x00,
  0x08, 0x00, 0x00, 0x00, 0x08, 0x02, 0x00, 0x00, 0x02, 0x04, 0x04, 0x00,
  0x00, 0x04, 0x01, 0x00, 0x00, 0x04, 0x00, 0x00, 0x00, 0x04, 0x02, 0x00,
  0x00, 0x04, 0x00, 0x00, 0x00, 0x04, 0x00, 0x00, 0x00, 0x04, 0x04, 0x00,
  0x00, 0x04, 0x00, 0x00, 0x00, 0x04, 0x00, 0x00, 0x00, 0x04, 0x00, 0x00,
  0x00, 0x04, 0x00, 0x00, 0x00, 0x04, 0x0A, 0x00, 0x00, 0x04, 0x00, 0x00,
  0x00, 0x04, 0x05, 0x00, 0x00, 0x04, 0x00, 0x80, 0x00, 0x00, 0x00, 0x00,
  0x00, 0x00, 0x00, 0x00, 0x00, 0x00, 0x00, 0x00,
};

const uint8_t bitmap_mlb_col_layer_4[] PROGMEM = {
  0x00, 0x00, 0x00, 0x00, 0x00, 0x00, 0x00, 0x00, 0x00, 0x00, 0x00, 0x00,
  0x00, 0x80, 0x00, 0x00, 0x02, 0x00, 0x00, 0x00, 0x01, 0x00, 0x00, 0x00,
  0x00, 0x00, 0x00, 0x00, 0x00, 0x00, 0x00, 0x00, 0x0A, 0x00, 0x00, 0x00,
  0x02, 0x00, 0x00, 0x00, 0x02, 0x00, 0x00, 0x00, 0x02, 0x00, 0x00, 0x00,
  0x02, 0x00, 0x00, 0x00, 0x02, 0x04, 0x04, 0x00, 0x08, 0x00, 0x00, 0x00,
  0x00, 0x00, 0x00, 0x00, 0x05, 0x00, 0x00, 0x00, 0x02, 0x00, 0x00, 0x80,
  0x01, 0x80, 0x00, 0x00, 0x00, 0x00, 0x05, 0x00, 0x00, 0x00, 0x02, 0x00,
  0x00, 0x00, 0x00, 0x00, 0x00, 0x00, 0x00, 0x00, 0x00, 0x00, 0x04, 0x00,
  0x00, 0x00, 0x12, 0x00, 0x00, 0x00, 0x00, 0x00, 0x00, 0x00, 0x09, 0x00,
  0x00, 0x00, 0x00, 0x00, 0x00, 0x00, 0x00, 0x00, 0x00, 0x06, 0x03, 0x80,
  0x00, 0x00, 0x00, 0x00, 0x00, 0x00, 0x00, 0x00,
};

const SportsLogoLayerDef layers_mlb_col[] = {
  { bitmap_mlb_col_layer_0, 0, 0, 0 },
  { bitmap_mlb_col_layer_1, 209, 224, 230 },
  { bitmap_mlb_col_layer_2, 40, 43, 44 },
  { bitmap_mlb_col_layer_3, 162, 173, 178 },
  { bitmap_mlb_col_layer_4, 92, 98, 101 },
};

const uint8_t bitmap_mlb_det_layer_0[] PROGMEM = {
  0x00, 0x00, 0x00, 0x00, 0x00, 0x00, 0x00, 0x00, 0x02, 0x00, 0x00, 0x00,
  0x00, 0x00, 0x08, 0x00, 0x00, 0x20, 0xC4, 0x00, 0x00, 0x40, 0x02, 0x00,
  0x00, 0x10, 0x31, 0x00, 0x00, 0x11, 0x80, 0x80, 0x00, 0x22, 0x04, 0x00,
  0x00, 0x0D, 0x04, 0x00, 0x00, 0x55, 0x04, 0x00, 0x01, 0x14, 0x00, 0x00,
  0x02, 0x94, 0xF8, 0x00, 0x00, 0x55, 0x04, 0x00, 0x00, 0x95, 0x04, 0x00,
  0x00, 0x15, 0x04, 0x00, 0x02, 0x54, 0xF0, 0x00, 0x00, 0x55, 0x04, 0x00,
  0x00, 0x51, 0x04, 0x00, 0x00, 0x49, 0x04, 0x00, 0x00, 0x44, 0x04, 0x00,
  0x00, 0x22, 0x04, 0x00, 0x00, 0xCC, 0x00, 0x80, 0x00, 0x21, 0x00, 0x00,
  0x00, 0x80, 0x02, 0x00, 0x01, 0x3C, 0x00, 0x00, 0x02, 0x80, 0x90, 0x00,
  0x00, 0x00, 0x20, 0x00, 0x02, 0x00, 0x00, 0x00, 0x00, 0x00, 0x00, 0x00,
  0x00, 0x00, 0x00, 0x00, 0x00, 0x00, 0x00, 0x00,
};

const uint8_t bitmap_mlb_det_layer_1[] PROGMEM = {
  0x00, 0x00, 0x00, 0x00, 0x00, 0x00, 0x00, 0x00, 0x00, 0x00, 0x00, 0x00,
  0x00, 0x00, 0x00, 0x00, 0x00, 0x80, 0x18, 0x00, 0x00, 0x3F, 0xFC, 0x00,
  0x00, 0x08, 0x86, 0x00, 0x00, 0x00, 0x03, 0x00, 0x00, 0x10, 0x03, 0x00,
  0x00, 0x22, 0x02, 0x00, 0x00, 0x22, 0x02, 0x00, 0x00, 0xE2, 0x03, 0x00,
  0x00, 0x22, 0x03, 0x00, 0x00, 0x22, 0x02, 0x00, 0x00, 0x22, 0x02, 0x00,
  0x01, 0xE2, 0x02, 0x00, 0x00, 0x22, 0x07, 0x00, 0x00, 0x22, 0x02, 0x00,
  0x00, 0x22, 0x02, 0x00, 0x00, 0x22, 0x02, 0x00, 0x00, 0x22, 0x02, 0x00,
  0x00, 0x00, 0x03, 0x00, 0x00, 0x00, 0x01, 0x00, 0x00, 0x08, 0x0F, 0x00,
  0x00, 0x7F, 0x9C, 0x00, 0x00, 0x81, 0xD0, 0x00, 0x01, 0x00, 0x60, 0x00,
  0x00, 0x00, 0x00, 0x00, 0x00, 0x00, 0x00, 0x00, 0x00, 0x00, 0x00, 0x00,
  0x00, 0x00, 0x00, 0x00, 0x00, 0x00, 0x00, 0x00,
};

const uint8_t bitmap_mlb_det_layer_2[] PROGMEM = {
  0x00, 0x00, 0x00, 0x00, 0x02, 0x00, 0x00, 0x00, 0x00, 0x00, 0x08, 0x00,
  0x00, 0x60, 0x60, 0x00, 0x02, 0x00, 0x02, 0x00, 0x00, 0x00, 0x01, 0x00,
  0x00, 0x40, 0x00, 0x80, 0x00, 0x22, 0x60, 0x40, 0x00, 0x44, 0x88, 0x00,
  0x00, 0x00, 0x88, 0x00, 0x01, 0x88, 0x88, 0x00, 0x02, 0x08, 0x00, 0x00,
  0x04, 0x08, 0x00, 0x00, 0x01, 0x88, 0xF8, 0x00, 0x02, 0x08, 0x08, 0x00,
  0x00, 0x08, 0x88, 0x00, 0x04, 0x88, 0x00, 0x00, 0x06, 0x08, 0xF8, 0x00,
  0x00, 0x80, 0x08, 0x00, 0x00, 0x80, 0x08, 0x00, 0x00, 0x88, 0x08, 0x00,
  0x00, 0x99, 0x08, 0x00, 0x01, 0x32, 0x10, 0x00, 0x01, 0x00, 0x40, 0x00,
  0x01, 0x00, 0x00, 0xC0, 0x02, 0x00, 0x02, 0x00, 0x00, 0x66, 0x08, 0x00,
  0x04, 0x80, 0x90, 0x00, 0x01, 0x00, 0x20, 0x00, 0x00, 0x00, 0x00, 0x00,
  0x04, 0x00, 0x00, 0x00, 0x00, 0x00, 0x00, 0x00,
};

const uint8_t bitmap_mlb_det_layer_3[] PROGMEM = {
  0x00, 0x00, 0x00, 0x00, 0x04, 0x00, 0x00, 0x00, 0x05, 0x00, 0x00, 0x00,
  0x02, 0x80, 0x14, 0x00, 0x01, 0x1F, 0x00, 0x00, 0x00, 0x80, 0x00, 0x00,
  0x00, 0x20, 0x00, 0x00, 0x00, 0x04, 0x08, 0x00, 0x00, 0x08, 0x00, 0x80,
  0x00, 0x40, 0x00, 0x80, 0x00, 0x00, 0x00, 0x80, 0x00, 0x00, 0xF8, 0x80,
  0x00, 0x00, 0x00, 0x80, 0x06, 0x00, 0x00, 0x80, 0x01, 0x00, 0x00, 0x80,
  0x02, 0x00, 0x70, 0x80, 0x01, 0x00, 0x00, 0x80, 0x00, 0x00, 0x00, 0x80,
  0x00, 0x08, 0x00, 0x80, 0x00, 0x00, 0x00, 0x80, 0x00, 0x11, 0x00, 0x80,
  0x00, 0x00, 0x00, 0x80, 0x00, 0x00, 0x08, 0x00, 0x00, 0xC0, 0xA0, 0x40,
  0x00, 0x00, 0x01, 0x00, 0x00, 0x00, 0x04, 0x00, 0x00, 0x01, 0x00, 0x00,
  0x01, 0x00, 0x40, 0x00, 0x04, 0x00, 0x00, 0x00, 0x06, 0x00, 0x00, 0x00,
  0x00, 0x00, 0x00, 0x00, 0x00, 0x00, 0x00, 0x00,
};

const uint8_t bitmap_mlb_det_layer_4[] PROGMEM = {
  0x00, 0x00, 0x00, 0x00, 0x00, 0x00, 0x00, 0x00, 0x00, 0x00, 0x00, 0x00,
  0x01, 0x00, 0x00, 0x00, 0x00, 0x40, 0x20, 0x00, 0x00, 0x00, 0x00, 0x00,
  0x00, 0x07, 0x48, 0x00, 0x00, 0x08, 0x04, 0x00, 0x00, 0x01, 0x00, 0x00,
  0x00, 0x10, 0x01, 0x00, 0x00, 0x00, 0x01, 0x00, 0x00, 0x01, 0x04, 0x00,
  0x01, 0x41, 0x04, 0x00, 0x00, 0x00, 0x01, 0x00, 0x00, 0x40, 0x01, 0x00,
  0x00, 0x00, 0x01, 0x00, 0x00, 0x01, 0x08, 0x00, 0x00, 0x00, 0x01, 0x00,
  0x00, 0x04, 0x01, 0x00, 0x00, 0x14, 0x01, 0x00, 0x00, 0x00, 0x01, 0x00,
  0x00, 0x44, 0x00, 0x00, 0x00, 0x00, 0x06, 0x00, 0x00, 0x16, 0x10, 0x80,
  0x00, 0x00, 0x60, 0x00, 0x00, 0x42, 0x28, 0x00, 0x00, 0x00, 0x00, 0x00,
  0x02, 0x00, 0x00, 0x00, 0x00, 0x00, 0x00, 0x00, 0x00, 0x00, 0x00, 0x00,
  0x00, 0x00, 0x00, 0x00, 0x00, 0x00, 0x00, 0x00,
};

const SportsLogoLayerDef layers_mlb_det[] = {
  { bitmap_mlb_det_layer_0, 66, 89, 114 },
  { bitmap_mlb_det_layer_1, 1, 24, 57 },
  { bitmap_mlb_det_layer_2, 226, 229, 233 },
  { bitmap_mlb_det_layer_3, 135, 149, 165 },
  { bitmap_mlb_det_layer_4, 19, 47, 78 },
};

const uint8_t bitmap_mlb_hou_layer_0[] PROGMEM = {
  0x00, 0x00, 0x00, 0x00, 0x00, 0x1F, 0xF8, 0x00, 0x00, 0x60, 0x06, 0x00,
  0x01, 0x82, 0x41, 0x80, 0x03, 0x1E, 0x78, 0xC0, 0x04, 0x7E, 0x7E, 0x20,
  0x08, 0xFC, 0x3F, 0x10, 0x19, 0xFC, 0x3F, 0x98, 0x13, 0xFC, 0x3F, 0xC8,
  0x27, 0x00, 0x00, 0xE4, 0x2F, 0x00, 0x00, 0xF4, 0x40, 0x00, 0x00, 0x02,
  0x40, 0x00, 0x00, 0x02, 0x48, 0x00, 0x00, 0x12, 0x5C, 0x00, 0x00, 0x3A,
  0x5F, 0x00, 0x00, 0xFA, 0x5F, 0x80, 0x01, 0xFA, 0x5F, 0xC0, 0x03, 0xFA,
  0x4F, 0xC0, 0x03, 0xF2, 0x4F, 0xC0, 0x03, 0xF2, 0x4F, 0xC0, 0x03, 0xF2,
  0x27, 0x00, 0x00, 0xE4, 0x27, 0x01, 0x80, 0xE4, 0x13, 0x01, 0x81, 0xC8,
  0x19, 0x0F, 0xF0, 0x98, 0x09, 0x3F, 0xFC, 0x90, 0x04, 0x7F, 0xFE, 0x20,
  0x03, 0x1F, 0xF8, 0xC0, 0x01, 0x83, 0xC1, 0x80, 0x00, 0x60, 0x06, 0x00,
  0x00, 0x1F, 0xF8, 0x00, 0x00, 0x00, 0x00, 0x00,
};

const uint8_t bitmap_mlb_hou_layer_1[] PROGMEM = {
  0x00, 0x00, 0x00, 0x00, 0x00, 0x00, 0x00, 0x00, 0x00, 0x00, 0x00, 0x00,
  0x00, 0x00, 0x00, 0x00, 0x00, 0x00, 0x00, 0x00, 0x00, 0x00, 0x00, 0x00,
  0x00, 0x00, 0x00, 0x00, 0x00, 0x00, 0x00, 0x00, 0x00, 0x00, 0x00, 0x00,
  0x00, 0x06, 0x20, 0x00, 0x00, 0x7E, 0x7E, 0x00, 0x00, 0x7E, 0x7E, 0x00,
  0x00, 0x38, 0x1C, 0x00, 0x00, 0x38, 0x18, 0x00, 0x00, 0x38, 0x18, 0x00,
  0x00, 0x3F, 0xF8, 0x00, 0x00, 0x3F, 0xF8, 0x00, 0x00, 0x3F, 0xF8, 0x00,
  0x00, 0x38, 0x18, 0x00, 0x00, 0x38, 0x18, 0x00, 0x00, 0x38, 0x1C, 0x00,
  0x00, 0x7E, 0x7E, 0x00, 0x00, 0x7E, 0x7E, 0x00, 0x00, 0x00, 0x00, 0x00,
  0x00, 0x00, 0x00, 0x00, 0x00, 0x00, 0x00, 0x00, 0x00, 0x00, 0x00, 0x00,
  0x00, 0x00, 0x00, 0x00, 0x00, 0x00, 0x00, 0x00, 0x00, 0x00, 0x00, 0x00,
  0x00, 0x00, 0x00, 0x00, 0x00, 0x00, 0x00, 0x00,
};

const uint8_t bitmap_mlb_hou_layer_2[] PROGMEM = {
  0x00, 0x00, 0x00, 0x00, 0x00, 0x00, 0x00, 0x00, 0x00, 0x10, 0x08, 0x00,
  0x00, 0x4D, 0xB2, 0x00, 0x00, 0x20, 0x04, 0x00, 0x02, 0x80, 0x01, 0x40,
  0x05, 0x02, 0x40, 0xA0, 0x02, 0x00, 0x00, 0x40, 0x04, 0x00, 0x00, 0x20,
  0x10, 0xF8, 0x1F, 0x08, 0x00, 0x80, 0x01, 0x00, 0x2F, 0x80, 0x01, 0xF4,
  0x00, 0x00, 0x00, 0x00, 0x14, 0x00, 0x00, 0x28, 0x02, 0x00, 0x00, 0x40,
  0x00, 0x00, 0x00, 0x00, 0x00, 0x40, 0x02, 0x00, 0x00, 0x00, 0x04, 0x00,
  0x10, 0x00, 0x04, 0x08, 0x10, 0x00, 0x04, 0x08, 0x20, 0x00, 0x00, 0x04,
  0x08, 0x81, 0x81, 0x10, 0x10, 0x80, 0x01, 0x08, 0x04, 0x8E, 0x70, 0x20,
  0x02, 0x90, 0x09, 0x40, 0x04, 0x80, 0x01, 0x20, 0x02, 0x00, 0x00, 0x40,
  0x00, 0x20, 0x04, 0x00, 0x00, 0x4C, 0x32, 0x00, 0x00, 0x10, 0x08, 0x00,
  0x00, 0x00, 0x00, 0x00, 0x00, 0x00, 0x00, 0x00,
};

const uint8_t bitmap_mlb_hou_layer_3[] PROGMEM = {
  0x00, 0x00, 0x00, 0x00, 0x00, 0x00, 0x00, 0x00, 0x00, 0x00, 0x00, 0x00,
  0x00, 0x00, 0x00, 0x00, 0x00, 0x00, 0x00, 0x00, 0x01, 0x01, 0x80, 0x80,
  0x02, 0x01, 0x80, 0x40, 0x04, 0x01, 0x80, 0x20, 0x00, 0x03, 0xC0, 0x00,
  0x00, 0x01, 0xC0, 0x00, 0x00, 0x01, 0x80, 0x00, 0x10, 0x01, 0x80, 0x08,
  0x07, 0xC7, 0xE3, 0xE0, 0x03, 0xC7, 0xE7, 0xC0, 0x00, 0xC7, 0xE7, 0x00,
  0x00, 0x40, 0x06, 0x00, 0x00, 0x00, 0x04, 0x00, 0x00, 0x00, 0x00, 0x00,
  0x00, 0x07, 0xE0, 0x00, 0x00, 0x07, 0xE0, 0x00, 0x00, 0x07, 0xE0, 0x00,
  0x00, 0x00, 0x00, 0x00, 0x00, 0x00, 0x00, 0x00, 0x00, 0x70, 0x0E, 0x00,
  0x04, 0x60, 0x06, 0x20, 0x02, 0x00, 0x00, 0x40, 0x01, 0x00, 0x00, 0x80,
  0x00, 0x00, 0x00, 0x00, 0x00, 0x00, 0x00, 0x00, 0x00, 0x00, 0x00, 0x00,
  0x00, 0x00, 0x00, 0x00, 0x00, 0x00, 0x00, 0x00,
};

const uint8_t bitmap_mlb_hou_layer_4[] PROGMEM = {
  0x00, 0x00, 0x00, 0x00, 0x00, 0x00, 0x00, 0x00, 0x00, 0x0F, 0xF0, 0x00,
  0x00, 0x30, 0x0C, 0x00, 0x00, 0xC1, 0x83, 0x00, 0x00, 0x00, 0x00, 0x00,
  0x00, 0x00, 0x00, 0x00, 0x00, 0x02, 0x40, 0x00, 0x08, 0x00, 0x00, 0x10,
  0x08, 0x00, 0x00, 0x10, 0x10, 0x00, 0x00, 0x08, 0x00, 0x00, 0x00, 0x00,
  0x38, 0x00, 0x00, 0x1C, 0x20, 0x00, 0x00, 0x04, 0x21, 0x00, 0x00, 0x84,
  0x20, 0x80, 0x01, 0x04, 0x20, 0x00, 0x00, 0x04, 0x20, 0x00, 0x00, 0x04,
  0x20, 0x00, 0x00, 0x04, 0x20, 0x00, 0x00, 0x04, 0x10, 0x00, 0x00, 0x08,
  0x10, 0x00, 0x00, 0x08, 0x08, 0x00, 0x00, 0x10, 0x08, 0x00, 0x00, 0x10,
  0x00, 0x00, 0x00, 0x00, 0x00, 0x40, 0x02, 0x00, 0x00, 0x80, 0x01, 0x00,
  0x00, 0xC0, 0x03, 0x00, 0x00, 0x30, 0x0C, 0x00, 0x00, 0x0F, 0xF0, 0x00,
  0x00, 0x00, 0x00, 0x00, 0x00, 0x00, 0x00, 0x00,
};

const SportsLogoLayerDef layers_mlb_hou[] = {
  { bitmap_mlb_hou_layer_0, 6, 43, 99 },
  { bitmap_mlb_hou_layer_1, 255, 255, 255 },
  { bitmap_mlb_hou_layer_2, 95, 85, 92 },
  { bitmap_mlb_hou_layer_3, 246, 131, 35 },
  { bitmap_mlb_hou_layer_4, 196, 98, 32 },
};

const uint8_t bitmap_mlb_kc_layer_0[] PROGMEM = {
  0x00, 0x00, 0x00, 0x00, 0x7F, 0xBF, 0x80, 0x00, 0x7F, 0x3F, 0x00, 0x00,
  0x1E, 0x1C, 0x00, 0x00, 0x1E, 0x18, 0x00, 0x00, 0x1E, 0x30, 0x00, 0x00,
  0x1E, 0x70, 0x00, 0x00, 0x1E, 0x60, 0x00, 0x0C, 0x1E, 0xC0, 0x07, 0xFC,
  0x1E, 0xC0, 0x1F, 0xFC, 0x1F, 0x80, 0x38, 0x3C, 0x1F, 0xE0, 0x30, 0x1C,
  0x1F, 0xF0, 0x70, 0x1C, 0x1E, 0x38, 0x70, 0x0C, 0x1E, 0x1C, 0xE0, 0x0C,
  0x1E, 0x1C, 0xE0, 0x0C, 0x1E, 0x0E, 0xE0, 0x00, 0x1E, 0x0E, 0xE0, 0x00,
  0x1E, 0x07, 0xE0, 0x00, 0x1E, 0x07, 0xE0, 0x00, 0x1E, 0x03, 0xE0, 0x00,
  0x1E, 0x03, 0xE0, 0x00, 0x7F, 0x81, 0xE0, 0x00, 0x7F, 0x81, 0xE0, 0x00,
  0x00, 0x00, 0xF0, 0x1C, 0x00, 0x00, 0xF0, 0x1C, 0x00, 0x00, 0x70, 0x0C,
  0x00, 0x00, 0x38, 0x0C, 0x00, 0x00, 0x3C, 0x18, 0x00, 0x00, 0x0F, 0xF8,
  0x00, 0x00, 0x07, 0xE0, 0x00, 0x00, 0x00, 0x00,
};

const SportsLogoLayerDef layers_mlb_kc[] = {
  { bitmap_mlb_kc_layer_0, 10, 42, 117 },
};

const uint8_t bitmap_mlb_laa_layer_0[] PROGMEM = {
  0x00, 0x00, 0x00, 0x00, 0x00, 0x03, 0x80, 0x00, 0x00, 0x02, 0x80, 0x00,
  0x00, 0x02, 0x80, 0x00, 0x00, 0x04, 0x40, 0x00, 0x00, 0x30, 0x10, 0x00,
  0x00, 0x47, 0xC4, 0x00, 0x00, 0x90, 0x10, 0x00, 0x00, 0xA0, 0x0A, 0x00,
  0x00, 0x18, 0x30, 0x00, 0x00, 0x40, 0x00, 0x00, 0x00, 0x10, 0x10, 0x00,
  0x00, 0x10, 0x10, 0x00, 0x00, 0x10, 0x10, 0x00, 0x00, 0x00, 0x00, 0x00,
  0x00, 0x20, 0x08, 0x00, 0x00, 0x20, 0x08, 0x00, 0x00, 0xC0, 0x04, 0x00,
  0x00, 0xC1, 0x04, 0x00, 0x00, 0x41, 0x04, 0x00, 0x00, 0x41, 0x04, 0x00,
  0x00, 0x82, 0x80, 0x00, 0x00, 0x80, 0x02, 0x00, 0x00, 0x80, 0x02, 0x00,
  0x00, 0x00, 0x02, 0x00, 0x01, 0x00, 0x01, 0x00, 0x01, 0x00, 0x01, 0x00,
  0x01, 0x07, 0xC1, 0x00, 0x02, 0x08, 0x20, 0x80, 0x02, 0x08, 0x20, 0x80,
  0x07, 0xFC, 0x7F, 0xC0, 0x00, 0x00, 0x00, 0x00,
};

const uint8_t bitmap_mlb_laa_layer_1[] PROGMEM = {
  0x00, 0x00, 0x00, 0x00, 0x00, 0x00, 0x00, 0x00, 0x00, 0x00, 0x00, 0x00,
  0x00, 0x00, 0x00, 0x00, 0x00, 0x00, 0x00, 0x00, 0x00, 0x00, 0x00, 0x00,
  0x00, 0x00, 0x00, 0x00, 0x00, 0x01, 0x00, 0x00, 0x00, 0x01, 0x00, 0x00,
  0x00, 0x01, 0x80, 0x00, 0x00, 0x01, 0x80, 0x00, 0x00, 0x03, 0x80, 0x00,
  0x00, 0x03, 0xC0, 0x00, 0x00, 0x03, 0x40, 0x00, 0x00, 0x06, 0x40, 0x00,
  0x00, 0x06, 0x40, 0x00, 0x00, 0x04, 0x60, 0x00, 0x00, 0x04, 0x20, 0x00,
  0x00, 0x04, 0x30, 0x00, 0x00, 0x0C, 0x30, 0x00, 0x00, 0x08, 0x30, 0x00,
  0x00, 0x18, 0x10, 0x00, 0x00, 0x18, 0x18, 0x00, 0x00, 0x18, 0x18, 0x00,
  0x00, 0x1F, 0xF8, 0x00, 0x00, 0x30, 0x08, 0x00, 0x00, 0x30, 0x0C, 0x00,
  0x00, 0x20, 0x04, 0x00, 0x00, 0x60, 0x04, 0x00, 0x00, 0x00, 0x00, 0x00,
  0x00, 0x00, 0x00, 0x00, 0x00, 0x00, 0x00, 0x00,
};

const uint8_t bitmap_mlb_laa_layer_2[] PROGMEM = {
  0x00, 0x00, 0x00, 0x00, 0x00, 0x00, 0x00, 0x00, 0x00, 0x00, 0x00, 0x00,
  0x00, 0x01, 0x00, 0x00, 0x00, 0x01, 0x00, 0x00, 0x00, 0x02, 0x80, 0x00,
  0x00, 0x00, 0x00, 0x00, 0x00, 0x06, 0x80, 0x00, 0x00, 0x4C, 0x64, 0x00,
  0x00, 0x00, 0x00, 0x00, 0x00, 0x00, 0x00, 0x00, 0x00, 0x04, 0x00, 0x00,
  0x00, 0x00, 0x00, 0x00, 0x00, 0x08, 0x20, 0x00, 0x00, 0x08, 0x00, 0x00,
  0x00, 0x01, 0x00, 0x00, 0x00, 0x11, 0x10, 0x00, 0x00, 0x01, 0x80, 0x00,
  0x00, 0x22, 0x88, 0x00, 0x00, 0x20, 0x88, 0x00, 0x00, 0x20, 0x48, 0x00,
  0x00, 0x24, 0x40, 0x00, 0x00, 0x04, 0x40, 0x00, 0x00, 0x40, 0x04, 0x00,
  0x00, 0x40, 0x04, 0x00, 0x00, 0x00, 0x00, 0x00, 0x00, 0x8F, 0xE2, 0x00,
  0x00, 0x80, 0x12, 0x00, 0x00, 0x10, 0x10, 0x00, 0x01, 0xF0, 0x1F, 0x00,
  0x00, 0x00, 0x00, 0x00, 0x00, 0x00, 0x00, 0x00,
};

const uint8_t bitmap_mlb_laa_layer_3[] PROGMEM = {
  0x00, 0x00, 0x00, 0x00, 0x00, 0x00, 0x00, 0x00, 0x00, 0x01, 0x00, 0x00,
  0x00, 0x00, 0x00, 0x00, 0x00, 0x02, 0x80, 0x00, 0x00, 0x0C, 0x60, 0x00,
  0x00, 0x38, 0x38, 0x00, 0x00, 0x68, 0x6C, 0x00, 0x00, 0x10, 0x10, 0x00,
  0x00, 0x64, 0x4C, 0x00, 0x00, 0x3C, 0x78, 0x00, 0x00, 0x08, 0x20, 0x00,
  0x00, 0x08, 0x20, 0x00, 0x00, 0x00, 0x00, 0x00, 0x00, 0x10, 0x10, 0x00,
  0x00, 0x10, 0x10, 0x00, 0x00, 0x00, 0x00, 0x00, 0x00, 0x20, 0x08, 0x00,
  0x00, 0x00, 0x00, 0x00, 0x00, 0x02, 0x00, 0x00, 0x00, 0x02, 0x80, 0x00,
  0x00, 0x40, 0x04, 0x00, 0x00, 0x43, 0x84, 0x00, 0x00, 0x00, 0x00, 0x00,
  0x00, 0x80, 0x00, 0x00, 0x00, 0x80, 0x02, 0x00, 0x00, 0x00, 0x00, 0x00,
  0x00, 0x08, 0x20, 0x00, 0x01, 0x00, 0x01, 0x00, 0x00, 0x00, 0x00, 0x00,
  0x00, 0x00, 0x00, 0x00, 0x00, 0x00, 0x00, 0x00,
};

const uint8_t bitmap_mlb_laa_layer_4[] PROGMEM = {
  0x00, 0x00, 0x00, 0x00, 0x00, 0x00, 0x00, 0x00, 0x00, 0x00, 0x00, 0x00,
  0x00, 0x00, 0x00, 0x00, 0x00, 0x00, 0x00, 0x00, 0x00, 0x01, 0x00, 0x00,
  0x00, 0x00, 0x00, 0x00, 0x00, 0x00, 0x00, 0x00, 0x00, 0x02, 0x80, 0x00,
  0x00, 0x02, 0x00, 0x00, 0x00, 0x02, 0x00, 0x00, 0x00, 0x00, 0x40, 0x00,
  0x00, 0x04, 0x00, 0x00, 0x00, 0x04, 0x80, 0x00, 0x00, 0x01, 0xA0, 0x00,
  0x00, 0x08, 0xA0, 0x00, 0x00, 0x0A, 0x80, 0x00, 0x00, 0x1A, 0x50, 0x00,
  0x00, 0x18, 0x40, 0x00, 0x00, 0x10, 0x40, 0x00, 0x00, 0x14, 0x00, 0x00,
  0x00, 0x00, 0x28, 0x00, 0x00, 0x20, 0x20, 0x00, 0x00, 0x27, 0xE0, 0x00,
  0x00, 0x20, 0x00, 0x00, 0x00, 0x4F, 0xF4, 0x00, 0x00, 0x40, 0x10, 0x00,
  0x00, 0x50, 0x08, 0x00, 0x00, 0x80, 0x0A, 0x00, 0x00, 0x00, 0x00, 0x00,
  0x00, 0x00, 0x00, 0x00, 0x00, 0x00, 0x00, 0x00,
};

const SportsLogoLayerDef layers_mlb_laa[] = {
  { bitmap_mlb_laa_layer_0, 186, 201, 215 },
  { bitmap_mlb_laa_layer_1, 206, 10, 32 },
  { bitmap_mlb_laa_layer_2, 44, 44, 92 },
  { bitmap_mlb_laa_layer_3, 87, 116, 154 },
  { bitmap_mlb_laa_layer_4, 142, 24, 48 },
};

const uint8_t bitmap_mlb_lad_layer_0[] PROGMEM = {
  0x00, 0x00, 0x00, 0x00, 0x07, 0xF8, 0x00, 0x00, 0x07, 0xF8, 0x00, 0x00,
  0x07, 0xF8, 0x00, 0x00, 0x01, 0xE0, 0x00, 0x00, 0x01, 0xE0, 0x00, 0x00,
  0x01, 0xE0, 0x00, 0x00, 0x01, 0xE0, 0x00, 0x00, 0x01, 0xE3, 0xE0, 0x00,
  0x01, 0xE3, 0xE0, 0x00, 0x01, 0xE7, 0xE0, 0x00, 0x01, 0xE7, 0xF0, 0x00,
  0x01, 0xE7, 0xF0, 0x00, 0x01, 0xE7, 0xF0, 0x00, 0x01, 0xEF, 0x70, 0x00,
  0x01, 0xEF, 0x78, 0x00, 0x01, 0xEF, 0x78, 0x00, 0x01, 0xEF, 0x79, 0xC0,
  0x01, 0xEE, 0x79, 0xC0, 0x01, 0xDE, 0x39, 0xC0, 0x07, 0xFF, 0xFF, 0xC0,
  0x07, 0xFF, 0xFF, 0xC0, 0x07, 0xFF, 0xFF, 0xC0, 0x07, 0xFF, 0xFF, 0xC0,
  0x00, 0x3C, 0x1E, 0x00, 0x00, 0x3C, 0x1E, 0x00, 0x00, 0x38, 0x1E, 0x00,
  0x00, 0x78, 0x1F, 0x00, 0x01, 0xFE, 0x3F, 0xC0, 0x01, 0xFE, 0x3F, 0xC0,
  0x01, 0xFE, 0x3F, 0xC0, 0x00, 0x00, 0x00, 0x00,
};

const SportsLogoLayerDef layers_mlb_lad[] = {
  { bitmap_mlb_lad_layer_0, 0, 91, 163 },
};

const uint8_t bitmap_mlb_mia_layer_0[] PROGMEM = {
  0x00, 0x00, 0x00, 0x00, 0x00, 0x00, 0x00, 0x00, 0x00, 0x00, 0x00, 0x00,
  0x00, 0x00, 0x00, 0x00, 0x00, 0x00, 0x00, 0x00, 0x00, 0x00, 0x00, 0x00,
  0x00, 0x00, 0x00, 0x00, 0x00, 0x04, 0x00, 0x00, 0x00, 0x3F, 0x80, 0x00,
  0x00, 0xBE, 0x00, 0x00, 0x00, 0x7F, 0x00, 0x70, 0x00, 0x1C, 0x00, 0xE0,
  0x00, 0x60, 0x03, 0xE0, 0x07, 0x8E, 0x03, 0xC0, 0x07, 0x3E, 0x07, 0xC0,
  0x06, 0x76, 0x0C, 0xC0, 0x06, 0x36, 0x19, 0x80, 0x02, 0x63, 0x31, 0x80,
  0x02, 0x63, 0x31, 0x80, 0x00, 0x62, 0xE3, 0x00, 0x00, 0xC5, 0xC3, 0x00,
  0x00, 0xCB, 0x83, 0x00, 0x00, 0xD1, 0x86, 0x00, 0x01, 0x91, 0x06, 0x00,
  0x01, 0x80, 0x06, 0x00, 0x01, 0x80, 0x0C, 0x00, 0x03, 0x00, 0x0C, 0x00,
  0x02, 0x00, 0x00, 0x00, 0x00, 0x00, 0x00, 0x00, 0x00, 0x00, 0x00, 0x00,
  0x00, 0x00, 0x00, 0x00, 0x00, 0x00, 0x00, 0x00,
};

const uint8_t bitmap_mlb_mia_layer_1[] PROGMEM = {
  0x00, 0x00, 0x00, 0x00, 0x00, 0x00, 0x00, 0x00, 0x00, 0x30, 0x00, 0x00,
  0x00, 0x28, 0x00, 0x00, 0x00, 0x24, 0x00, 0x00, 0x00, 0x00, 0x00, 0x00,
  0x00, 0x0A, 0x0F, 0x00, 0x00, 0x41, 0x82, 0x00, 0x01, 0x00, 0x00, 0x3E,
  0x02, 0x00, 0x40, 0xC4, 0x04, 0x00, 0x09, 0x08, 0x0F, 0xC0, 0x02, 0x00,
  0x38, 0x01, 0x04, 0x10, 0x00, 0x01, 0x08, 0x10, 0x00, 0x00, 0x00, 0x00,
  0x00, 0x00, 0x00, 0x20, 0x00, 0x88, 0x82, 0x20, 0x08, 0x08, 0xC4, 0x00,
  0x00, 0x00, 0x8C, 0x40, 0x04, 0x10, 0x00, 0x40, 0x00, 0x10, 0x10, 0x00,
  0x00, 0x00, 0x20, 0x80, 0x00, 0x00, 0x48, 0x80, 0x02, 0x20, 0x80, 0x00,
  0x00, 0x20, 0x81, 0x00, 0x00, 0x63, 0x11, 0x00, 0x04, 0x20, 0x01, 0x00,
  0x00, 0x80, 0x1F, 0x00, 0x0B, 0x00, 0x00, 0x00, 0x00, 0x08, 0x00, 0x00,
  0x00, 0x00, 0x00, 0x00, 0x00, 0x00, 0x00, 0x00,
};

const uint8_t bitmap_mlb_mia_layer_2[] PROGMEM = {
  0x00, 0x00, 0x00, 0x00, 0x00, 0x00, 0x00, 0x00, 0x00, 0x00, 0x00, 0x00,
  0x00, 0x10, 0x00, 0x00, 0x00, 0x08, 0x00, 0x00, 0x00, 0x3C, 0x00, 0x00,
  0x00, 0x34, 0x00, 0x00, 0x00, 0x1A, 0x7C, 0x00, 0x00, 0x80, 0x10, 0x00,
  0x00, 0x00, 0x30, 0x28, 0x00, 0x00, 0x30, 0x80, 0x00, 0x20, 0x80, 0x10,
  0x07, 0x82, 0x00, 0x00, 0x08, 0x20, 0x00, 0x20, 0x08, 0x01, 0x00, 0x20,
  0x08, 0x89, 0x12, 0x00, 0x08, 0x00, 0x24, 0x00, 0x00, 0x80, 0x02, 0x40,
  0x04, 0x94, 0x00, 0x00, 0x00, 0x04, 0x14, 0x00, 0x01, 0x00, 0x24, 0x80,
  0x01, 0x24, 0x00, 0x00, 0x00, 0x26, 0x00, 0x00, 0x00, 0x0A, 0x09, 0x00,
  0x02, 0x4B, 0x00, 0x00, 0x00, 0x08, 0x00, 0x00, 0x00, 0x88, 0x12, 0x00,
  0x01, 0x10, 0x00, 0x00, 0x04, 0x18, 0x00, 0x00, 0x00, 0x00, 0x00, 0x00,
  0x00, 0x00, 0x00, 0x00, 0x00, 0x00, 0x00, 0x00,
};

const uint8_t bitmap_mlb_mia_layer_3[] PROGMEM = {
  0x00, 0x00, 0x00, 0x00, 0x00, 0x00, 0x00, 0x00, 0x00, 0x00, 0x00, 0x00,
  0x00, 0x00, 0x00, 0x00, 0x00, 0x10, 0x00, 0x00, 0x00, 0x00, 0x00, 0x00,
  0x00, 0x00, 0x00, 0x00, 0x00, 0x20, 0x00, 0x00, 0x00, 0x40, 0x60, 0x00,
  0x01, 0x41, 0x80, 0x10, 0x03, 0x80, 0xC0, 0x00, 0x00, 0x03, 0x01, 0x00,
  0x00, 0x1C, 0x00, 0x00, 0x00, 0x50, 0x04, 0x00, 0x00, 0xC0, 0x08, 0x00,
  0x01, 0x00, 0x01, 0x00, 0x01, 0x41, 0x00, 0x40, 0x04, 0x14, 0x08, 0x00,
  0x00, 0x00, 0x42, 0x00, 0x02, 0x81, 0x00, 0x80, 0x00, 0x2A, 0x00, 0x00,
  0x00, 0x10, 0x44, 0x00, 0x01, 0x08, 0x01, 0x00, 0x00, 0x40, 0x00, 0x00,
  0x00, 0x10, 0x08, 0x00, 0x02, 0x10, 0x02, 0x00, 0x00, 0x10, 0x00, 0x00,
  0x04, 0x08, 0x00, 0x00, 0x00, 0x00, 0x00, 0x00, 0x00, 0x00, 0x00, 0x00,
  0x00, 0x00, 0x00, 0x00, 0x00, 0x00, 0x00, 0x00,
};

const uint8_t bitmap_mlb_mia_layer_4[] PROGMEM = {
  0x00, 0x00, 0x00, 0x00, 0x00, 0x00, 0x00, 0x00, 0x00, 0x00, 0x00, 0x00,
  0x00, 0x00, 0x00, 0x00, 0x00, 0x00, 0x00, 0x00, 0x00, 0x00, 0x00, 0x00,
  0x00, 0x00, 0x00, 0x00, 0x00, 0x00, 0x00, 0x00, 0x00, 0x00, 0x00, 0x00,
  0x00, 0x00, 0x00, 0x00, 0x00, 0x00, 0x02, 0x00, 0x00, 0x00, 0x04, 0x00,
  0x00, 0x00, 0x08, 0x00, 0x00, 0x00, 0x10, 0x00, 0x00, 0x00, 0x30, 0x00,
  0x00, 0x00, 0x20, 0x00, 0x00, 0x00, 0x40, 0x00, 0x01, 0x00, 0x00, 0x00,
  0x01, 0x08, 0x00, 0x00, 0x01, 0x08, 0x08, 0x00, 0x02, 0x00, 0x08, 0x00,
  0x02, 0x00, 0x08, 0x00, 0x02, 0x00, 0x10, 0x00, 0x04, 0x04, 0x10, 0x00,
  0x04, 0x04, 0x10, 0x00, 0x04, 0x00, 0x20, 0x00, 0x08, 0x02, 0x20, 0x00,
  0x18, 0x00, 0x20, 0x00, 0x30, 0x00, 0x3E, 0x00, 0x7C, 0x00, 0x00, 0x00,
  0x00, 0x00, 0x00, 0x00, 0x00, 0x00, 0x00, 0x00,
};

const SportsLogoLayerDef layers_mlb_mia[] = {
  { bitmap_mlb_mia_layer_0, 0, 0, 0 },
  { bitmap_mlb_mia_layer_1, 29, 137, 186 },
  { bitmap_mlb_mia_layer_2, 13, 80, 108 },
  { bitmap_mlb_mia_layer_3, 15, 37, 48 },
  { bitmap_mlb_mia_layer_4, 178, 89, 118 },
};

const uint8_t bitmap_mlb_mil_layer_0[] PROGMEM = {
  0x00, 0x00, 0x00, 0x00, 0x00, 0x00, 0x00, 0x00, 0x00, 0x00, 0x00, 0x00,
  0x00, 0x3E, 0xF8, 0x00, 0x00, 0x7F, 0x7F, 0x80, 0x00, 0x9E, 0x7D, 0xC0,
  0x01, 0x1E, 0x79, 0xE0, 0x06, 0x1E, 0x79, 0xE0, 0x0E, 0x1E, 0x79, 0xE0,
  0x0E, 0x1E, 0x79, 0xE0, 0x0F, 0x1E, 0x79, 0xE0, 0x0F, 0x1E, 0x19, 0xE0,
  0x0F, 0x98, 0x01, 0xE0, 0x0F, 0x80, 0x01, 0xE0, 0x0F, 0x87, 0xF8, 0xE0,
  0x07, 0xCF, 0xFC, 0x60, 0x07, 0xDE, 0x1E, 0x20, 0x03, 0xF8, 0x0F, 0x20,
  0x03, 0xF8, 0x07, 0x20, 0x03, 0xF0, 0x03, 0x00, 0x01, 0xF0, 0x03, 0x00,
  0x01, 0xF0, 0x03, 0x80, 0x01, 0xF0, 0x03, 0x00, 0x00, 0xF0, 0x03, 0x00,
  0x00, 0xF8, 0x07, 0x00, 0x00, 0x7C, 0x0E, 0x00, 0x00, 0x3E, 0x3E, 0x00,
  0x00, 0x1F, 0xFC, 0x00, 0x00, 0x0F, 0xF0, 0x00, 0x00, 0x00, 0x00, 0x00,
  0x00, 0x00, 0x00, 0x00, 0x00, 0x00, 0x00, 0x00,
};

const uint8_t bitmap_mlb_mil_layer_1[] PROGMEM = {
  0x00, 0x00, 0x00, 0x00, 0x00, 0x3F, 0xF8, 0x00, 0x00, 0x61, 0x0F, 0x80,
  0x00, 0xC0, 0x06, 0xE0, 0x03, 0x00, 0x00, 0x30, 0x06, 0x00, 0x80, 0x10,
  0x0C, 0x60, 0x82, 0x08, 0x18, 0xE0, 0x82, 0x08, 0x30, 0xE0, 0x82, 0x08,
  0x20, 0xE0, 0x82, 0x08, 0x20, 0xE0, 0x82, 0x08, 0x20, 0x60, 0x82, 0x08,
  0x20, 0x63, 0xF2, 0x08, 0x20, 0x2C, 0x0E, 0x08, 0x10, 0x30, 0x02, 0x08,
  0x10, 0x20, 0x01, 0x08, 0x18, 0x00, 0x00, 0x88, 0x08, 0x03, 0xE0, 0x88,
  0x08, 0x06, 0x10, 0x58, 0x0C, 0x06, 0x38, 0x50, 0x04, 0x09, 0x28, 0x70,
  0x04, 0x09, 0x20, 0x60, 0x02, 0x09, 0x28, 0x60, 0x02, 0x06, 0x18, 0x60,
  0x03, 0x06, 0x10, 0x40, 0x01, 0x01, 0xE0, 0xC0, 0x01, 0x80, 0x01, 0x80,
  0x00, 0xC0, 0x01, 0x00, 0x00, 0x60, 0x06, 0x00, 0x00, 0x18, 0x0C, 0x00,
  0x00, 0x0F, 0xF8, 0x00, 0x00, 0x00, 0x00, 0x00,
};

const uint8_t bitmap_mlb_mil_layer_2[] PROGMEM = {
  0x00, 0x00, 0x00, 0x00, 0x00, 0x00, 0x00, 0x00, 0x00, 0x0C, 0x60, 0x00,
  0x00, 0x01, 0x00, 0x00, 0x00, 0x00, 0x80, 0x00, 0x01, 0x61, 0x02, 0x20,
  0x02, 0x81, 0x04, 0x00, 0x01, 0x01, 0x04, 0x10, 0x00, 0x01, 0x04, 0x10,
  0x01, 0x01, 0x04, 0x10, 0x10, 0x01, 0x04, 0x10, 0x10, 0x01, 0x64, 0x10,
  0x10, 0x00, 0x00, 0x10, 0x00, 0x11, 0xE0, 0x10, 0x00, 0x40, 0x00, 0x10,
  0x00, 0x00, 0x00, 0x10, 0x00, 0x21, 0x20, 0x50, 0x04, 0x04, 0x00, 0x00,
  0x00, 0x00, 0x00, 0x00, 0x00, 0x00, 0x04, 0x80, 0x02, 0x00, 0x00, 0x80,
  0x00, 0x00, 0x00, 0x00, 0x00, 0x00, 0x00, 0x80, 0x00, 0x00, 0x04, 0x80,
  0x00, 0x00, 0x00, 0x00, 0x00, 0x00, 0x01, 0x00, 0x00, 0x41, 0xC0, 0x00,
  0x00, 0x20, 0x00, 0x00, 0x00, 0x00, 0x08, 0x00, 0x00, 0x03, 0xE0, 0x00,
  0x00, 0x00, 0x00, 0x00, 0x00, 0x00, 0x00, 0x00,
};

const uint8_t bitmap_mlb_mil_layer_3[] PROGMEM = {
  0x00, 0x00, 0x00, 0x00, 0x00, 0x00, 0x00, 0x00, 0x00, 0x12, 0x90, 0x00,
  0x00, 0x00, 0x01, 0x00, 0x00, 0x80, 0x00, 0x40, 0x00, 0x00, 0x00, 0x00,
  0x00, 0x00, 0x00, 0x10, 0x00, 0x00, 0x00, 0x00, 0x01, 0x00, 0x00, 0x00,
  0x10, 0x00, 0x00, 0x00, 0x00, 0x00, 0x00, 0x00, 0x00, 0x80, 0x00, 0x00,
  0x00, 0x04, 0x0C, 0x00, 0x10, 0x42, 0x10, 0x00, 0x00, 0x08, 0x05, 0x00,
  0x08, 0x10, 0x02, 0x80, 0x00, 0x00, 0xC1, 0x00, 0x00, 0x00, 0x10, 0x50,
  0x04, 0x00, 0x08, 0x80, 0x00, 0x08, 0x00, 0x20, 0x00, 0x00, 0x04, 0x00,
  0x02, 0x00, 0x04, 0x00, 0x00, 0x00, 0x04, 0x00, 0x01, 0x08, 0x00, 0x00,
  0x00, 0x00, 0x08, 0x80, 0x00, 0x82, 0x10, 0x00, 0x00, 0x00, 0x00, 0x00,
  0x00, 0x00, 0x02, 0x00, 0x00, 0x10, 0x00, 0x00, 0x00, 0x04, 0x10, 0x00,
  0x00, 0x00, 0x00, 0x00, 0x00, 0x00, 0x00, 0x00,
};

const uint8_t bitmap_mlb_mil_layer_4[] PROGMEM = {
  0x00, 0x00, 0x00, 0x00, 0x00, 0x00, 0x00, 0x00, 0x00, 0x00, 0x00, 0x00,
  0x00, 0x00, 0x00, 0x00, 0x00, 0x00, 0x00, 0x00, 0x00, 0x00, 0x00, 0x00,
  0x00, 0x00, 0x00, 0x00, 0x00, 0x00, 0x00, 0x00, 0x00, 0x00, 0x00, 0x00,
  0x00, 0x00, 0x00, 0x00, 0x00, 0x00, 0x00, 0x00, 0x00, 0x00, 0x00, 0x00,
  0x00, 0x00, 0x00, 0x00, 0x00, 0x00, 0x00, 0x00, 0x00, 0x00, 0x00, 0x00,
  0x00, 0x00, 0x00, 0x00, 0x00, 0x00, 0x00, 0x00, 0x00, 0x00, 0x00, 0x00,
  0x00, 0x01, 0xE0, 0x00, 0x00, 0x01, 0xC0, 0x00, 0x00, 0x06, 0xD0, 0x00,
  0x00, 0x06, 0xD8, 0x00, 0x00, 0x06, 0xD0, 0x00, 0x00, 0x01, 0xE0, 0x00,
  0x00, 0x01, 0xE0, 0x00, 0x00, 0x00, 0x00, 0x00, 0x00, 0x00, 0x00, 0x00,
  0x00, 0x00, 0x00, 0x00, 0x00, 0x00, 0x00, 0x00, 0x00, 0x00, 0x00, 0x00,
  0x00, 0x00, 0x00, 0x00, 0x00, 0x00, 0x00, 0x00,
};

const SportsLogoLayerDef layers_mlb_mil[] = {
  { bitmap_mlb_mil_layer_0, 4, 33, 76 },
  { bitmap_mlb_mil_layer_1, 247, 201, 12 },
  { bitmap_mlb_mil_layer_2, 65, 76, 57 },
  { bitmap_mlb_mil_layer_3, 153, 133, 30 },
  { bitmap_mlb_mil_layer_4, 254, 247, 221 },
};

const uint8_t bitmap_mlb_min_layer_0[] PROGMEM = {
  0x00, 0x00, 0x00, 0x00, 0x00, 0x00, 0x00, 0x00, 0x00, 0x00, 0x00, 0x00,
  0x00, 0x00, 0x00, 0x00, 0x00, 0x00, 0x00, 0x00, 0x00, 0x00, 0x00, 0x00,
  0x00, 0x00, 0x00, 0x00, 0x00, 0x00, 0x00, 0x00, 0x00, 0x0E, 0x0E, 0x00,
  0x00, 0x3E, 0x0F, 0x80, 0x00, 0xFE, 0x0F, 0xE0, 0x01, 0xFE, 0x0F, 0xF0,
  0x03, 0xF8, 0x03, 0xF8, 0x07, 0xE0, 0x00, 0xF8, 0x0F, 0xC0, 0x00, 0x7C,
  0x1F, 0x80, 0x00, 0x3C, 0x3F, 0x80, 0x00, 0x00, 0x3F, 0x80, 0x00, 0x00,
  0x1F, 0x80, 0x00, 0x00, 0x0F, 0xC0, 0x00, 0x7C, 0x07, 0xE0, 0x00, 0xFC,
  0x03, 0xF0, 0x03, 0xF8, 0x01, 0xFE, 0x0F, 0xF0, 0x00, 0xFF, 0xFF, 0xE0,
  0x00, 0x3F, 0xFF, 0xC0, 0x00, 0x0F, 0xFE, 0x00, 0x00, 0x00, 0x00, 0x00,
  0x00, 0x00, 0x00, 0x00, 0x00, 0x00, 0x00, 0x00, 0x00, 0x00, 0x00, 0x00,
  0x00, 0x00, 0x00, 0x00, 0x00, 0x00, 0x00, 0x00,
};

const uint8_t bitmap_mlb_min_layer_1[] PROGMEM = {
  0x00, 0x00, 0x00, 0x00, 0x00, 0x7F, 0xFF, 0xC0, 0x03, 0xFF, 0xFF, 0xF8,
  0x03, 0xFF, 0xFF, 0xF8, 0x07, 0xFF, 0xFF, 0xF8, 0x07, 0xC1, 0xF0, 0xF8,
  0x07, 0x01, 0xF0, 0x1C, 0x04, 0x01, 0xF0, 0x08, 0x00, 0x00, 0xE0, 0x00,
  0x00, 0x00, 0xE0, 0x00, 0x00, 0x00, 0xE0, 0x00, 0x00, 0x00, 0xE0, 0x00,
  0x00, 0x01, 0xE0, 0x00, 0x00, 0x01, 0xF0, 0x00, 0x00, 0x01, 0xF0, 0x00,
  0x00, 0x01, 0xF0, 0x00, 0x00, 0x01, 0xF0, 0x00, 0x00, 0x01, 0xF0, 0x00,
  0x00, 0x01, 0xF0, 0x00, 0x00, 0x01, 0xF0, 0x00, 0x00, 0x01, 0xF0, 0x00,
  0x00, 0x01, 0xF0, 0x00, 0x00, 0x00, 0x00, 0x00, 0x00, 0x00, 0x00, 0x00,
  0x00, 0x00, 0x00, 0x00, 0x00, 0x00, 0x00, 0x00, 0x00, 0x00, 0x00, 0x00,
  0x00, 0x01, 0xF0, 0x00, 0x00, 0x01, 0xF0, 0x00, 0x00, 0x03, 0xF0, 0x00,
  0x00, 0x03, 0xF0, 0x00, 0x00, 0x00, 0x00, 0x00,
};

const uint8_t bitmap_mlb_min_layer_2[] PROGMEM = {
  0x00, 0x00, 0x00, 0x00, 0x00, 0x00, 0x00, 0x00, 0x00, 0x00, 0x00, 0x00,
  0x00, 0x00, 0x00, 0x00, 0x00, 0x00, 0x00, 0x00, 0x00, 0x00, 0x00, 0x00,
  0x00, 0x00, 0x00, 0x00, 0x00, 0x00, 0x00, 0x00, 0x00, 0x00, 0x00, 0x00,
  0x00, 0x00, 0x00, 0x00, 0x00, 0x00, 0x00, 0x00, 0x00, 0x01, 0x00, 0x00,
  0x00, 0x00, 0x00, 0x00, 0x00, 0x00, 0x00, 0x00, 0x00, 0x00, 0x00, 0x00,
  0x00, 0x00, 0x00, 0x00, 0x00, 0x00, 0x00, 0x00, 0x00, 0x00, 0x00, 0x00,
  0x00, 0x00, 0x00, 0x00, 0x00, 0x00, 0x00, 0x00, 0x00, 0x00, 0x00, 0x00,
  0x00, 0x00, 0x00, 0x00, 0x00, 0x00, 0xE0, 0x00, 0x00, 0x00, 0x00, 0x00,
  0x00, 0x00, 0x00, 0x00, 0x00, 0x00, 0x00, 0x00, 0x00, 0x01, 0xE0, 0x00,
  0x00, 0x00, 0x00, 0x00, 0x00, 0x00, 0x00, 0x00, 0x00, 0x00, 0x00, 0x00,
  0x00, 0x00, 0x00, 0x00, 0x00, 0x00, 0x00, 0x00,
};

const uint8_t bitmap_mlb_min_layer_3[] PROGMEM = {
  0x00, 0x00, 0x00, 0x00, 0x00, 0x00, 0x00, 0x00, 0x00, 0x00, 0x00, 0x00,
  0x00, 0x00, 0x00, 0x00, 0x00, 0x00, 0x00, 0x00, 0x00, 0x00, 0x00, 0x00,
  0x00, 0x00, 0x00, 0x00, 0x00, 0x00, 0x00, 0x00, 0x00, 0x01, 0x00, 0x00,
  0x00, 0x01, 0x00, 0x00, 0x00, 0x01, 0x00, 0x00, 0x00, 0x00, 0x00, 0x00,
  0x00, 0x00, 0x00, 0x00, 0x00, 0x00, 0x00, 0x00, 0x00, 0x00, 0x00, 0x00,
  0x00, 0x00, 0x00, 0x00, 0x00, 0x00, 0x00, 0x00, 0x00, 0x00, 0x00, 0x00,
  0x00, 0x00, 0x00, 0x00, 0x00, 0x00, 0x00, 0x00, 0x00, 0x00, 0x00, 0x00,
  0x00, 0x00, 0x00, 0x00, 0x00, 0x01, 0x00, 0x00, 0x00, 0x00, 0x00, 0x00,
  0x00, 0x00, 0x00, 0x00, 0x00, 0x00, 0x00, 0x00, 0x00, 0x00, 0x10, 0x00,
  0x00, 0x00, 0x00, 0x00, 0x00, 0x00, 0x00, 0x00, 0x00, 0x00, 0x00, 0x00,
  0x00, 0x00, 0x00, 0x00, 0x00, 0x00, 0x00, 0x00,
};

const uint8_t bitmap_mlb_min_layer_4[] PROGMEM = {
  0x00, 0x00, 0x00, 0x00, 0x00, 0x00, 0x00, 0x00, 0x00, 0x00, 0x00, 0x00,
  0x00, 0x00, 0x00, 0x00, 0x00, 0x00, 0x00, 0x00, 0x00, 0x00, 0x00, 0x00,
  0x00, 0x00, 0x00, 0x00, 0x00, 0x00, 0x00, 0x00, 0x00, 0x00, 0x10, 0x00,
  0x00, 0x00, 0x10, 0x00, 0x00, 0x00, 0x10, 0x00, 0x00, 0x00, 0x10, 0x00,
  0x00, 0x00, 0x00, 0x00, 0x00, 0x00, 0x00, 0x00, 0x00, 0x00, 0x00, 0x00,
  0x00, 0x00, 0x00, 0x00, 0x00, 0x00, 0x00, 0x00, 0x00, 0x00, 0x00, 0x00,
  0x00, 0x00, 0x00, 0x00, 0x00, 0x00, 0x00, 0x00, 0x00, 0x00, 0x00, 0x00,
  0x00, 0x00, 0x00, 0x00, 0x00, 0x00, 0x10, 0x00, 0x00, 0x00, 0x00, 0x00,
  0x00, 0x00, 0x00, 0x00, 0x00, 0x00, 0x00, 0x00, 0x00, 0x00, 0x00, 0x00,
  0x00, 0x00, 0x00, 0x00, 0x00, 0x00, 0x00, 0x00, 0x00, 0x00, 0x00, 0x00,
  0x00, 0x00, 0x00, 0x00, 0x00, 0x00, 0x00, 0x00,
};

const SportsLogoLayerDef layers_mlb_min[] = {
  { bitmap_mlb_min_layer_0, 255, 6, 48 },
  { bitmap_mlb_min_layer_1, 0, 25, 64 },
  { bitmap_mlb_min_layer_2, 47, 22, 61 },
  { bitmap_mlb_min_layer_3, 85, 19, 58 },
  { bitmap_mlb_min_layer_4, 191, 11, 52 },
};

const uint8_t bitmap_mlb_nym_layer_0[] PROGMEM = {
  0x00, 0x00, 0x00, 0x00, 0x00, 0x00, 0x00, 0x00, 0x01, 0xB0, 0x1B, 0x00,
  0x03, 0xF8, 0x3E, 0x80, 0x00, 0x60, 0x0C, 0x00, 0x00, 0x60, 0x04, 0x00,
  0x00, 0x70, 0x04, 0x00, 0x00, 0x78, 0x04, 0x00, 0x00, 0x4C, 0x04, 0x00,
  0x00, 0x4C, 0x04, 0x00, 0x00, 0xE6, 0x0E, 0x00, 0x03, 0xF3, 0x1F, 0x80,
  0x02, 0x79, 0xBC, 0x80, 0x02, 0x4C, 0xE4, 0x80, 0x00, 0x44, 0xE4, 0x00,
  0x00, 0x42, 0xE4, 0x00, 0x00, 0x43, 0xBC, 0x00, 0x00, 0x41, 0x1C, 0x00,
  0x00, 0x41, 0x0C, 0x00, 0x00, 0x41, 0x0C, 0x00, 0x00, 0xE1, 0x0E, 0x00,
  0x03, 0xF9, 0x3F, 0x00, 0x00, 0x01, 0x00, 0x00, 0x00, 0x01, 0x00, 0x00,
  0x00, 0x01, 0x00, 0x00, 0x00, 0x01, 0x00, 0x00, 0x00, 0x01, 0x00, 0x00,
  0x00, 0x03, 0x80, 0x00, 0x00, 0x07, 0xC0, 0x00, 0x00, 0x06, 0xC0, 0x00,
  0x00, 0x00, 0x00, 0x00, 0x00, 0x00, 0x00, 0x00,
};

const uint8_t bitmap_mlb_nym_layer_1[] PROGMEM = {
  0x00, 0x00, 0x00, 0x00, 0x02, 0x48, 0x24, 0x80, 0x04, 0x04, 0x00, 0x40,
  0x00, 0x00, 0x00, 0x00, 0x05, 0x1C, 0x31, 0x40, 0x01, 0x08, 0x50, 0x00,
  0x01, 0x04, 0x11, 0x00, 0x01, 0x00, 0x11, 0x00, 0x01, 0x02, 0x11, 0x00,
  0x01, 0x11, 0x11, 0x00, 0x04, 0x00, 0xA0, 0x40, 0x04, 0x00, 0x40, 0x40,
  0x00, 0x00, 0x00, 0x00, 0x00, 0x00, 0x00, 0x00, 0x04, 0x11, 0x10, 0x40,
  0x03, 0x18, 0x01, 0x80, 0x01, 0x10, 0x01, 0x00, 0x01, 0x14, 0x41, 0x00,
  0x01, 0x14, 0x61, 0x00, 0x07, 0x1C, 0x71, 0xC0, 0x00, 0x00, 0x00, 0x00,
  0x04, 0x04, 0x40, 0x40, 0x00, 0x04, 0x40, 0x00, 0x01, 0x14, 0x51, 0x00,
  0x00, 0x04, 0x40, 0x00, 0x00, 0x04, 0x40, 0x00, 0x00, 0x04, 0x40, 0x00,
  0x00, 0x18, 0x30, 0x00, 0x00, 0x00, 0x00, 0x00, 0x00, 0x10, 0x10, 0x00,
  0x00, 0x09, 0x20, 0x00, 0x00, 0x00, 0x00, 0x00,
};

const uint8_t bitmap_mlb_nym_layer_2[] PROGMEM = {
  0x00, 0x00, 0x00, 0x00, 0x00, 0x00, 0x00, 0x00, 0x02, 0x48, 0x24, 0x80,
  0x00, 0x00, 0x01, 0x00, 0x00, 0x80, 0x02, 0x00, 0x00, 0x80, 0x08, 0x00,
  0x00, 0x80, 0x08, 0x00, 0x00, 0x80, 0x08, 0x00, 0x00, 0xB0, 0x08, 0x00,
  0x00, 0xA2, 0x0A, 0x00, 0x01, 0x00, 0x01, 0x00, 0x00, 0x00, 0x00, 0x00,
  0x01, 0x80, 0x43, 0x00, 0x00, 0x21, 0x08, 0x00, 0x02, 0xA2, 0x08, 0x80,
  0x00, 0xA5, 0x18, 0x00, 0x00, 0xA0, 0x00, 0x00, 0x00, 0xA2, 0x80, 0x00,
  0x00, 0xA2, 0x90, 0x00, 0x00, 0xA2, 0x82, 0x00, 0x03, 0x1A, 0xB1, 0x80,
  0x00, 0x02, 0x80, 0x80, 0x00, 0x02, 0x80, 0x00, 0x00, 0x02, 0x80, 0x00,
  0x00, 0x02, 0x80, 0x00, 0x00, 0x02, 0x80, 0x00, 0x00, 0x02, 0x80, 0x00,
  0x00, 0x00, 0x00, 0x00, 0x00, 0x08, 0x20, 0x00, 0x00, 0x09, 0x20, 0x00,
  0x00, 0x00, 0x00, 0x00, 0x00, 0x00, 0x00, 0x00,
};

const uint8_t bitmap_mlb_nym_layer_3[] PROGMEM = {
  0x00, 0x00, 0x00, 0x00, 0x00, 0xA0, 0x0B, 0x00, 0x00, 0x00, 0x40, 0x00,
  0x04, 0x04, 0x00, 0x40, 0x02, 0x00, 0x40, 0x80, 0x00, 0x00, 0x00, 0x00,
  0x00, 0x00, 0x00, 0x00, 0x00, 0x04, 0x00, 0x00, 0x00, 0x00, 0x00, 0x00,
  0x00, 0x00, 0x00, 0x00, 0x02, 0x18, 0x10, 0x80, 0x00, 0x00, 0x00, 0x00,
  0x00, 0x00, 0x00, 0x00, 0x05, 0x12, 0x01, 0x40, 0x01, 0x00, 0x01, 0x00,
  0x00, 0x00, 0x00, 0x00, 0x00, 0x04, 0x00, 0x00, 0x00, 0x00, 0x00, 0x00,
  0x00, 0x00, 0x00, 0x00, 0x00, 0x00, 0x00, 0x00, 0x04, 0x04, 0x40, 0x40,
  0x00, 0x00, 0x00, 0x00, 0x02, 0x48, 0x24, 0x80, 0x00, 0x00, 0x00, 0x00,
  0x00, 0x00, 0x00, 0x00, 0x00, 0x00, 0x00, 0x00, 0x00, 0x00, 0x00, 0x00,
  0x00, 0x04, 0x40, 0x00, 0x00, 0x10, 0x10, 0x00, 0x00, 0x00, 0x00, 0x00,
  0x00, 0x02, 0x80, 0x00, 0x00, 0x00, 0x00, 0x00,
};

const uint8_t bitmap_mlb_nym_layer_4[] PROGMEM = {
  0x00, 0x00, 0x00, 0x00, 0x01, 0x10, 0x10, 0x00, 0x00, 0x00, 0x00, 0x00,
  0x00, 0x00, 0x40, 0x00, 0x00, 0x00, 0x00, 0x00, 0x00, 0x10, 0x02, 0x00,
  0x00, 0x08, 0x02, 0x00, 0x00, 0x00, 0x02, 0x00, 0x00, 0x00, 0x02, 0x00,
  0x00, 0x00, 0x00, 0x00, 0x00, 0x01, 0x00, 0x00, 0x00, 0x0C, 0xA0, 0x00,
  0x04, 0x06, 0x00, 0x40, 0x00, 0x80, 0x12, 0x00, 0x00, 0x08, 0x02, 0x00,
  0x00, 0x00, 0x02, 0x00, 0x00, 0x00, 0x42, 0x00, 0x00, 0x00, 0x22, 0x00,
  0x00, 0x00, 0x02, 0x00, 0x00, 0x00, 0x00, 0x00, 0x00, 0x00, 0x00, 0x00,
  0x00, 0x00, 0x00, 0x00, 0x01, 0xB0, 0x1B, 0x00, 0x00, 0x00, 0x00, 0x00,
  0x00, 0x00, 0x00, 0x00, 0x00, 0x00, 0x00, 0x00, 0x00, 0x00, 0x00, 0x00,
  0x00, 0x00, 0x00, 0x00, 0x00, 0x00, 0x00, 0x00, 0x00, 0x00, 0x00, 0x00,
  0x00, 0x04, 0x40, 0x00, 0x00, 0x00, 0x00, 0x00,
};

const SportsLogoLayerDef layers_mlb_nym[] = {
  { bitmap_mlb_nym_layer_0, 6, 44, 118 },
  { bitmap_mlb_nym_layer_1, 247, 91, 14 },
  { bitmap_mlb_nym_layer_2, 78, 60, 89 },
  { bitmap_mlb_nym_layer_3, 200, 80, 37 },
  { bitmap_mlb_nym_layer_4, 144, 71, 61 },
};

const uint8_t bitmap_mlb_nyy_layer_0[] PROGMEM = {
  0x00, 0x00, 0x00, 0x00, 0x00, 0x18, 0x00, 0x00, 0x00, 0x38, 0x1C, 0x00,
  0x00, 0x78, 0x0E, 0x00, 0x00, 0xF8, 0x1F, 0x00, 0x00, 0xF8, 0x1F, 0x00,
  0x06, 0x78, 0x1F, 0x00, 0x0E, 0x38, 0x1C, 0xC0, 0x1F, 0x3C, 0x3D, 0xF0,
  0x3F, 0x9C, 0x39, 0xF8, 0x1F, 0x9C, 0x7B, 0xF0, 0x0F, 0xCE, 0x73, 0xE0,
  0x07, 0xEE, 0x73, 0xC0, 0x07, 0xFF, 0xF3, 0xC0, 0x07, 0xBF, 0xE3, 0x80,
  0x07, 0x9F, 0xE7, 0x80, 0x03, 0x8F, 0xC7, 0x80, 0x03, 0x87, 0xC7, 0x80,
  0x07, 0x87, 0xE3, 0x80, 0x07, 0x87, 0xFB, 0x80, 0x07, 0x07, 0xBF, 0xC0,
  0x07, 0x07, 0x9F, 0xC0, 0x0F, 0x07, 0x8F, 0xC0, 0x0F, 0x07, 0x87, 0xC0,
  0x1F, 0x07, 0x87, 0xE0, 0x1E, 0x07, 0x83, 0xF0, 0x3E, 0x07, 0x81, 0xF8,
  0x3E, 0x07, 0x81, 0xF8, 0x1E, 0x0F, 0xC1, 0xE0, 0x0E, 0x0F, 0xE1, 0xC0,
  0x06, 0x00, 0x01, 0x80, 0x00, 0x00, 0x00, 0x00,
};

const SportsLogoLayerDef layers_mlb_nyy[] = {
  { bitmap_mlb_nyy_layer_0, 0, 32, 74 },
};

const uint8_t bitmap_mlb_phi_layer_0[] PROGMEM = {
  0x00, 0x00, 0x00, 0x00, 0x00, 0x0F, 0xFC, 0x00, 0x00, 0x3F, 0xFF, 0x00,
  0x00, 0xFF, 0xFF, 0x80, 0x01, 0xFF, 0xFF, 0xC0, 0x01, 0xFF, 0xFF, 0xE0,
  0x03, 0xFF, 0xE7, 0xE0, 0x07, 0xF7, 0xE3, 0xE0, 0x07, 0xE7, 0xE3, 0xE0,
  0x07, 0xF7, 0xE3, 0xE0, 0x07, 0xF7, 0xE3, 0xE0, 0x07, 0xF7, 0xE7, 0xE0,
  0x07, 0xE7, 0xEF, 0xC0, 0x03, 0xC7, 0xFF, 0xC0, 0x00, 0x07, 0xFF, 0x80,
  0x00, 0x07, 0xFE, 0x00, 0x00, 0x07, 0xFC, 0x00, 0x00, 0x07, 0xE0, 0x00,
  0x00, 0x07, 0xC0, 0x00, 0x00, 0x07, 0xC0, 0x00, 0x00, 0x07, 0xC0, 0x00,
  0x00, 0x07, 0xC0, 0x00, 0x00, 0x07, 0xC0, 0x00, 0x00, 0x07, 0xC0, 0x00,
  0x00, 0x0F, 0xC0, 0x00, 0x00, 0x0F, 0xC0, 0x00, 0x00, 0x1F, 0xC0, 0x00,
  0x00, 0x1F, 0xC0, 0x00, 0x00, 0x3F, 0xC0, 0x00, 0x00, 0x1F, 0x80, 0x00,
  0x00, 0x1F, 0x00, 0x00, 0x00, 0x00, 0x00, 0x00,
};

const SportsLogoLayerDef layers_mlb_phi[] = {
  { bitmap_mlb_phi_layer_0, 255, 17, 36 },
};

const uint8_t bitmap_mlb_pit_layer_0[] PROGMEM = {
  0x00, 0x00, 0x00, 0x00, 0x00, 0x00, 0x08, 0x00, 0x03, 0xFF, 0xFC, 0x00,
  0x03, 0xFF, 0xFC, 0x00, 0x07, 0xFF, 0xFE, 0x00, 0x07, 0xFF, 0xFF, 0x80,
  0x07, 0xE0, 0x0F, 0xC0, 0x03, 0xE0, 0x07, 0xC0, 0x03, 0xE0, 0x07, 0x80,
  0x03, 0xE0, 0x07, 0x80, 0x03, 0xE0, 0x07, 0x80, 0x03, 0xE0, 0x07, 0x80,
  0x03, 0xE0, 0x07, 0x80, 0x03, 0xE0, 0x07, 0x80, 0x03, 0xFF, 0xFF, 0xC0,
  0x03, 0xFF, 0xFF, 0xC0, 0x03, 0xFF, 0xFF, 0x00, 0x03, 0xFF, 0xFE, 0x00,
  0x03, 0xFF, 0xFC, 0x00, 0x03, 0xE0, 0x08, 0x00, 0x03, 0xE0, 0x00, 0x00,
  0x03, 0xE0, 0x00, 0x00, 0x03, 0xE0, 0x00, 0x00, 0x03, 0xE0, 0x00, 0x00,
  0x03, 0xE0, 0x00, 0x00, 0x03, 0xE0, 0x00, 0x00, 0x03, 0xE0, 0x00, 0x00,
  0x07, 0xF0, 0x00, 0x00, 0x07, 0xF0, 0x00, 0x00, 0x03, 0xE0, 0x00, 0x00,
  0x03, 0xE0, 0x00, 0x00, 0x00, 0x00, 0x00, 0x00,
};

const SportsLogoLayerDef layers_mlb_pit[] = {
  { bitmap_mlb_pit_layer_0, 255, 189, 0 },
};

const uint8_t bitmap_mlb_sd_layer_0[] PROGMEM = {
  0x00, 0x00, 0x00, 0x00, 0x07, 0xFF, 0xF0, 0x00, 0x0F, 0xFF, 0xF8, 0x00,
  0x0F, 0xFF, 0xF8, 0x00, 0x0F, 0x00, 0x78, 0x00, 0x0F, 0x00, 0x78, 0x00,
  0x0F, 0x00, 0x00, 0x00, 0x0F, 0x3F, 0xFF, 0x00, 0x0F, 0x3F, 0xFF, 0xC0,
  0x0F, 0x1F, 0xFF, 0xE0, 0x0F, 0x1E, 0x01, 0xE0, 0x0F, 0x1E, 0x01, 0xE0,
  0x0F, 0xFF, 0xF1, 0xE0, 0x07, 0xFF, 0xF9, 0xE0, 0x03, 0xFF, 0xF9, 0xE0,
  0x00, 0x1C, 0x79, 0xE0, 0x00, 0x1E, 0x79, 0xE0, 0x00, 0x1E, 0x79, 0xE0,
  0x0F, 0x1E, 0x79, 0xE0, 0x0F, 0x1E, 0x79, 0xE0, 0x0E, 0x1E, 0x79, 0xE0,
  0x0E, 0x1C, 0x79, 0xE0, 0x0F, 0xFF, 0xF9, 0xE0, 0x0F, 0xFF, 0xF9, 0xE0,
  0x07, 0xFF, 0xF1, 0xE0, 0x00, 0xBE, 0x81, 0xE0, 0x00, 0x1C, 0x01, 0xE0,
  0x00, 0x1C, 0x01, 0xE0, 0x00, 0x1F, 0xFF, 0xE0, 0x00, 0x3F, 0xFF, 0xC0,
  0x00, 0x3F, 0xFF, 0x80, 0x00, 0x00, 0x00, 0x00,
};

const SportsLogoLayerDef layers_mlb_sd[] = {
  { bitmap_mlb_sd_layer_0, 48, 32, 22 },
};

const uint8_t bitmap_mlb_sea_layer_0[] PROGMEM = {
  0x00, 0x00, 0x00, 0x00, 0x00, 0x0F, 0xCC, 0x00, 0x00, 0x38, 0x7C, 0x00,
  0x00, 0x60, 0x24, 0x00, 0x00, 0xC0, 0x04, 0x00, 0x00, 0x83, 0x84, 0x00,
  0x01, 0x86, 0x44, 0x00, 0x01, 0x05, 0x64, 0x00, 0x01, 0x04, 0x24, 0x00,
  0x01, 0x06, 0x34, 0x00, 0x01, 0x02, 0x1C, 0x00, 0x01, 0x00, 0x4C, 0x00,
  0x01, 0x00, 0x00, 0x00, 0x01, 0x80, 0x18, 0x00, 0x00, 0x80, 0x1C, 0x00,
  0x03, 0x00, 0x01, 0x80, 0x00, 0x70, 0x02, 0x00, 0x00, 0x30, 0x02, 0x00,
  0x00, 0x10, 0x03, 0x00, 0x01, 0x04, 0x01, 0x00, 0x01, 0xD0, 0x81, 0x00,
  0x01, 0xE0, 0x81, 0x00, 0x01, 0x20, 0xC1, 0x00, 0x01, 0x31, 0x43, 0x00,
  0x01, 0x30, 0xC2, 0x00, 0x01, 0x1C, 0x86, 0x00, 0x01, 0x07, 0x86, 0x00,
  0x01, 0x00, 0x0C, 0x00, 0x01, 0x00, 0x18, 0x00, 0x01, 0xF8, 0x70, 0x00,
  0x01, 0xCF, 0xC0, 0x00, 0x00, 0x00, 0x00, 0x00,
};

const uint8_t bitmap_mlb_sea_layer_1[] PROGMEM = {
  0x00, 0x00, 0x00, 0x00, 0x00, 0x00, 0x00, 0x00, 0x00, 0x00, 0x00, 0x00,
  0x00, 0x0F, 0x80, 0x00, 0x00, 0x1C, 0x70, 0x00, 0x00, 0x38, 0x30, 0x00,
  0x00, 0x30, 0x10, 0x00, 0x00, 0x70, 0x00, 0x00, 0x00, 0x70, 0x00, 0x00,
  0x00, 0x70, 0x00, 0x00, 0x00, 0x68, 0x00, 0x00, 0x00, 0x64, 0x00, 0x00,
  0x00, 0x64, 0x80, 0x00, 0x00, 0x24, 0xC0, 0x00, 0x00, 0x2C, 0x20, 0x00,
  0x00, 0x00, 0x00, 0x00, 0x00, 0x00, 0x60, 0x00, 0x00, 0x0E, 0x68, 0x00,
  0x00, 0x02, 0x48, 0x00, 0x00, 0x00, 0x0C, 0x00, 0x00, 0x00, 0x24, 0x00,
  0x00, 0x00, 0x3C, 0x00, 0x00, 0x00, 0x1C, 0x00, 0x00, 0x00, 0x18, 0x00,
  0x00, 0x40, 0x18, 0x00, 0x00, 0x40, 0x38, 0x00, 0x00, 0x60, 0x30, 0x00,
  0x00, 0x78, 0x60, 0x00, 0x00, 0x07, 0x80, 0x00, 0x00, 0x00, 0x00, 0x00,
  0x00, 0x00, 0x00, 0x00, 0x00, 0x00, 0x00, 0x00,
};

const uint8_t bitmap_mlb_sea_layer_2[] PROGMEM = {
  0x00, 0x00, 0x00, 0x00, 0x00, 0x00, 0x00, 0x00, 0x00, 0x07, 0x00, 0x00,
  0x00, 0x10, 0x00, 0x00, 0x00, 0x23, 0x88, 0x00, 0x00, 0x00, 0x08, 0x00,
  0x00, 0x00, 0x28, 0x00, 0x00, 0x08, 0x08, 0x00, 0x00, 0x88, 0x18, 0x00,
  0x00, 0x80, 0x00, 0x00, 0x00, 0x85, 0x80, 0x00, 0x00, 0x99, 0x80, 0x00,
  0x00, 0x01, 0x60, 0x00, 0x00, 0x03, 0x00, 0x00, 0x00, 0x03, 0x00, 0x00,
  0x00, 0x7F, 0x90, 0x00, 0x00, 0x07, 0x00, 0x00, 0x00, 0x01, 0x84, 0x00,
  0x00, 0x09, 0x00, 0x00, 0x00, 0x01, 0xB0, 0x00, 0x00, 0x03, 0x10, 0x00,
  0x00, 0x03, 0x00, 0x00, 0x00, 0x00, 0x00, 0x00, 0x00, 0xC0, 0x00, 0x00,
  0x00, 0x80, 0x04, 0x00, 0x00, 0x80, 0x00, 0x00, 0x00, 0x80, 0x08, 0x00,
  0x00, 0x83, 0x10, 0x00, 0x00, 0x80, 0x00, 0x00, 0x00, 0x03, 0x00, 0x00,
  0x00, 0x00, 0x00, 0x00, 0x00, 0x00, 0x00, 0x00,
};

const uint8_t bitmap_mlb_sea_layer_3[] PROGMEM = {
  0x00, 0x00, 0x00, 0x00, 0x00, 0x00, 0x00, 0x00, 0x00, 0x00, 0x80, 0x00,
  0x00, 0x00, 0x18, 0x00, 0x00, 0x00, 0x00, 0x00, 0x00, 0x44, 0x40, 0x00,
  0x00, 0x00, 0x80, 0x00, 0x00, 0x80, 0x00, 0x00, 0x00, 0x01, 0x00, 0x00,
  0x00, 0x01, 0x88, 0x00, 0x00, 0x00, 0x00, 0x00, 0x00, 0x02, 0x30, 0x00,
  0x00, 0x88, 0x10, 0x00, 0x00, 0x00, 0x00, 0x00, 0x00, 0x40, 0x00, 0x00,
  0x00, 0x80, 0x6E, 0x00, 0x00, 0x00, 0x04, 0x00, 0x00, 0x00, 0x00, 0x00,
  0x00, 0x00, 0x20, 0x00, 0x00, 0x18, 0x02, 0x00, 0x00, 0x00, 0x02, 0x00,
  0x00, 0x00, 0x42, 0x00, 0x00, 0xC1, 0x02, 0x00, 0x00, 0x00, 0x00, 0x00,
  0x00, 0x00, 0x00, 0x00, 0x00, 0x00, 0x40, 0x00, 0x00, 0x08, 0x00, 0x00,
  0x00, 0x00, 0x00, 0x00, 0x00, 0x30, 0x20, 0x00, 0x00, 0x04, 0x80, 0x00,
  0x00, 0x00, 0x00, 0x00, 0x00, 0x00, 0x00, 0x00,
};

const uint8_t bitmap_mlb_sea_layer_4[] PROGMEM = {
  0x00, 0x00, 0x00, 0x00, 0x00, 0x00, 0x00, 0x00, 0x00, 0x00, 0x00, 0x00,
  0x00, 0x00, 0x40, 0x00, 0x00, 0x00, 0x00, 0x00, 0x00, 0x00, 0x00, 0x00,
  0x00, 0x48, 0x00, 0x00, 0x00, 0x00, 0x10, 0x00, 0x00, 0x00, 0x00, 0x00,
  0x00, 0x08, 0x00, 0x00, 0x00, 0x10, 0x00, 0x00, 0x00, 0x00, 0x00, 0x00,
  0x00, 0x12, 0x00, 0x00, 0x00, 0x58, 0x20, 0x00, 0x00, 0x10, 0xC0, 0x00,
  0x00, 0x00, 0x00, 0x00, 0x00, 0x08, 0x98, 0x00, 0x00, 0x00, 0x10, 0x00,
  0x00, 0x04, 0x94, 0x00, 0x00, 0x02, 0x40, 0x00, 0x00, 0x00, 0x48, 0x00,
  0x00, 0x00, 0x00, 0x00, 0x00, 0x00, 0x20, 0x00, 0x00, 0x00, 0x24, 0x00,
  0x00, 0x00, 0x20, 0x00, 0x00, 0x20, 0x00, 0x00, 0x00, 0x10, 0x40, 0x00,
  0x00, 0x04, 0x80, 0x00, 0x00, 0x48, 0x40, 0x00, 0x00, 0x00, 0x00, 0x00,
  0x00, 0x00, 0x00, 0x00, 0x00, 0x00, 0x00, 0x00,
};

const SportsLogoLayerDef layers_mlb_sea[] = {
  { bitmap_mlb_sea_layer_0, 3, 76, 88 },
  { bitmap_mlb_sea_layer_1, 208, 216, 221 },
  { bitmap_mlb_sea_layer_2, 97, 133, 151 },
  { bitmap_mlb_sea_layer_3, 54, 98, 123 },
  { bitmap_mlb_sea_layer_4, 158, 177, 188 },
};

const uint8_t bitmap_mlb_sf_layer_0[] PROGMEM = {
  0x00, 0x00, 0x00, 0x00, 0x01, 0xFF, 0xF8, 0x00, 0x03, 0xFF, 0xFE, 0x00,
  0x07, 0xFF, 0xFE, 0x00, 0x07, 0x80, 0x1E, 0x00, 0x07, 0x00, 0x06, 0x00,
  0x07, 0x00, 0x01, 0x80, 0x07, 0x3F, 0xFF, 0x80, 0x07, 0x3F, 0xFF, 0x80,
  0x07, 0x3F, 0xFF, 0xC0, 0x07, 0x9C, 0x01, 0xC0, 0x07, 0xFC, 0x01, 0xC0,
  0x03, 0xFF, 0xF8, 0x00, 0x01, 0xFF, 0xFC, 0x00, 0x00, 0xFF, 0xFE, 0x00,
  0x00, 0x1C, 0x0F, 0x00, 0x00, 0x1C, 0x0E, 0x00, 0x07, 0x1F, 0xEE, 0x00,
  0x07, 0x1F, 0xEE, 0x00, 0x07, 0x1F, 0xEE, 0x00, 0x07, 0x1C, 0x0E, 0x00,
  0x07, 0x9C, 0x0F, 0x00, 0x07, 0xFF, 0xFF, 0x00, 0x03, 0xFF, 0xFE, 0x00,
  0x01, 0xFF, 0xFC, 0x00, 0x00, 0xFF, 0xF8, 0x00, 0x00, 0x1C, 0x00, 0x00,
  0x00, 0x3C, 0x00, 0x00, 0x00, 0x7F, 0x00, 0x00, 0x00, 0x7F, 0x00, 0x00,
  0x00, 0x3E, 0x00, 0x00, 0x00, 0x00, 0x00, 0x00,
};

const SportsLogoLayerDef layers_mlb_sf[] = {
  { bitmap_mlb_sf_layer_0, 255, 92, 16 },
};

const uint8_t bitmap_mlb_stl_layer_0[] PROGMEM = {
  0x00, 0x00, 0x00, 0x00, 0x01, 0x74, 0x00, 0x00, 0x01, 0x74, 0x00, 0x00,
  0x00, 0xE8, 0x00, 0x00, 0x00, 0x50, 0x00, 0x00, 0x01, 0xFF, 0xF0, 0x00,
  0x02, 0x70, 0x1F, 0x80, 0x05, 0xFF, 0xC0, 0x80, 0x0B, 0xD0, 0x3D, 0x00,
  0x0B, 0x50, 0x01, 0x00, 0x0A, 0x52, 0xFC, 0x00, 0x0A, 0x5A, 0x04, 0x00,
  0x0A, 0x5A, 0xFC, 0x00, 0x09, 0x50, 0x50, 0x00, 0x05, 0xFF, 0xF8, 0x00,
  0x04, 0x70, 0x62, 0x00, 0x01, 0xFF, 0xF8, 0x40, 0x00, 0x5A, 0xDF, 0xC0,
  0x00, 0x50, 0xD1, 0xA0, 0x00, 0x50, 0x90, 0xA0, 0x05, 0x58, 0x30, 0xA0,
  0x08, 0xF0, 0x01, 0xA0, 0x0E, 0x7C, 0x03, 0xA0, 0x01, 0xF7, 0xFD, 0x40,
  0x00, 0x50, 0x00, 0x80, 0x00, 0x5F, 0xFC, 0x00, 0x00, 0x50, 0x00, 0x00,
  0x00, 0x58, 0x00, 0xE0, 0x01, 0x7F, 0xFF, 0x50, 0x01, 0x7F, 0xFF, 0xB0,
  0x01, 0x7F, 0xFF, 0x80, 0x00, 0x00, 0x00, 0x00,
};

const uint8_t bitmap_mlb_stl_layer_1[] PROGMEM = {
  0x00, 0x00, 0x00, 0x00, 0x00, 0x88, 0x00, 0x00, 0x00, 0x00, 0x00, 0x00,
  0x00, 0x10, 0x00, 0x00, 0x00, 0x20, 0x00, 0x00, 0x00, 0x00, 0x00, 0x00,
  0x01, 0x8F, 0xE0, 0x00, 0x00, 0x00, 0x3E, 0x00, 0x04, 0x20, 0x02, 0x00,
  0x04, 0x20, 0x02, 0x00, 0x04, 0x21, 0x00, 0x00, 0x04, 0x20, 0x60, 0x00,
  0x04, 0x21, 0x00, 0x00, 0x06, 0x20, 0x20, 0x00, 0x02, 0x00, 0x04, 0x00,
  0x03, 0x8F, 0x9D, 0x00, 0x00, 0x00, 0x07, 0x80, 0x00, 0x20, 0x20, 0x00,
  0x00, 0x20, 0x20, 0x40, 0x00, 0x20, 0x00, 0x40, 0x02, 0x20, 0x40, 0x40,
  0x07, 0x00, 0x00, 0x40, 0x01, 0x80, 0x00, 0x40, 0x00, 0x08, 0x02, 0x00,
  0x00, 0x2F, 0xFF, 0x00, 0x00, 0x20, 0x02, 0x00, 0x00, 0x20, 0x00, 0x00,
  0x00, 0x20, 0x00, 0x00, 0x00, 0x80, 0x00, 0xA0, 0x00, 0x00, 0x00, 0x40,
  0x00, 0x80, 0x00, 0x40, 0x00, 0x00, 0x00, 0x00,
};

const uint8_t bitmap_mlb_stl_layer_2[] PROGMEM = {
  0x00, 0x00, 0x00, 0x00, 0x00, 0x00, 0x00, 0x00, 0x00, 0x88, 0x00, 0x00,
  0x00, 0x00, 0x00, 0x00, 0x00, 0x00, 0x00, 0x00, 0x00, 0x00, 0x00, 0x00,
  0x00, 0x00, 0x00, 0x00, 0x02, 0x00, 0x01, 0x00, 0x00, 0x00, 0x00, 0x00,
  0x00, 0x00, 0x00, 0x00, 0x00, 0x00, 0x00, 0x00, 0x00, 0x01, 0x98, 0x00,
  0x00, 0x00, 0x00, 0x00, 0x00, 0x00, 0x00, 0x00, 0x00, 0x00, 0x00, 0x00,
  0x00, 0x00, 0x00, 0x00, 0x00, 0x00, 0x00, 0x00, 0x00, 0x00, 0x00, 0x00,
  0x00, 0x00, 0x00, 0x00, 0x00, 0x00, 0x60, 0x00, 0x00, 0x00, 0x00, 0x00,
  0x00, 0x00, 0x00, 0x00, 0x00, 0x00, 0x00, 0x00, 0x00, 0x00, 0x00, 0x80,
  0x00, 0x00, 0x00, 0x00, 0x00, 0x00, 0x00, 0x00, 0x00, 0x00, 0x00, 0x00,
  0x00, 0x00, 0x00, 0x00, 0x00, 0x00, 0x00, 0x00, 0x00, 0x80, 0x00, 0x00,
  0x00, 0x00, 0x00, 0x00, 0x00, 0x00, 0x00, 0x00,
};

const SportsLogoLayerDef layers_mlb_stl[] = {
  { bitmap_mlb_stl_layer_0, 223, 2, 13 },
  { bitmap_mlb_stl_layer_1, 234, 2, 14 },
  { bitmap_mlb_stl_layer_2, 246, 2, 14 },
};

const uint8_t bitmap_mlb_tb_layer_0[] PROGMEM = {
  0x00, 0x00, 0x00, 0x00, 0x00, 0x00, 0x00, 0x00, 0x00, 0x00, 0x00, 0x00,
  0x60, 0x60, 0x40, 0x00, 0x40, 0xC0, 0x00, 0x00, 0x00, 0xC0, 0x40, 0x00,
  0x00, 0x40, 0x00, 0x00, 0x00, 0xC0, 0x00, 0x00, 0x00, 0xC0, 0x00, 0x00,
  0x00, 0xC0, 0x40, 0x00, 0x00, 0xC0, 0xE3, 0x80, 0x00, 0xC0, 0xC0, 0x40,
  0x00, 0xC0, 0xC0, 0xC0, 0x00, 0xC0, 0xC0, 0xC0, 0x00, 0xC0, 0xC0, 0xC0,
  0x00, 0xC0, 0xC0, 0xC0, 0x00, 0xC0, 0xC0, 0x80, 0x00, 0xC0, 0xC1, 0x80,
  0x00, 0xC0, 0xC0, 0x00, 0x00, 0xC0, 0xC0, 0x20, 0x00, 0x18, 0x40, 0x50,
  0x00, 0x00, 0x40, 0x20, 0x00, 0x00, 0xC0, 0x20, 0x00, 0x00, 0xC0, 0x60,
  0x00, 0x00, 0xC0, 0x60, 0x00, 0x00, 0xC0, 0x60, 0x00, 0x00, 0xC0, 0xC0,
  0x00, 0x00, 0x10, 0xC2, 0x00, 0x00, 0x00, 0x00, 0x00, 0x00, 0x00, 0x00,
  0x00, 0x00, 0x00, 0x00, 0x00, 0x00, 0x00, 0x00,
};

const uint8_t bitmap_mlb_tb_layer_1[] PROGMEM = {
  0x00, 0x00, 0x00, 0x00, 0x00, 0x00, 0x00, 0x00, 0x00, 0x00, 0x00, 0x00,
  0x1F, 0x9F, 0x80, 0x00, 0x20, 0x20, 0x40, 0x00, 0x40, 0x20, 0x00, 0x00,
  0x40, 0xA0, 0x00, 0x00, 0x00, 0x20, 0x00, 0x00, 0x00, 0x20, 0x00, 0x00,
  0x00, 0x27, 0x9E, 0x00, 0x00, 0x20, 0x00, 0x00, 0x00, 0x20, 0x20, 0x80,
  0x00, 0x20, 0x20, 0x20, 0x00, 0x20, 0x20, 0x20, 0x00, 0x20, 0x20, 0x20,
  0x00, 0x20, 0x20, 0x20, 0x00, 0x20, 0x20, 0x40, 0x00, 0x20, 0x20, 0x00,
  0x00, 0x20, 0x27, 0x00, 0x00, 0x20, 0x20, 0xC0, 0x07, 0xE4, 0xA0, 0x20,
  0x00, 0x00, 0xA0, 0x10, 0x00, 0x00, 0x20, 0x10, 0x00, 0x00, 0x20, 0x10,
  0x00, 0x00, 0x20, 0x10, 0x00, 0x00, 0x20, 0x10, 0x00, 0x00, 0x20, 0x20,
  0x00, 0x07, 0xEF, 0x00, 0x00, 0x00, 0x00, 0x00, 0x00, 0x00, 0x00, 0x00,
  0x00, 0x00, 0x00, 0x00, 0x00, 0x00, 0x00, 0x00,
};

const uint8_t bitmap_mlb_tb_layer_2[] PROGMEM = {
  0x00, 0x00, 0x00, 0x00, 0x00, 0x00, 0x00, 0x00, 0x00, 0x00, 0x00, 0x00,
  0x00, 0x00, 0x20, 0x00, 0x0F, 0x0F, 0x20, 0x00, 0x00, 0x10, 0x00, 0x00,
  0x00, 0x10, 0x00, 0x00, 0x40, 0x10, 0x00, 0x00, 0x00, 0x10, 0x00, 0x00,
  0x00, 0x10, 0x00, 0x00, 0x00, 0x10, 0x08, 0x20, 0x00, 0x10, 0x10, 0x00,
  0x00, 0x10, 0x10, 0x10, 0x00, 0x10, 0x10, 0x00, 0x00, 0x10, 0x10, 0x00,
  0x00, 0x10, 0x10, 0x10, 0x00, 0x10, 0x10, 0x00, 0x00, 0x10, 0x10, 0x40,
  0x00, 0x10, 0x18, 0x80, 0x00, 0x10, 0x16, 0x10, 0x00, 0x02, 0x10, 0x08,
  0x07, 0xFC, 0x10, 0x00, 0x00, 0x00, 0x10, 0x00, 0x00, 0x00, 0x10, 0x00,
  0x00, 0x00, 0x10, 0x00, 0x00, 0x00, 0x10, 0x08, 0x00, 0x00, 0x10, 0x00,
  0x00, 0x00, 0x00, 0x20, 0x00, 0x07, 0xFF, 0x80, 0x00, 0x00, 0x00, 0x00,
  0x00, 0x00, 0x00, 0x00, 0x00, 0x00, 0x00, 0x00,
};

const uint8_t bitmap_mlb_tb_layer_3[] PROGMEM = {
  0x00, 0x00, 0x00, 0x00, 0x00, 0x00, 0x00, 0x00, 0x00, 0x00, 0x00, 0x00,
  0x00, 0x00, 0x00, 0x00, 0x00, 0x00, 0x00, 0x00, 0x10, 0x08, 0x80, 0x00,
  0x20, 0x00, 0x10, 0x00, 0x20, 0x00, 0x10, 0x00, 0x40, 0x00, 0x30, 0x00,
  0x00, 0x00, 0x00, 0x00, 0x00, 0x00, 0x00, 0x00, 0x00, 0x03, 0x0E, 0x10,
  0x00, 0x00, 0x01, 0x00, 0x00, 0x00, 0x00, 0x08, 0x00, 0x00, 0x00, 0x08,
  0x00, 0x00, 0x00, 0x00, 0x00, 0x00, 0x00, 0x10, 0x00, 0x00, 0x00, 0x20,
  0x00, 0x00, 0x00, 0x40, 0x00, 0x00, 0x08, 0x00, 0x00, 0x00, 0x01, 0x00,
  0x00, 0x02, 0x00, 0x00, 0x00, 0x00, 0x00, 0x04, 0x00, 0x00, 0x00, 0x04,
  0x00, 0x00, 0x00, 0x04, 0x00, 0x00, 0x00, 0x04, 0x00, 0x00, 0x00, 0x08,
  0x00, 0x00, 0x00, 0x10, 0x00, 0x00, 0x00, 0x60, 0x00, 0x00, 0x00, 0x00,
  0x00, 0x00, 0x00, 0x00, 0x00, 0x00, 0x00, 0x00,
};

const uint8_t bitmap_mlb_tb_layer_4[] PROGMEM = {
  0x00, 0x00, 0x00, 0x00, 0x00, 0x00, 0x00, 0x00, 0x00, 0x00, 0x00, 0x00,
  0x00, 0x00, 0x00, 0x00, 0x10, 0x10, 0x80, 0x00, 0x20, 0x00, 0x20, 0x00,
  0x00, 0x00, 0x60, 0x00, 0x00, 0x00, 0x20, 0x00, 0x00, 0x00, 0x00, 0x00,
  0x00, 0x00, 0x21, 0x00, 0x00, 0x07, 0x14, 0x40, 0x00, 0x00, 0x01, 0x20,
  0x00, 0x00, 0x00, 0x00, 0x00, 0x00, 0x00, 0x10, 0x00, 0x00, 0x00, 0x10,
  0x00, 0x00, 0x00, 0x00, 0x00, 0x00, 0x00, 0x20, 0x00, 0x00, 0x00, 0x00,
  0x00, 0x00, 0x00, 0x00, 0x00, 0x00, 0x01, 0x00, 0x00, 0x00, 0x00, 0x80,
  0x00, 0x00, 0x00, 0x48, 0x00, 0x00, 0x00, 0x48, 0x00, 0x00, 0x00, 0x08,
  0x00, 0x00, 0x00, 0x08, 0x00, 0x00, 0x00, 0x00, 0x00, 0x00, 0x00, 0x10,
  0x00, 0x00, 0x00, 0x00, 0x00, 0x00, 0x00, 0x00, 0x00, 0x00, 0x00, 0x00,
  0x00, 0x00, 0x00, 0x00, 0x00, 0x00, 0x00, 0x00,
};

const SportsLogoLayerDef layers_mlb_tb[] = {
  { bitmap_mlb_tb_layer_0, 11, 47, 96 },
  { bitmap_mlb_tb_layer_1, 2, 35, 84 },
  { bitmap_mlb_tb_layer_2, 74, 114, 160 },
  { bitmap_mlb_tb_layer_3, 137, 182, 222 },
  { bitmap_mlb_tb_layer_4, 42, 81, 130 },
};

const uint8_t bitmap_mlb_tex_layer_0[] PROGMEM = {
  0x00, 0x00, 0x00, 0x00, 0x1F, 0xFF, 0xFF, 0x80, 0x1F, 0xFF, 0xFF, 0x80,
  0x1F, 0x0F, 0xF3, 0x80, 0x1F, 0x4B, 0x47, 0x80, 0x1C, 0x0B, 0x03, 0x80,
  0x18, 0x0B, 0x00, 0x80, 0x10, 0x0B, 0x00, 0x80, 0x10, 0x0B, 0x00, 0x80,
  0x00, 0x0B, 0x00, 0x80, 0x00, 0x0B, 0x00, 0x00, 0x00, 0x0B, 0x00, 0x00,
  0x00, 0x0B, 0x00, 0x00, 0x00, 0x17, 0x80, 0x00, 0x00, 0x0B, 0x00, 0x00,
  0x00, 0x0B, 0x00, 0x00, 0x00, 0x0B, 0x00, 0x00, 0x00, 0x0B, 0x00, 0x00,
  0x00, 0x0B, 0x00, 0x00, 0x00, 0x0B, 0x00, 0x00, 0x00, 0x0B, 0x00, 0x00,
  0x00, 0x0B, 0x00, 0x00, 0x00, 0x0B, 0x00, 0x00, 0x00, 0x0B, 0x00, 0x00,
  0x00, 0x0B, 0x40, 0x00, 0x00, 0x57, 0xE8, 0x00, 0x00, 0x5F, 0xE0, 0x00,
  0x00, 0x40, 0x00, 0x00, 0x00, 0x40, 0x00, 0x00, 0x00, 0x00, 0x00, 0x00,
  0x00, 0x00, 0x00, 0x00, 0x00, 0x00, 0x00, 0x00,
};

const uint8_t bitmap_mlb_tex_layer_1[] PROGMEM = {
  0x00, 0x00, 0x00, 0x00, 0x00, 0x00, 0x00, 0x10, 0x00, 0x00, 0x00, 0x18,
  0x00, 0x00, 0x00, 0x18, 0x00, 0x00, 0x00, 0x18, 0x00, 0xF0, 0x38, 0x18,
  0x01, 0xC0, 0x30, 0x18, 0x03, 0x80, 0x30, 0x18, 0x03, 0x00, 0x30, 0x18,
  0x03, 0x00, 0x30, 0x18, 0x1F, 0x00, 0x30, 0x78, 0x1F, 0x00, 0x30, 0x78,
  0x00, 0x00, 0x30, 0x38, 0x00, 0x00, 0x08, 0x00, 0x00, 0x00, 0x1C, 0x00,
  0x00, 0x00, 0x38, 0x00, 0x00, 0x00, 0x30, 0x00, 0x00, 0x00, 0x30, 0x00,
  0x00, 0x00, 0x30, 0x00, 0x00, 0x00, 0x30, 0x00, 0x00, 0x00, 0x30, 0x00,
  0x00, 0x00, 0x30, 0x00, 0x00, 0x00, 0x30, 0x00, 0x00, 0x00, 0x30, 0x00,
  0x00, 0x00, 0x10, 0x00, 0x00, 0x00, 0x00, 0x00, 0x00, 0x00, 0x06, 0x00,
  0x00, 0x00, 0x06, 0x00, 0x00, 0x00, 0x06, 0x00, 0x00, 0x3F, 0xFE, 0x00,
  0x00, 0x3F, 0xFE, 0x00, 0x00, 0x00, 0x00, 0x00,
};

const uint8_t bitmap_mlb_tex_layer_2[] PROGMEM = {
  0x00, 0x00, 0x00, 0x00, 0x00, 0x00, 0x00, 0x60, 0x00, 0x00, 0x00, 0x60,
  0x00, 0xF0, 0x0C, 0x60, 0x00, 0x84, 0x80, 0x60, 0x02, 0x04, 0xC0, 0x60,
  0x06, 0x04, 0xC0, 0x60, 0x0C, 0x04, 0xC0, 0x60, 0x0C, 0x04, 0xC0, 0x60,
  0x1C, 0x04, 0xC0, 0x60, 0x00, 0x04, 0xC0, 0x00, 0x00, 0x04, 0xC0, 0x00,
  0x00, 0x04, 0xC0, 0x00, 0x00, 0x08, 0x60, 0x00, 0x00, 0x04, 0xC0, 0x00,
  0x00, 0x04, 0xC0, 0x00, 0x00, 0x04, 0xC0, 0x00, 0x00, 0x04, 0xC0, 0x00,
  0x00, 0x04, 0xC0, 0x00, 0x00, 0x04, 0xC0, 0x00, 0x00, 0x04, 0xC0, 0x00,
  0x00, 0x04, 0xC0, 0x00, 0x00, 0x04, 0xC0, 0x00, 0x00, 0x04, 0xC0, 0x00,
  0x00, 0x04, 0x80, 0x00, 0x00, 0x28, 0x10, 0x00, 0x00, 0x20, 0x18, 0x00,
  0x00, 0x3F, 0xF8, 0x00, 0x00, 0x3F, 0xF0, 0x00, 0x00, 0x00, 0x00, 0x00,
  0x00, 0x00, 0x00, 0x00, 0x00, 0x00, 0x00, 0x00,
};

const uint8_t bitmap_mlb_tex_layer_3[] PROGMEM = {
  0x00, 0x00, 0x00, 0x00, 0x00, 0x00, 0x00, 0x00, 0x00, 0x00, 0x00, 0x00,
  0x00, 0x00, 0x00, 0x00, 0x00, 0x30, 0x20, 0x00, 0x00, 0x00, 0x00, 0x00,
  0x00, 0x00, 0x00, 0x00, 0x00, 0x00, 0x00, 0x00, 0x00, 0x00, 0x00, 0x00,
  0x00, 0x00, 0x00, 0x00, 0x00, 0x00, 0x00, 0x00, 0x00, 0x00, 0x00, 0x00,
  0x00, 0x00, 0x00, 0x00, 0x00, 0x00, 0x00, 0x00, 0x00, 0x00, 0x20, 0x00,
  0x00, 0x00, 0x00, 0x00, 0x00, 0x00, 0x00, 0x00, 0x00, 0x00, 0x00, 0x00,
  0x00, 0x00, 0x00, 0x00, 0x00, 0x00, 0x00, 0x00, 0x00, 0x00, 0x00, 0x00,
  0x00, 0x00, 0x00, 0x00, 0x00, 0x00, 0x00, 0x00, 0x00, 0x00, 0x00, 0x00,
  0x00, 0x00, 0x20, 0x00, 0x00, 0x00, 0x00, 0x00, 0x00, 0x00, 0x00, 0x00,
  0x00, 0x00, 0x00, 0x00, 0x00, 0x00, 0x00, 0x00, 0x00, 0x00, 0x00, 0x00,
  0x00, 0x00, 0x00, 0x00, 0x00, 0x00, 0x00, 0x00,
};

const uint8_t bitmap_mlb_tex_layer_4[] PROGMEM = {
  0x00, 0x00, 0x00, 0x00, 0x00, 0x00, 0x00, 0x00, 0x00, 0x00, 0x00, 0x00,
  0x00, 0x00, 0x00, 0x00, 0x00, 0x00, 0x18, 0x00, 0x00, 0x00, 0x00, 0x00,
  0x00, 0x00, 0x00, 0x00, 0x00, 0x00, 0x00, 0x00, 0x00, 0x00, 0x00, 0x00,
  0x00, 0x00, 0x00, 0x00, 0x00, 0x00, 0x00, 0x00, 0x00, 0x00, 0x00, 0x00,
  0x00, 0x00, 0x00, 0x00, 0x00, 0x00, 0x00, 0x00, 0x00, 0x00, 0x00, 0x00,
  0x00, 0x00, 0x00, 0x00, 0x00, 0x00, 0x00, 0x00, 0x00, 0x00, 0x00, 0x00,
  0x00, 0x00, 0x00, 0x00, 0x00, 0x00, 0x00, 0x00, 0x00, 0x00, 0x00, 0x00,
  0x00, 0x00, 0x00, 0x00, 0x00, 0x00, 0x00, 0x00, 0x00, 0x00, 0x00, 0x00,
  0x00, 0x00, 0x00, 0x00, 0x00, 0x00, 0x00, 0x00, 0x00, 0x00, 0x00, 0x00,
  0x00, 0x00, 0x00, 0x00, 0x00, 0x00, 0x00, 0x00, 0x00, 0x00, 0x00, 0x00,
  0x00, 0x00, 0x00, 0x00, 0x00, 0x00, 0x00, 0x00,
};

const SportsLogoLayerDef layers_mlb_tex[] = {
  { bitmap_mlb_tex_layer_0, 224, 9, 25 },
  { bitmap_mlb_tex_layer_1, 2, 48, 129 },
  { bitmap_mlb_tex_layer_2, 240, 9, 24 },
  { bitmap_mlb_tex_layer_3, 90, 34, 92 },
  { bitmap_mlb_tex_layer_4, 174, 18, 49 },
};

const uint8_t bitmap_mlb_tor_layer_0[] PROGMEM = {
  0x00, 0x00, 0x00, 0x00, 0x00, 0x00, 0x00, 0x00, 0x00, 0x00, 0x00, 0x00,
  0x00, 0x00, 0x00, 0x40, 0x00, 0x00, 0x00, 0xE0, 0x00, 0x00, 0x03, 0x20,
  0x00, 0x00, 0x1C, 0x20, 0x00, 0x03, 0xC0, 0x20, 0x00, 0x30, 0x00, 0x20,
  0x00, 0x40, 0x00, 0x20, 0x00, 0x80, 0x00, 0x20, 0x06, 0x3E, 0x00, 0x10,
  0x30, 0x01, 0x00, 0x20, 0x40, 0x00, 0x00, 0x02, 0x40, 0xF7, 0xE0, 0x02,
  0x30, 0x7F, 0xF0, 0x04, 0x07, 0x1F, 0xF0, 0x08, 0x00, 0x47, 0xE0, 0x10,
  0x00, 0x23, 0xE1, 0xF0, 0x00, 0x11, 0xE2, 0x00, 0x00, 0x08, 0xE4, 0x00,
  0x00, 0x08, 0x48, 0x00, 0x00, 0x04, 0x18, 0x00, 0x00, 0x02, 0x10, 0x00,
  0x00, 0x02, 0x20, 0x00, 0x00, 0x02, 0x40, 0x00, 0x00, 0x01, 0x40, 0x00,
  0x00, 0x01, 0x80, 0x00, 0x00, 0x00, 0x80, 0x00, 0x00, 0x00, 0x00, 0x00,
  0x00, 0x00, 0x00, 0x00, 0x00, 0x00, 0x00, 0x00,
};

const uint8_t bitmap_mlb_tor_layer_1[] PROGMEM = {
  0x00, 0x00, 0x00, 0x00, 0x00, 0x00, 0x00, 0x00, 0x00, 0x00, 0x00, 0x00,
  0x00, 0x00, 0x00, 0x00, 0x00, 0x00, 0x00, 0x00, 0x00, 0x00, 0x00, 0xC0,
  0x00, 0x00, 0x02, 0x40, 0x00, 0x00, 0x38, 0x40, 0x00, 0x0F, 0x00, 0x80,
  0x00, 0x20, 0x01, 0x40, 0x00, 0x5C, 0x02, 0x40, 0x01, 0x81, 0x06, 0x00,
  0x0C, 0x72, 0xFE, 0x04, 0x20, 0x63, 0xE0, 0x00, 0x23, 0x08, 0x00, 0x00,
  0x0C, 0x00, 0x00, 0x00, 0x00, 0xA0, 0x08, 0x00, 0x00, 0x28, 0x14, 0x00,
  0x00, 0x14, 0x02, 0x00, 0x00, 0x08, 0x10, 0x00, 0x00, 0x01, 0x00, 0x00,
  0x00, 0x04, 0x80, 0x00, 0x00, 0x02, 0x40, 0x00, 0x00, 0x00, 0x20, 0x00,
  0x00, 0x01, 0x00, 0x00, 0x00, 0x01, 0x00, 0x00, 0x00, 0x00, 0x80, 0x00,
  0x00, 0x00, 0x00, 0x00, 0x00, 0x00, 0x00, 0x00, 0x00, 0x00, 0x00, 0x00,
  0x00, 0x00, 0x00, 0x00, 0x00, 0x00, 0x00, 0x00,
};

const uint8_t bitmap_mlb_tor_layer_2[] PROGMEM = {
  0x00, 0x00, 0x00, 0x00, 0x00, 0x00, 0x00, 0x00, 0x00, 0x00, 0x00, 0x00,
  0x00, 0x00, 0x00, 0x00, 0x00, 0x00, 0x00, 0x00, 0x00, 0x00, 0x00, 0x00,
  0x00, 0x00, 0x00, 0x00, 0x00, 0x00, 0x00, 0x00, 0x00, 0x00, 0x00, 0x00,
  0x00, 0x00, 0x00, 0x80, 0x00, 0x00, 0x01, 0x80, 0x00, 0x00, 0x01, 0xE0,
  0x00, 0x00, 0x01, 0xD8, 0x00, 0x00, 0x1F, 0xFC, 0x00, 0x00, 0x1F, 0xFC,
  0x00, 0x00, 0x0F, 0xF8, 0x00, 0x00, 0x07, 0xF0, 0x00, 0x00, 0x03, 0xE0,
  0x00, 0x00, 0x00, 0x00, 0x00, 0x00, 0x00, 0x00, 0x00, 0x00, 0x00, 0x00,
  0x00, 0x00, 0x00, 0x00, 0x00, 0x00, 0x00, 0x00, 0x00, 0x00, 0x00, 0x00,
  0x00, 0x00, 0x00, 0x00, 0x00, 0x00, 0x00, 0x00, 0x00, 0x00, 0x00, 0x00,
  0x00, 0x00, 0x00, 0x00, 0x00, 0x00, 0x00, 0x00, 0x00, 0x00, 0x00, 0x00,
  0x00, 0x00, 0x00, 0x00, 0x00, 0x00, 0x00, 0x00,
};

const uint8_t bitmap_mlb_tor_layer_3[] PROGMEM = {
  0x00, 0x00, 0x00, 0x00, 0x00, 0x00, 0x00, 0x00, 0x00, 0x00, 0x00, 0x00,
  0x00, 0x00, 0x00, 0x00, 0x00, 0x00, 0x00, 0x00, 0x00, 0x00, 0x00, 0x00,
  0x00, 0x00, 0x00, 0x00, 0x00, 0x00, 0x00, 0x00, 0x00, 0x00, 0x00, 0x00,
  0x00, 0x00, 0x00, 0x00, 0x00, 0x00, 0x00, 0x00, 0x00, 0x00, 0x00, 0x00,
  0x03, 0x8C, 0x00, 0x00, 0x1F, 0x9C, 0x00, 0x00, 0x1C, 0x00, 0x00, 0x00,
  0x03, 0x80, 0x00, 0x00, 0x00, 0x40, 0x00, 0x00, 0x00, 0x10, 0x08, 0x00,
  0x00, 0x08, 0x1C, 0x00, 0x00, 0x06, 0x0C, 0x00, 0x00, 0x06, 0x18, 0x00,
  0x00, 0x03, 0x30, 0x00, 0x00, 0x01, 0xA0, 0x00, 0x00, 0x01, 0xC0, 0x00,
  0x00, 0x00, 0xC0, 0x00, 0x00, 0x00, 0x80, 0x00, 0x00, 0x00, 0x00, 0x00,
  0x00, 0x00, 0x00, 0x00, 0x00, 0x00, 0x00, 0x00, 0x00, 0x00, 0x00, 0x00,
  0x00, 0x00, 0x00, 0x00, 0x00, 0x00, 0x00, 0x00,
};

const uint8_t bitmap_mlb_tor_layer_4[] PROGMEM = {
  0x00, 0x00, 0x00, 0x00, 0x00, 0x00, 0x00, 0x00, 0x00, 0x00, 0x00, 0x00,
  0x00, 0x00, 0x00, 0x00, 0x00, 0x00, 0x00, 0x00, 0x00, 0x00, 0x00, 0x00,
  0x00, 0x00, 0x01, 0x80, 0x00, 0x00, 0x07, 0x80, 0x00, 0x00, 0xFF, 0x40,
  0x00, 0x1F, 0xFE, 0x00, 0x00, 0x23, 0xFC, 0x00, 0x00, 0x40, 0xF8, 0x00,
  0x00, 0x00, 0x00, 0x00, 0x00, 0x00, 0x00, 0x00, 0x00, 0x00, 0x00, 0x00,
  0x00, 0x00, 0x00, 0x00, 0x00, 0x00, 0x00, 0x00, 0x00, 0x00, 0x00, 0x00,
  0x00, 0x00, 0x00, 0x00, 0x00, 0x00, 0x00, 0x00, 0x00, 0x00, 0x00, 0x00,
  0x00, 0x00, 0x00, 0x00, 0x00, 0x00, 0x00, 0x00, 0x00, 0x00, 0x00, 0x00,
  0x00, 0x00, 0x00, 0x00, 0x00, 0x00, 0x00, 0x00, 0x00, 0x00, 0x00, 0x00,
  0x00, 0x00, 0x00, 0x00, 0x00, 0x00, 0x00, 0x00, 0x00, 0x00, 0x00, 0x00,
  0x00, 0x00, 0x00, 0x00, 0x00, 0x00, 0x00, 0x00,
};

const SportsLogoLayerDef layers_mlb_tor[] = {
  { bitmap_mlb_tor_layer_0, 255, 255, 255 },
  { bitmap_mlb_tor_layer_1, 140, 146, 176 },
  { bitmap_mlb_tor_layer_2, 249, 24, 62 },
  { bitmap_mlb_tor_layer_3, 42, 57, 102 },
  { bitmap_mlb_tor_layer_4, 10, 75, 147 },
};

const uint8_t bitmap_mlb_wsh_layer_0[] PROGMEM = {
  0x00, 0x00, 0x00, 0x00, 0x00, 0x00, 0x00, 0x00, 0x00, 0x00, 0x00, 0x60,
  0x00, 0x00, 0x00, 0x70, 0x00, 0x00, 0x00, 0x38, 0x00, 0x00, 0x00, 0x18,
  0x00, 0x7C, 0x08, 0x08, 0x03, 0xF8, 0x3E, 0x0C, 0x07, 0xF0, 0x7E, 0x0C,
  0x0E, 0x10, 0xC7, 0x0C, 0x18, 0x20, 0xC3, 0x04, 0x30, 0x20, 0x83, 0x04,
  0x30, 0x61, 0x03, 0x04, 0x30, 0x41, 0x03, 0x0C, 0x38, 0xC1, 0x03, 0x08,
  0x18, 0x81, 0x02, 0x08, 0x00, 0x83, 0x02, 0x08, 0x01, 0x83, 0x06, 0x08,
  0x01, 0x03, 0x04, 0x10, 0x01, 0x01, 0x0C, 0x10, 0x01, 0x01, 0x0C, 0x30,
  0x03, 0x01, 0x08, 0x20, 0x03, 0x01, 0x90, 0x60, 0x03, 0x00, 0xB0, 0xC0,
  0x03, 0x00, 0xE1, 0x80, 0x01, 0x00, 0x77, 0x00, 0x01, 0x80, 0x9E, 0x00,
  0x01, 0xC3, 0x00, 0x00, 0x00, 0xFE, 0x00, 0x00, 0x00, 0x38, 0x00, 0x00,
  0x00, 0x00, 0x00, 0x00, 0x00, 0x00, 0x00, 0x00,
};

const uint8_t bitmap_mlb_wsh_layer_1[] PROGMEM = {
  0x00, 0x00, 0x00, 0x00, 0x00, 0x00, 0x00, 0x90, 0x00, 0x00, 0x01, 0x00,
  0x00, 0x00, 0x01, 0x04, 0x00, 0x1F, 0x01, 0x80, 0x01, 0x81, 0x36, 0x42,
  0x04, 0x00, 0x41, 0x22, 0x08, 0x02, 0x80, 0x20, 0x00, 0x05, 0x00, 0x80,
  0x20, 0x04, 0x00, 0x10, 0x41, 0x4A, 0x18, 0x10, 0x04, 0x8A, 0x20, 0x10,
  0x08, 0x00, 0x40, 0x10, 0x01, 0x14, 0x40, 0x10, 0x02, 0x04, 0x08, 0x02,
  0x42, 0x24, 0x08, 0x82, 0x22, 0x20, 0x08, 0xA2, 0x08, 0x00, 0x00, 0x20,
  0x00, 0x40, 0x11, 0x04, 0x04, 0x44, 0x01, 0x44, 0x04, 0x44, 0x22, 0x00,
  0x00, 0x04, 0x42, 0x88, 0x00, 0x00, 0x05, 0x00, 0x00, 0x02, 0x02, 0x10,
  0x00, 0x00, 0x08, 0x20, 0x04, 0x41, 0x00, 0x00, 0x04, 0x24, 0x00, 0x80,
  0x00, 0x00, 0x21, 0x00, 0x02, 0x00, 0x80, 0x00, 0x01, 0x01, 0x00, 0x00,
  0x00, 0xC6, 0x00, 0x00, 0x00, 0x00, 0x00, 0x00,
};

const uint8_t bitmap_mlb_wsh_layer_2[] PROGMEM = {
  0x00, 0x00, 0x00, 0x00, 0x00, 0x00, 0x00, 0x60, 0x00, 0x00, 0x00, 0x08,
  0x00, 0x00, 0x00, 0x00, 0x00, 0x00, 0x00, 0x04, 0x00, 0x40, 0x08, 0x00,
  0x02, 0x02, 0x02, 0x00, 0x00, 0x00, 0x01, 0x02, 0x10, 0x00, 0x00, 0x12,
  0x00, 0x41, 0x00, 0x82, 0x02, 0x00, 0x20, 0x82, 0x40, 0x00, 0x04, 0x02,
  0x40, 0x92, 0x04, 0x82, 0x44, 0x00, 0x00, 0x82, 0x41, 0x20, 0x00, 0x90,
  0x00, 0x00, 0x80, 0x10, 0x04, 0x04, 0x80, 0x00, 0x02, 0x44, 0x89, 0x04,
  0x00, 0x04, 0x80, 0x20, 0x00, 0x00, 0x90, 0x00, 0x00, 0x00, 0x00, 0x48,
  0x04, 0x00, 0x20, 0x00, 0x04, 0x82, 0x40, 0x10, 0x04, 0x80, 0x08, 0x00,
  0x04, 0x01, 0x04, 0x00, 0x00, 0x00, 0x00, 0x40, 0x00, 0x42, 0x00, 0x00,
  0x02, 0x18, 0x56, 0x00, 0x00, 0x00, 0x00, 0x00, 0x00, 0x00, 0x00, 0x00,
  0x00, 0x38, 0x00, 0x00, 0x00, 0x00, 0x00, 0x00,
};

const uint8_t bitmap_mlb_wsh_layer_3[] PROGMEM = {
  0x00, 0x00, 0x00, 0x00, 0x00, 0x00, 0x00, 0x00, 0x00, 0x00, 0x00, 0x80,
  0x00, 0x00, 0x00, 0x00, 0x00, 0x00, 0x00, 0x40, 0x00, 0x3A, 0x00, 0x20,
  0x01, 0x00, 0x20, 0x00, 0x04, 0x04, 0x40, 0x10, 0x00, 0x00, 0x80, 0x00,
  0x00, 0xA8, 0x18, 0x00, 0x20, 0x01, 0x04, 0x00, 0x00, 0x50, 0x40, 0x80,
  0x00, 0x00, 0x00, 0x00, 0x00, 0xA2, 0x84, 0x00, 0x00, 0x00, 0x84, 0x00,
  0x21, 0x00, 0x00, 0x00, 0x18, 0x40, 0x01, 0x14, 0x00, 0x00, 0x00, 0x00,
  0x02, 0x00, 0x08, 0x00, 0x00, 0x00, 0x02, 0x28, 0x00, 0x80, 0x90, 0x00,
  0x00, 0x82, 0x04, 0x00, 0x00, 0x00, 0x20, 0x80, 0x00, 0x00, 0x01, 0x20,
  0x00, 0x80, 0x02, 0x00, 0x00, 0x80, 0x00, 0x00, 0x00, 0x00, 0x01, 0x00,
  0x00, 0x24, 0x08, 0x00, 0x01, 0x00, 0x00, 0x00, 0x00, 0x82, 0x00, 0x00,
  0x00, 0x00, 0x00, 0x00, 0x00, 0x00, 0x00, 0x00,
};

const uint8_t bitmap_mlb_wsh_layer_4[] PROGMEM = {
  0x00, 0x00, 0x00, 0x00, 0x00, 0x00, 0x00, 0x00, 0x00, 0x00, 0x00, 0x10,
  0x00, 0x00, 0x00, 0x88, 0x00, 0x00, 0x00, 0x00, 0x00, 0x04, 0x00, 0x04,
  0x00, 0x80, 0x14, 0x14, 0x00, 0x00, 0x00, 0x00, 0x08, 0x08, 0x01, 0x00,
  0x11, 0x00, 0x20, 0x00, 0x04, 0x10, 0x00, 0x08, 0x08, 0x01, 0x00, 0x08,
  0x00, 0x00, 0x80, 0x08, 0x08, 0x00, 0x00, 0x00, 0x04, 0x02, 0x00, 0x04,
  0x04, 0x42, 0x05, 0x04, 0x01, 0x00, 0x04, 0x00, 0x00, 0x00, 0x00, 0x10,
  0x00, 0x80, 0x02, 0x08, 0x02, 0x82, 0x00, 0x00, 0x02, 0x02, 0x00, 0x00,
  0x00, 0x00, 0x90, 0x50, 0x00, 0x00, 0x08, 0x00, 0x00, 0x01, 0x40, 0x00,
  0x00, 0x00, 0x10, 0x40, 0x02, 0x00, 0x88, 0x80, 0x02, 0x01, 0x60, 0x00,
  0x00, 0x00, 0x80, 0x00, 0x00, 0x01, 0x00, 0x00, 0x00, 0x44, 0x00, 0x00,
  0x00, 0x00, 0x00, 0x00, 0x00, 0x00, 0x00, 0x00,
};

const SportsLogoLayerDef layers_mlb_wsh[] = {
  { bitmap_mlb_wsh_layer_0, 210, 0, 1 },
  { bitmap_mlb_wsh_layer_1, 10, 30, 96 },
  { bitmap_mlb_wsh_layer_2, 56, 21, 68 },
  { bitmap_mlb_wsh_layer_3, 113, 15, 46 },
  { bitmap_mlb_wsh_layer_4, 171, 7, 21 },
};

}  // namespace

const SportsLogoDef SPORTS_LOGOS[] = {
  { "nhl", "ANA", 32, 32, 5, layers_nhl_ana },
  { "nhl", "BOS", 32, 32, 5, layers_nhl_bos },
  { "nhl", "BUF", 32, 32, 5, layers_nhl_buf },
  { "nhl", "CAR", 32, 32, 5, layers_nhl_car },
  { "nhl", "CBJ", 32, 32, 5, layers_nhl_cbj },
  { "nhl", "CGY", 32, 32, 5, layers_nhl_cgy },
  { "nhl", "CHI", 32, 32, 5, layers_nhl_chi },
  { "nhl", "COL", 32, 32, 5, layers_nhl_col },
  { "nhl", "DAL", 32, 32, 5, layers_nhl_dal },
  { "nhl", "DET", 32, 32, 5, layers_nhl_det },
  { "nhl", "EDM", 32, 32, 5, layers_nhl_edm },
  { "nhl", "FLA", 32, 32, 5, layers_nhl_fla },
  { "nhl", "LA", 32, 32, 5, layers_nhl_la },
  { "nhl", "MIN", 32, 32, 5, layers_nhl_min },
  { "nhl", "MTL", 32, 32, 5, layers_nhl_mtl },
  { "nhl", "NJ", 32, 32, 5, layers_nhl_nj },
  { "nhl", "NSH", 32, 32, 5, layers_nhl_nsh },
  { "nhl", "NYI", 32, 32, 5, layers_nhl_nyi },
  { "nhl", "NYR", 32, 32, 5, layers_nhl_nyr },
  { "nhl", "OTT", 32, 32, 5, layers_nhl_ott },
  { "nhl", "PHI", 32, 32, 5, layers_nhl_phi },
  { "nhl", "PIT", 32, 32, 5, layers_nhl_pit },
  { "nhl", "SEA", 32, 32, 5, layers_nhl_sea },
  { "nhl", "SJ", 32, 32, 5, layers_nhl_sj },
  { "nhl", "STL", 32, 32, 5, layers_nhl_stl },
  { "nhl", "TB", 32, 32, 1, layers_nhl_tb },
  { "nhl", "TOR", 32, 32, 5, layers_nhl_tor },
  { "nhl", "UTAH", 32, 32, 5, layers_nhl_utah },
  { "nhl", "VAN", 32, 32, 5, layers_nhl_van },
  { "nhl", "VGK", 32, 32, 5, layers_nhl_vgk },
  { "nhl", "WPG", 32, 32, 5, layers_nhl_wpg },
  { "nhl", "WSH", 32, 32, 2, layers_nhl_wsh },
  { "nfl", "ARI", 32, 32, 5, layers_nfl_ari },
  { "nfl", "ATL", 32, 32, 5, layers_nfl_atl },
  { "nfl", "BAL", 32, 32, 5, layers_nfl_bal },
  { "nfl", "BUF", 32, 32, 5, layers_nfl_buf },
  { "nfl", "CAR", 32, 32, 5, layers_nfl_car },
  { "nfl", "CHI", 32, 32, 5, layers_nfl_chi },
  { "nfl", "CIN", 32, 32, 5, layers_nfl_cin },
  { "nfl", "CLE", 32, 32, 5, layers_nfl_cle },
  { "nfl", "DAL", 32, 32, 5, layers_nfl_dal },
  { "nfl", "DEN", 32, 32, 5, layers_nfl_den },
  { "nfl", "DET", 32, 32, 5, layers_nfl_det },
  { "nfl", "GB", 32, 32, 5, layers_nfl_gb },
  { "nfl", "HOU", 32, 32, 5, layers_nfl_hou },
  { "nfl", "IND", 32, 32, 5, layers_nfl_ind },
  { "nfl", "JAX", 32, 32, 5, layers_nfl_jax },
  { "nfl", "KC", 32, 32, 5, layers_nfl_kc },
  { "nfl", "LAC", 32, 32, 5, layers_nfl_lac },
  { "nfl", "LAR", 32, 32, 2, layers_nfl_lar },
  { "nfl", "LV", 32, 32, 5, layers_nfl_lv },
  { "nfl", "MIA", 32, 32, 5, layers_nfl_mia },
  { "nfl", "MIN", 32, 32, 5, layers_nfl_min },
  { "nfl", "NE", 32, 32, 5, layers_nfl_ne },
  { "nfl", "NO", 32, 32, 5, layers_nfl_no },
  { "nfl", "NYG", 32, 32, 1, layers_nfl_nyg },
  { "nfl", "NYJ", 32, 32, 2, layers_nfl_nyj },
  { "nfl", "PHI", 32, 32, 5, layers_nfl_phi },
  { "nfl", "PIT", 32, 32, 5, layers_nfl_pit },
  { "nfl", "SEA", 32, 32, 5, layers_nfl_sea },
  { "nfl", "SF", 32, 32, 5, layers_nfl_sf },
  { "nfl", "TB", 32, 32, 5, layers_nfl_tb },
  { "nfl", "TEN", 32, 32, 5, layers_nfl_ten },
  { "nfl", "WSH", 32, 32, 5, layers_nfl_wsh },
  { "nba", "ATL", 32, 32, 5, layers_nba_atl },
  { "nba", "BKN", 32, 32, 5, layers_nba_bkn },
  { "nba", "BOS", 32, 32, 5, layers_nba_bos },
  { "nba", "CHA", 32, 32, 5, layers_nba_cha },
  { "nba", "CHI", 32, 32, 5, layers_nba_chi },
  { "nba", "CLE", 32, 32, 5, layers_nba_cle },
  { "nba", "DAL", 32, 32, 5, layers_nba_dal },
  { "nba", "DEN", 32, 32, 5, layers_nba_den },
  { "nba", "DET", 32, 32, 5, layers_nba_det },
  { "nba", "GS", 32, 32, 5, layers_nba_gs },
  { "nba", "HOU", 32, 32, 5, layers_nba_hou },
  { "nba", "IND", 32, 32, 5, layers_nba_ind },
  { "nba", "LAC", 32, 32, 5, layers_nba_lac },
  { "nba", "LAL", 32, 32, 5, layers_nba_lal },
  { "nba", "MEM", 32, 32, 5, layers_nba_mem },
  { "nba", "MIA", 32, 32, 5, layers_nba_mia },
  { "nba", "MIL", 32, 32, 5, layers_nba_mil },
  { "nba", "MIN", 32, 32, 5, layers_nba_min },
  { "nba", "NO", 32, 32, 5, layers_nba_no },
  { "nba", "NY", 32, 32, 5, layers_nba_ny },
  { "nba", "OKC", 32, 32, 5, layers_nba_okc },
  { "nba", "ORL", 32, 32, 5, layers_nba_orl },
  { "nba", "PHI", 32, 32, 3, layers_nba_phi },
  { "nba", "PHX", 32, 32, 5, layers_nba_phx },
  { "nba", "POR", 32, 32, 5, layers_nba_por },
  { "nba", "SA", 32, 32, 5, layers_nba_sa },
  { "nba", "SAC", 32, 32, 5, layers_nba_sac },
  { "nba", "TOR", 32, 32, 1, layers_nba_tor },
  { "nba", "UTAH", 32, 32, 1, layers_nba_utah },
  { "nba", "WSH", 32, 32, 5, layers_nba_wsh },
  { "mlb", "ARI", 32, 32, 5, layers_mlb_ari },
  { "mlb", "ATH", 32, 32, 5, layers_mlb_ath },
  { "mlb", "ATL", 32, 32, 5, layers_mlb_atl },
  { "mlb", "BAL", 32, 32, 5, layers_mlb_bal },
  { "mlb", "BOS", 32, 32, 5, layers_mlb_bos },
  { "mlb", "CHC", 32, 32, 5, layers_mlb_chc },
  { "mlb", "CHW", 32, 32, 5, layers_mlb_chw },
  { "mlb", "CIN", 32, 32, 5, layers_mlb_cin },
  { "mlb", "CLE", 32, 32, 5, layers_mlb_cle },
  { "mlb", "COL", 32, 32, 5, layers_mlb_col },
  { "mlb", "DET", 32, 32, 5, layers_mlb_det },
  { "mlb", "HOU", 32, 32, 5, layers_mlb_hou },
  { "mlb", "KC", 32, 32, 1, layers_mlb_kc },
  { "mlb", "LAA", 32, 32, 5, layers_mlb_laa },
  { "mlb", "LAD", 32, 32, 1, layers_mlb_lad },
  { "mlb", "MIA", 32, 32, 5, layers_mlb_mia },
  { "mlb", "MIL", 32, 32, 5, layers_mlb_mil },
  { "mlb", "MIN", 32, 32, 5, layers_mlb_min },
  { "mlb", "NYM", 32, 32, 5, layers_mlb_nym },
  { "mlb", "NYY", 32, 32, 1, layers_mlb_nyy },
  { "mlb", "PHI", 32, 32, 1, layers_mlb_phi },
  { "mlb", "PIT", 32, 32, 1, layers_mlb_pit },
  { "mlb", "SD", 32, 32, 1, layers_mlb_sd },
  { "mlb", "SEA", 32, 32, 5, layers_mlb_sea },
  { "mlb", "SF", 32, 32, 1, layers_mlb_sf },
  { "mlb", "STL", 32, 32, 3, layers_mlb_stl },
  { "mlb", "TB", 32, 32, 5, layers_mlb_tb },
  { "mlb", "TEX", 32, 32, 5, layers_mlb_tex },
  { "mlb", "TOR", 32, 32, 5, layers_mlb_tor },
  { "mlb", "WSH", 32, 32, 5, layers_mlb_wsh },
};

const size_t SPORTS_LOGO_COUNT = sizeof(SPORTS_LOGOS) / sizeof(SPORTS_LOGOS[0]);
